<?xml version="1.0" encoding="UTF-8"?>
<!DOCTYPE mapper PUBLIC "-//mybatis.org//DTD Mapper 3.0//EN" "http://mybatis.org/dtd/mybatis-3-mapper.dtd">
<mapper namespace="com.zng.mapper.TAchievementMapper">
  <resultMap id="BaseResultMap" type="com.zng.model.TAchievement">
    <id column="id" jdbcType="VARCHAR" property="id" />
    <result column="zng" jdbcType="DECIMAL" property="zng" />
    <result column="achievement_today_zng" jdbcType="VARCHAR" property="achievementTodayZng" />
    <result column="certification_value" jdbcType="DECIMAL" property="certificationValue" />
    <result column="regiment" jdbcType="VARCHAR" property="regiment" />
    <result column="regiment_user" jdbcType="VARCHAR" property="regimentUser" />
    <result column="tontru_invitation" jdbcType="VARCHAR" property="tontruInvitation" />
    <result column="second_invitation" jdbcType="VARCHAR" property="secondInvitation" />
    <result column="team_performance_zng" jdbcType="DECIMAL" property="teamPerformanceZng" />
    <result column="state" jdbcType="VARCHAR" property="state" />
    <result column="create_time" jdbcType="VARCHAR" property="createTime" />
    <result column="update_time" jdbcType="VARCHAR" property="updateTime" />
    <result column="login_id" jdbcType="VARCHAR" property="loginId" />
    <result column="bond" jdbcType="VARCHAR" property="bond" />
    <result column="region_id" jdbcType="VARCHAR" property="regionId" />
    <result column="token_state" jdbcType="VARCHAR" property="tokenState" />
    <result column="dicision" jdbcType="INTEGER" property="dicision" />
    <result column="score" jdbcType="INTEGER" property="score" />
    <result column="denominator_day" jdbcType="INTEGER" property="denominatorDay" />
    <result column="numerator_sum" jdbcType="DECIMAL" property="numeratorSum" />
    <result column="remain_days" jdbcType="INTEGER" property="remainDays" />
    <result column="score_days" jdbcType="INTEGER" property="scoreDays" />
    <result column="upfive_days" jdbcType="INTEGER" property="upfiveDays" />
    <result column="first" jdbcType="INTEGER" property="first" />
    <result column="my_performance" jdbcType="DECIMAL" property="myPerformance" />
    <result column="all_performance" jdbcType="DECIMAL" property="allPerformance" />
    <result column="all_new_performance" jdbcType="DECIMAL" property="allNewPerformance" />
    <result column="my_num" jdbcType="INTEGER" property="myNum" />
    <result column="all_num" jdbcType="INTEGER" property="allNum" />
    <result column="total_sum" jdbcType="DOUBLE" property="totalSum" />
    <result column="my_new_performance" jdbcType="DECIMAL" property="myNewPerformance" />
  </resultMap>
  <sql id="Base_Column_List">
    id, zng, achievement_today_zng, certification_value, regiment, regiment_user, tontru_invitation, 
    second_invitation, team_performance_zng, state, create_time, update_time, login_id, 
    bond, region_id, token_state, dicision, score, denominator_day, numerator_sum, remain_days, 
    score_days, upfive_days, first, my_performance, all_performance, all_new_performance, 
    my_num, all_num, total_sum, my_new_performance
  </sql>
  <select id="selectByPrimaryKey" parameterType="java.lang.String" resultMap="BaseResultMap">
    select 
    <include refid="Base_Column_List" />
    from t_achievement
    where id = #{id,jdbcType=VARCHAR}
  </select>
  <delete id="deleteByPrimaryKey" parameterType="java.lang.String">
    delete from t_achievement
    where id = #{id,jdbcType=VARCHAR}
  </delete>
  <insert id="insert" parameterType="com.zng.model.TAchievement">
    insert into t_achievement (id, zng, achievement_today_zng, 
      certification_value, regiment, regiment_user, 
      tontru_invitation, second_invitation, team_performance_zng, 
      state, create_time, update_time, 
      login_id, bond, region_id, 
      token_state, dicision, score, 
      denominator_day, numerator_sum, remain_days, 
      score_days, upfive_days, first, 
      my_performance, all_performance, all_new_performance, 
      my_num, all_num, total_sum, 
      my_new_performance)
    values (#{id,jdbcType=VARCHAR}, #{zng,jdbcType=DECIMAL}, #{achievementTodayZng,jdbcType=VARCHAR}, 
      #{certificationValue,jdbcType=DECIMAL}, #{regiment,jdbcType=VARCHAR}, #{regimentUser,jdbcType=VARCHAR}, 
      #{tontruInvitation,jdbcType=VARCHAR}, #{secondInvitation,jdbcType=VARCHAR}, #{teamPerformanceZng,jdbcType=DECIMAL}, 
      #{state,jdbcType=VARCHAR}, #{createTime,jdbcType=VARCHAR}, #{updateTime,jdbcType=VARCHAR}, 
      #{loginId,jdbcType=VARCHAR}, #{bond,jdbcType=VARCHAR}, #{regionId,jdbcType=VARCHAR}, 
      #{tokenState,jdbcType=VARCHAR}, #{dicision,jdbcType=INTEGER}, #{score,jdbcType=INTEGER}, 
      #{denominatorDay,jdbcType=INTEGER}, #{numeratorSum,jdbcType=DECIMAL}, #{remainDays,jdbcType=INTEGER}, 
      #{scoreDays,jdbcType=INTEGER}, #{upfiveDays,jdbcType=INTEGER}, #{first,jdbcType=INTEGER}, 
      #{myPerformance,jdbcType=DECIMAL}, #{allPerformance,jdbcType=DECIMAL}, #{allNewPerformance,jdbcType=DECIMAL}, 
      #{myNum,jdbcType=INTEGER}, #{allNum,jdbcType=INTEGER}, #{totalSum,jdbcType=DOUBLE}, 
      #{myNewPerformance,jdbcType=DECIMAL})
  </insert>
  <insert id="insertSelective" parameterType="com.zng.model.TAchievement">
    insert into t_achievement
    <trim prefix="(" suffix=")" suffixOverrides=",">
      <if test="id != null">
        id,
      </if>
      <if test="zng != null">
        zng,
      </if>
      <if test="achievementTodayZng != null">
        achievement_today_zng,
      </if>
      <if test="certificationValue != null">
        certification_value,
      </if>
      <if test="regiment != null">
        regiment,
      </if>
      <if test="regimentUser != null">
        regiment_user,
      </if>
      <if test="tontruInvitation != null">
        tontru_invitation,
      </if>
      <if test="secondInvitation != null">
        second_invitation,
      </if>
      <if test="teamPerformanceZng != null">
        team_performance_zng,
      </if>
      <if test="state != null">
        state,
      </if>
      <if test="createTime != null">
        create_time,
      </if>
      <if test="updateTime != null">
        update_time,
      </if>
      <if test="loginId != null">
        login_id,
      </if>
      <if test="bond != null">
        bond,
      </if>
      <if test="regionId != null">
        region_id,
      </if>
      <if test="tokenState != null">
        token_state,
      </if>
      <if test="dicision != null">
        dicision,
      </if>
      <if test="score != null">
        score,
      </if>
      <if test="denominatorDay != null">
        denominator_day,
      </if>
      <if test="numeratorSum != null">
        numerator_sum,
      </if>
      <if test="remainDays != null">
        remain_days,
      </if>
      <if test="scoreDays != null">
        score_days,
      </if>
      <if test="upfiveDays != null">
        upfive_days,
      </if>
      <if test="first != null">
        first,
      </if>
      <if test="myPerformance != null">
        my_performance,
      </if>
      <if test="allPerformance != null">
        all_performance,
      </if>
      <if test="allNewPerformance != null">
        all_new_performance,
      </if>
      <if test="myNum != null">
        my_num,
      </if>
      <if test="allNum != null">
        all_num,
      </if>
      <if test="totalSum != null">
        total_sum,
      </if>
      <if test="myNewPerformance != null">
        my_new_performance,
      </if>
    </trim>
    <trim prefix="values (" suffix=")" suffixOverrides=",">
      <if test="id != null">
        #{id,jdbcType=VARCHAR},
      </if>
      <if test="zng != null">
        #{zng,jdbcType=DECIMAL},
      </if>
      <if test="achievementTodayZng != null">
        #{achievementTodayZng,jdbcType=VARCHAR},
      </if>
      <if test="certificationValue != null">
        #{certificationValue,jdbcType=DECIMAL},
      </if>
      <if test="regiment != null">
        #{regiment,jdbcType=VARCHAR},
      </if>
      <if test="regimentUser != null">
        #{regimentUser,jdbcType=VARCHAR},
      </if>
      <if test="tontruInvitation != null">
        #{tontruInvitation,jdbcType=VARCHAR},
      </if>
      <if test="secondInvitation != null">
        #{secondInvitation,jdbcType=VARCHAR},
      </if>
      <if test="teamPerformanceZng != null">
        #{teamPerformanceZng,jdbcType=DECIMAL},
      </if>
      <if test="state != null">
        #{state,jdbcType=VARCHAR},
      </if>
      <if test="createTime != null">
        #{createTime,jdbcType=VARCHAR},
      </if>
      <if test="updateTime != null">
        #{updateTime,jdbcType=VARCHAR},
      </if>
      <if test="loginId != null">
        #{loginId,jdbcType=VARCHAR},
      </if>
      <if test="bond != null">
        #{bond,jdbcType=VARCHAR},
      </if>
      <if test="regionId != null">
        #{regionId,jdbcType=VARCHAR},
      </if>
      <if test="tokenState != null">
        #{tokenState,jdbcType=VARCHAR},
      </if>
      <if test="dicision != null">
        #{dicision,jdbcType=INTEGER},
      </if>
      <if test="score != null">
        #{score,jdbcType=INTEGER},
      </if>
      <if test="denominatorDay != null">
        #{denominatorDay,jdbcType=INTEGER},
      </if>
      <if test="numeratorSum != null">
        #{numeratorSum,jdbcType=DECIMAL},
      </if>
      <if test="remainDays != null">
        #{remainDays,jdbcType=INTEGER},
      </if>
      <if test="scoreDays != null">
        #{scoreDays,jdbcType=INTEGER},
      </if>
      <if test="upfiveDays != null">
        #{upfiveDays,jdbcType=INTEGER},
      </if>
      <if test="first != null">
        #{first,jdbcType=INTEGER},
      </if>
      <if test="myPerformance != null">
        #{myPerformance,jdbcType=DECIMAL},
      </if>
      <if test="allPerformance != null">
        #{allPerformance,jdbcType=DECIMAL},
      </if>
      <if test="allNewPerformance != null">
        #{allNewPerformance,jdbcType=DECIMAL},
      </if>
      <if test="myNum != null">
        #{myNum,jdbcType=INTEGER},
      </if>
      <if test="allNum != null">
        #{allNum,jdbcType=INTEGER},
      </if>
      <if test="totalSum != null">
        #{totalSum,jdbcType=DOUBLE},
      </if>
      <if test="myNewPerformance != null">
        #{myNewPerformance,jdbcType=DECIMAL},
      </if>
    </trim>
  </insert>
  <update id="updateByPrimaryKeySelective" parameterType="com.zng.model.TAchievement">
    update t_achievement
    <set>
      <if test="zng != null">
        zng = #{zng,jdbcType=DECIMAL},
      </if>
      <if test="achievementTodayZng != null">
        achievement_today_zng = #{achievementTodayZng,jdbcType=VARCHAR},
      </if>
      <if test="certificationValue != null">
        certification_value = #{certificationValue,jdbcType=DECIMAL},
      </if>
      <if test="regiment != null">
        regiment = #{regiment,jdbcType=VARCHAR},
      </if>
      <if test="regimentUser != null">
        regiment_user = #{regimentUser,jdbcType=VARCHAR},
      </if>
      <if test="tontruInvitation != null">
        tontru_invitation = #{tontruInvitation,jdbcType=VARCHAR},
      </if>
      <if test="secondInvitation != null">
        second_invitation = #{secondInvitation,jdbcType=VARCHAR},
      </if>
      <if test="teamPerformanceZng != null">
        team_performance_zng = #{teamPerformanceZng,jdbcType=DECIMAL},
      </if>
      <if test="state != null">
        state = #{state,jdbcType=VARCHAR},
      </if>
      <if test="createTime != null">
        create_time = #{createTime,jdbcType=VARCHAR},
      </if>
      <if test="updateTime != null">
        update_time = #{updateTime,jdbcType=VARCHAR},
      </if>
      <if test="loginId != null">
        login_id = #{loginId,jdbcType=VARCHAR},
      </if>
      <if test="bond != null">
        bond = #{bond,jdbcType=VARCHAR},
      </if>
      <if test="regionId != null">
        region_id = #{regionId,jdbcType=VARCHAR},
      </if>
      <if test="tokenState != null">
        token_state = #{tokenState,jdbcType=VARCHAR},
      </if>
      <if test="dicision != null">
        dicision = #{dicision,jdbcType=INTEGER},
      </if>
      <if test="score != null">
        score = #{score,jdbcType=INTEGER},
      </if>
      <if test="denominatorDay != null">
        denominator_day = #{denominatorDay,jdbcType=INTEGER},
      </if>
      <if test="numeratorSum != null">
        numerator_sum = #{numeratorSum,jdbcType=DECIMAL},
      </if>
      <if test="remainDays != null">
        remain_days = #{remainDays,jdbcType=INTEGER},
      </if>
      <if test="scoreDays != null">
        score_days = #{scoreDays,jdbcType=INTEGER},
      </if>
      <if test="upfiveDays != null">
        upfive_days = #{upfiveDays,jdbcType=INTEGER},
      </if>
      <if test="first != null">
        first = #{first,jdbcType=INTEGER},
      </if>
      <if test="myPerformance != null">
        my_performance = #{myPerformance,jdbcType=DECIMAL},
      </if>
      <if test="allPerformance != null">
        all_performance = #{allPerformance,jdbcType=DECIMAL},
      </if>
      <if test="allNewPerformance != null">
        all_new_performance = #{allNewPerformance,jdbcType=DECIMAL},
      </if>
      <if test="myNum != null">
        my_num = #{myNum,jdbcType=INTEGER},
      </if>
      <if test="allNum != null">
        all_num = #{allNum,jdbcType=INTEGER},
      </if>
      <if test="totalSum != null">
        total_sum = #{totalSum,jdbcType=DOUBLE},
      </if>
      <if test="myNewPerformance != null">
        my_new_performance = #{myNewPerformance,jdbcType=DECIMAL},
      </if>
    </set>
    where id = #{id,jdbcType=VARCHAR}
  </update>
  <update id="updateByPrimaryKey" parameterType="com.zng.model.TAchievement">
    update t_achievement
    set zng = #{zng,jdbcType=DECIMAL},
      achievement_today_zng = #{achievementTodayZng,jdbcType=VARCHAR},
      certification_value = #{certificationValue,jdbcType=DECIMAL},
      regiment = #{regiment,jdbcType=VARCHAR},
      regiment_user = #{regimentUser,jdbcType=VARCHAR},
      tontru_invitation = #{tontruInvitation,jdbcType=VARCHAR},
      second_invitation = #{secondInvitation,jdbcType=VARCHAR},
      team_performance_zng = #{teamPerformanceZng,jdbcType=DECIMAL},
      state = #{state,jdbcType=VARCHAR},
      create_time = #{createTime,jdbcType=VARCHAR},
      update_time = #{updateTime,jdbcType=VARCHAR},
      login_id = #{loginId,jdbcType=VARCHAR},
      bond = #{bond,jdbcType=VARCHAR},
      region_id = #{regionId,jdbcType=VARCHAR},
      token_state = #{tokenState,jdbcType=VARCHAR},
      dicision = #{dicision,jdbcType=INTEGER},
      score = #{score,jdbcType=INTEGER},
      denominator_day = #{denominatorDay,jdbcType=INTEGER},
      numerator_sum = #{numeratorSum,jdbcType=DECIMAL},
      remain_days = #{remainDays,jdbcType=INTEGER},
      score_days = #{scoreDays,jdbcType=INTEGER},
      upfive_days = #{upfiveDays,jdbcType=INTEGER},
      first = #{first,jdbcType=INTEGER},
      my_performance = #{myPerformance,jdbcType=DECIMAL},
      all_performance = #{allPerformance,jdbcType=DECIMAL},
      all_new_performance = #{allNewPerformance,jdbcType=DECIMAL},
      my_num = #{myNum,jdbcType=INTEGER},
      all_num = #{allNum,jdbcType=INTEGER},
      total_sum = #{totalSum,jdbcType=DOUBLE},
      my_new_performance = #{myNewPerformance,jdbcType=DECIMAL}
    where id = #{id,jdbcType=VARCHAR}
  </update>
</mapper>