<?xml version="1.0" encoding="UTF-8"?>
<!DOCTYPE mapper PUBLIC "-//mybatis.org//DTD Mapper 3.0//EN" "http://mybatis.org/dtd/mybatis-3-mapper.dtd">
<mapper namespace="com.zng.mapper.TActivityintoMapper">
  <resultMap id="BaseResultMap" type="com.zng.model.TActivityinto">
    <id column="id" jdbcType="VARCHAR" property="id" />
    <result column="state" jdbcType="VARCHAR" property="state" />
    <result column="login_id" jdbcType="VARCHAR" property="loginId" />
    <result column="create_time" jdbcType="VARCHAR" property="createTime" />
    <result column="update_time" jdbcType="VARCHAR" property="updateTime" />
    <result column="phone" jdbcType="VARCHAR" property="phone" />
    <result column="name" jdbcType="VARCHAR" property="name" />
    <result column="address" jdbcType="VARCHAR" property="address" />
    <result column="province_id" jdbcType="VARCHAR" property="provinceId" />
    <result column="city_id" jdbcType="VARCHAR" property="cityId" />
    <result column="area" jdbcType="VARCHAR" property="area" />
    <result column="lucky_state" jdbcType="VARCHAR" property="luckyState" />
    <result column="activity_id" jdbcType="VARCHAR" property="activityId" />
  </resultMap>
  <sql id="Base_Column_List">
    id, state, login_id, create_time, update_time, phone, name, address, province_id, 
    city_id, area, lucky_state, activity_id
  </sql>
  <select id="selectByPrimaryKey" parameterType="java.lang.String" resultMap="BaseResultMap">
    select 
    <include refid="Base_Column_List" />
    from t_activityinto
    where id = #{id,jdbcType=VARCHAR}
  </select>
  <delete id="deleteByPrimaryKey" parameterType="java.lang.String">
    delete from t_activityinto
    where id = #{id,jdbcType=VARCHAR}
  </delete>
  <insert id="insert" parameterType="com.zng.model.TActivityinto">
    insert into t_activityinto (id, state, login_id, 
      create_time, update_time, phone, 
      name, address, province_id, 
      city_id, area, lucky_state, 
      activity_id)
    values (#{id,jdbcType=VARCHAR}, #{state,jdbcType=VARCHAR}, #{loginId,jdbcType=VARCHAR}, 
      #{createTime,jdbcType=VARCHAR}, #{updateTime,jdbcType=VARCHAR}, #{phone,jdbcType=VARCHAR}, 
      #{name,jdbcType=VARCHAR}, #{address,jdbcType=VARCHAR}, #{provinceId,jdbcType=VARCHAR}, 
      #{cityId,jdbcType=VARCHAR}, #{area,jdbcType=VARCHAR}, #{luckyState,jdbcType=VARCHAR}, 
      #{activityId,jdbcType=VARCHAR})
  </insert>
  <insert id="insertSelective" parameterType="com.zng.model.TActivityinto">
    insert into t_activityinto
    <trim prefix="(" suffix=")" suffixOverrides=",">
      <if test="id != null">
        id,
      </if>
      <if test="state != null">
        state,
      </if>
      <if test="loginId != null">
        login_id,
      </if>
      <if test="createTime != null">
        create_time,
      </if>
      <if test="updateTime != null">
        update_time,
      </if>
      <if test="phone != null">
        phone,
      </if>
      <if test="name != null">
        name,
      </if>
      <if test="address != null">
        address,
      </if>
      <if test="provinceId != null">
        province_id,
      </if>
      <if test="cityId != null">
        city_id,
      </if>
      <if test="area != null">
        area,
      </if>
      <if test="luckyState != null">
        lucky_state,
      </if>
      <if test="activityId != null">
        activity_id,
      </if>
    </trim>
    <trim prefix="values (" suffix=")" suffixOverrides=",">
      <if test="id != null">
        #{id,jdbcType=VARCHAR},
      </if>
      <if test="state != null">
        #{state,jdbcType=VARCHAR},
      </if>
      <if test="loginId != null">
        #{loginId,jdbcType=VARCHAR},
      </if>
      <if test="createTime != null">
        #{createTime,jdbcType=VARCHAR},
      </if>
      <if test="updateTime != null">
        #{updateTime,jdbcType=VARCHAR},
      </if>
      <if test="phone != null">
        #{phone,jdbcType=VARCHAR},
      </if>
      <if test="name != null">
        #{name,jdbcType=VARCHAR},
      </if>
      <if test="address != null">
        #{address,jdbcType=VARCHAR},
      </if>
      <if test="provinceId != null">
        #{provinceId,jdbcType=VARCHAR},
      </if>
      <if test="cityId != null">
        #{cityId,jdbcType=VARCHAR},
      </if>
      <if test="area != null">
        #{area,jdbcType=VARCHAR},
      </if>
      <if test="luckyState != null">
        #{luckyState,jdbcType=VARCHAR},
      </if>
      <if test="activityId != null">
        #{activityId,jdbcType=VARCHAR},
      </if>
    </trim>
  </insert>
  <update id="updateByPrimaryKeySelective" parameterType="com.zng.model.TActivityinto">
    update t_activityinto
    <set>
      <if test="state != null">
        state = #{state,jdbcType=VARCHAR},
      </if>
      <if test="loginId != null">
        login_id = #{loginId,jdbcType=VARCHAR},
      </if>
      <if test="createTime != null">
        create_time = #{createTime,jdbcType=VARCHAR},
      </if>
      <if test="updateTime != null">
        update_time = #{updateTime,jdbcType=VARCHAR},
      </if>
      <if test="phone != null">
        phone = #{phone,jdbcType=VARCHAR},
      </if>
      <if test="name != null">
        name = #{name,jdbcType=VARCHAR},
      </if>
      <if test="address != null">
        address = #{address,jdbcType=VARCHAR},
      </if>
      <if test="provinceId != null">
        province_id = #{provinceId,jdbcType=VARCHAR},
      </if>
      <if test="cityId != null">
        city_id = #{cityId,jdbcType=VARCHAR},
      </if>
      <if test="area != null">
        area = #{area,jdbcType=VARCHAR},
      </if>
      <if test="luckyState != null">
        lucky_state = #{luckyState,jdbcType=VARCHAR},
      </if>
      <if test="activityId != null">
        activity_id = #{activityId,jdbcType=VARCHAR},
      </if>
    </set>
    where id = #{id,jdbcType=VARCHAR}
  </update>
  <update id="updateByPrimaryKey" parameterType="com.zng.model.TActivityinto">
    update t_activityinto
    set state = #{state,jdbcType=VARCHAR},
      login_id = #{loginId,jdbcType=VARCHAR},
      create_time = #{createTime,jdbcType=VARCHAR},
      update_time = #{updateTime,jdbcType=VARCHAR},
      phone = #{phone,jdbcType=VARCHAR},
      name = #{name,jdbcType=VARCHAR},
      address = #{address,jdbcType=VARCHAR},
      province_id = #{provinceId,jdbcType=VARCHAR},
      city_id = #{cityId,jdbcType=VARCHAR},
      area = #{area,jdbcType=VARCHAR},
      lucky_state = #{luckyState,jdbcType=VARCHAR},
      activity_id = #{activityId,jdbcType=VARCHAR}
    where id = #{id,jdbcType=VARCHAR}
  </update>
</mapper>