<?xml version="1.0" encoding="UTF-8"?>
<!DOCTYPE mapper PUBLIC "-//mybatis.org//DTD Mapper 3.0//EN" "http://mybatis.org/dtd/mybatis-3-mapper.dtd">
<mapper namespace="com.zng.mapper.TActivitydrawMapper">
  <resultMap id="BaseResultMap" type="com.zng.model.TActivitydraw">
    <id column="id" jdbcType="VARCHAR" property="id" />
    <result column="state" jdbcType="VARCHAR" property="state" />
    <result column="login_id" jdbcType="VARCHAR" property="loginId" />
    <result column="create_time" jdbcType="VARCHAR" property="createTime" />
    <result column="update_time" jdbcType="VARCHAR" property="updateTime" />
    <result column="lucky_name" jdbcType="VARCHAR" property="luckyName" />
    <result column="num" jdbcType="INTEGER" property="num" />
    <result column="activity_id" jdbcType="VARCHAR" property="activityId" />
  </resultMap>
  <sql id="Base_Column_List">
    id, state, login_id, create_time, update_time, lucky_name, num, activity_id
  </sql>
  <select id="selectByPrimaryKey" parameterType="java.lang.String" resultMap="BaseResultMap">
    select 
    <include refid="Base_Column_List" />
    from t_activitydraw
    where id = #{id,jdbcType=VARCHAR}
  </select>
  <delete id="deleteByPrimaryKey" parameterType="java.lang.String">
    delete from t_activitydraw
    where id = #{id,jdbcType=VARCHAR}
  </delete>
  <insert id="insert" parameterType="com.zng.model.TActivitydraw">
    insert into t_activitydraw (id, state, login_id, 
      create_time, update_time, lucky_name, 
      num, activity_id)
    values (#{id,jdbcType=VARCHAR}, #{state,jdbcType=VARCHAR}, #{loginId,jdbcType=VARCHAR}, 
      #{createTime,jdbcType=VARCHAR}, #{updateTime,jdbcType=VARCHAR}, #{luckyName,jdbcType=VARCHAR}, 
      #{num,jdbcType=INTEGER}, #{activityId,jdbcType=VARCHAR})
  </insert>
  <insert id="insertSelective" parameterType="com.zng.model.TActivitydraw">
    insert into t_activitydraw
    <trim prefix="(" suffix=")" suffixOverrides=",">
      <if test="id != null">
        id,
      </if>
      <if test="state != null">
        state,
      </if>
      <if test="loginId != null">
        login_id,
      </if>
      <if test="createTime != null">
        create_time,
      </if>
      <if test="updateTime != null">
        update_time,
      </if>
      <if test="luckyName != null">
        lucky_name,
      </if>
      <if test="num != null">
        num,
      </if>
      <if test="activityId != null">
        activity_id,
      </if>
    </trim>
    <trim prefix="values (" suffix=")" suffixOverrides=",">
      <if test="id != null">
        #{id,jdbcType=VARCHAR},
      </if>
      <if test="state != null">
        #{state,jdbcType=VARCHAR},
      </if>
      <if test="loginId != null">
        #{loginId,jdbcType=VARCHAR},
      </if>
      <if test="createTime != null">
        #{createTime,jdbcType=VARCHAR},
      </if>
      <if test="updateTime != null">
        #{updateTime,jdbcType=VARCHAR},
      </if>
      <if test="luckyName != null">
        #{luckyName,jdbcType=VARCHAR},
      </if>
      <if test="num != null">
        #{num,jdbcType=INTEGER},
      </if>
      <if test="activityId != null">
        #{activityId,jdbcType=VARCHAR},
      </if>
    </trim>
  </insert>
  <update id="updateByPrimaryKeySelective" parameterType="com.zng.model.TActivitydraw">
    update t_activitydraw
    <set>
      <if test="state != null">
        state = #{state,jdbcType=VARCHAR},
      </if>
      <if test="loginId != null">
        login_id = #{loginId,jdbcType=VARCHAR},
      </if>
      <if test="createTime != null">
        create_time = #{createTime,jdbcType=VARCHAR},
      </if>
      <if test="updateTime != null">
        update_time = #{updateTime,jdbcType=VARCHAR},
      </if>
      <if test="luckyName != null">
        lucky_name = #{luckyName,jdbcType=VARCHAR},
      </if>
      <if test="num != null">
        num = #{num,jdbcType=INTEGER},
      </if>
      <if test="activityId != null">
        activity_id = #{activityId,jdbcType=VARCHAR},
      </if>
    </set>
    where id = #{id,jdbcType=VARCHAR}
  </update>
  <update id="updateByPrimaryKey" parameterType="com.zng.model.TActivitydraw">
    update t_activitydraw
    set state = #{state,jdbcType=VARCHAR},
      login_id = #{loginId,jdbcType=VARCHAR},
      create_time = #{createTime,jdbcType=VARCHAR},
      update_time = #{updateTime,jdbcType=VARCHAR},
      lucky_name = #{luckyName,jdbcType=VARCHAR},
      num = #{num,jdbcType=INTEGER},
      activity_id = #{activityId,jdbcType=VARCHAR}
    where id = #{id,jdbcType=VARCHAR}
  </update>
</mapper>