<?xml version="1.0" encoding="UTF-8"?>
<!DOCTYPE mapper PUBLIC "-//mybatis.org//DTD Mapper 3.0//EN" "http://mybatis.org/dtd/mybatis-3-mapper.dtd">
<mapper namespace="com.zng.mapper.TActivityMapper">
  <resultMap id="BaseResultMap" type="com.zng.model.TActivity">
    <id column="id" jdbcType="VARCHAR" property="id" />
    <result column="image_url" jdbcType="VARCHAR" property="imageUrl" />
    <result column="quota" jdbcType="VARCHAR" property="quota" />
    <result column="start_time" jdbcType="VARCHAR" property="startTime" />
    <result column="details" jdbcType="VARCHAR" property="details" />
    <result column="state" jdbcType="VARCHAR" property="state" />
    <result column="create_time" jdbcType="VARCHAR" property="createTime" />
    <result column="update_time" jdbcType="VARCHAR" property="updateTime" />
    <result column="login_id" jdbcType="VARCHAR" property="loginId" />
    <result column="token" jdbcType="VARCHAR" property="token" />
    <result column="participated" jdbcType="VARCHAR" property="participated" />
    <result column="title" jdbcType="VARCHAR" property="title" />
    <result column="personnel" jdbcType="VARCHAR" property="personnel" />
    <result column="type" jdbcType="VARCHAR" property="type" />
  </resultMap>
  <sql id="Base_Column_List">
    id, image_url, quota, start_time, details, state, create_time, update_time, login_id, 
    token, participated, title, personnel, type
  </sql>
  <select id="selectByPrimaryKey" parameterType="java.lang.String" resultMap="BaseResultMap">
    select 
    <include refid="Base_Column_List" />
    from t_activity
    where id = #{id,jdbcType=VARCHAR}
  </select>
  <delete id="deleteByPrimaryKey" parameterType="java.lang.String">
    delete from t_activity
    where id = #{id,jdbcType=VARCHAR}
  </delete>
  <insert id="insert" parameterType="com.zng.model.TActivity">
    insert into t_activity (id, image_url, quota, 
      start_time, details, state, 
      create_time, update_time, login_id, 
      token, participated, title, 
      personnel, type)
    values (#{id,jdbcType=VARCHAR}, #{imageUrl,jdbcType=VARCHAR}, #{quota,jdbcType=VARCHAR}, 
      #{startTime,jdbcType=VARCHAR}, #{details,jdbcType=VARCHAR}, #{state,jdbcType=VARCHAR}, 
      #{createTime,jdbcType=VARCHAR}, #{updateTime,jdbcType=VARCHAR}, #{loginId,jdbcType=VARCHAR}, 
      #{token,jdbcType=VARCHAR}, #{participated,jdbcType=VARCHAR}, #{title,jdbcType=VARCHAR}, 
      #{personnel,jdbcType=VARCHAR}, #{type,jdbcType=VARCHAR})
  </insert>
  <insert id="insertSelective" parameterType="com.zng.model.TActivity">
    insert into t_activity
    <trim prefix="(" suffix=")" suffixOverrides=",">
      <if test="id != null">
        id,
      </if>
      <if test="imageUrl != null">
        image_url,
      </if>
      <if test="quota != null">
        quota,
      </if>
      <if test="startTime != null">
        start_time,
      </if>
      <if test="details != null">
        details,
      </if>
      <if test="state != null">
        state,
      </if>
      <if test="createTime != null">
        create_time,
      </if>
      <if test="updateTime != null">
        update_time,
      </if>
      <if test="loginId != null">
        login_id,
      </if>
      <if test="token != null">
        token,
      </if>
      <if test="participated != null">
        participated,
      </if>
      <if test="title != null">
        title,
      </if>
      <if test="personnel != null">
        personnel,
      </if>
      <if test="type != null">
        type,
      </if>
    </trim>
    <trim prefix="values (" suffix=")" suffixOverrides=",">
      <if test="id != null">
        #{id,jdbcType=VARCHAR},
      </if>
      <if test="imageUrl != null">
        #{imageUrl,jdbcType=VARCHAR},
      </if>
      <if test="quota != null">
        #{quota,jdbcType=VARCHAR},
      </if>
      <if test="startTime != null">
        #{startTime,jdbcType=VARCHAR},
      </if>
      <if test="details != null">
        #{details,jdbcType=VARCHAR},
      </if>
      <if test="state != null">
        #{state,jdbcType=VARCHAR},
      </if>
      <if test="createTime != null">
        #{createTime,jdbcType=VARCHAR},
      </if>
      <if test="updateTime != null">
        #{updateTime,jdbcType=VARCHAR},
      </if>
      <if test="loginId != null">
        #{loginId,jdbcType=VARCHAR},
      </if>
      <if test="token != null">
        #{token,jdbcType=VARCHAR},
      </if>
      <if test="participated != null">
        #{participated,jdbcType=VARCHAR},
      </if>
      <if test="title != null">
        #{title,jdbcType=VARCHAR},
      </if>
      <if test="personnel != null">
        #{personnel,jdbcType=VARCHAR},
      </if>
      <if test="type != null">
        #{type,jdbcType=VARCHAR},
      </if>
    </trim>
  </insert>
  <update id="updateByPrimaryKeySelective" parameterType="com.zng.model.TActivity">
    update t_activity
    <set>
      <if test="imageUrl != null">
        image_url = #{imageUrl,jdbcType=VARCHAR},
      </if>
      <if test="quota != null">
        quota = #{quota,jdbcType=VARCHAR},
      </if>
      <if test="startTime != null">
        start_time = #{startTime,jdbcType=VARCHAR},
      </if>
      <if test="details != null">
        details = #{details,jdbcType=VARCHAR},
      </if>
      <if test="state != null">
        state = #{state,jdbcType=VARCHAR},
      </if>
      <if test="createTime != null">
        create_time = #{createTime,jdbcType=VARCHAR},
      </if>
      <if test="updateTime != null">
        update_time = #{updateTime,jdbcType=VARCHAR},
      </if>
      <if test="loginId != null">
        login_id = #{loginId,jdbcType=VARCHAR},
      </if>
      <if test="token != null">
        token = #{token,jdbcType=VARCHAR},
      </if>
      <if test="participated != null">
        participated = #{participated,jdbcType=VARCHAR},
      </if>
      <if test="title != null">
        title = #{title,jdbcType=VARCHAR},
      </if>
      <if test="personnel != null">
        personnel = #{personnel,jdbcType=VARCHAR},
      </if>
      <if test="type != null">
        type = #{type,jdbcType=VARCHAR},
      </if>
    </set>
    where id = #{id,jdbcType=VARCHAR}
  </update>
  <update id="updateByPrimaryKey" parameterType="com.zng.model.TActivity">
    update t_activity
    set image_url = #{imageUrl,jdbcType=VARCHAR},
      quota = #{quota,jdbcType=VARCHAR},
      start_time = #{startTime,jdbcType=VARCHAR},
      details = #{details,jdbcType=VARCHAR},
      state = #{state,jdbcType=VARCHAR},
      create_time = #{createTime,jdbcType=VARCHAR},
      update_time = #{updateTime,jdbcType=VARCHAR},
      login_id = #{loginId,jdbcType=VARCHAR},
      token = #{token,jdbcType=VARCHAR},
      participated = #{participated,jdbcType=VARCHAR},
      title = #{title,jdbcType=VARCHAR},
      personnel = #{personnel,jdbcType=VARCHAR},
      type = #{type,jdbcType=VARCHAR}
    where id = #{id,jdbcType=VARCHAR}
  </update>
</mapper>