<?xml version="1.0" encoding="UTF-8"?>
<!DOCTYPE mapper PUBLIC "-//mybatis.org//DTD Mapper 3.0//EN" "http://mybatis.org/dtd/mybatis-3-mapper.dtd">
<mapper namespace="com.zng.mapper.TApplybuyuserMapper">
  <resultMap id="BaseResultMap" type="com.zng.model.TApplybuyuser">
    <id column="id" jdbcType="VARCHAR" property="id" />
    <result column="login_id" jdbcType="VARCHAR" property="loginId" />
    <result column="seckill_id" jdbcType="VARCHAR" property="seckillId" />
    <result column="num" jdbcType="INTEGER" property="num" />
    <result column="create_time" jdbcType="VARCHAR" property="createTime" />
    <result column="update_time" jdbcType="VARCHAR" property="updateTime" />
    <result column="state" jdbcType="VARCHAR" property="state" />
    <result column="return_state" jdbcType="VARCHAR" property="returnState" />
    <result column="return_num" jdbcType="VARCHAR" property="returnNum" />
    <result column="admin_phone" jdbcType="VARCHAR" property="adminPhone" />
  </resultMap>
  <sql id="Base_Column_List">
    id, login_id, seckill_id, num, create_time, update_time, state, return_state, return_num, 
    admin_phone
  </sql>
  <select id="selectByPrimaryKey" parameterType="java.lang.String" resultMap="BaseResultMap">
    select 
    <include refid="Base_Column_List" />
    from t_applybuyuser
    where id = #{id,jdbcType=VARCHAR}
  </select>
  <delete id="deleteByPrimaryKey" parameterType="java.lang.String">
    delete from t_applybuyuser
    where id = #{id,jdbcType=VARCHAR}
  </delete>
  <insert id="insert" parameterType="com.zng.model.TApplybuyuser">
    insert into t_applybuyuser (id, login_id, seckill_id, 
      num, create_time, update_time, 
      state, return_state, return_num, 
      admin_phone)
    values (#{id,jdbcType=VARCHAR}, #{loginId,jdbcType=VARCHAR}, #{seckillId,jdbcType=VARCHAR}, 
      #{num,jdbcType=INTEGER}, #{createTime,jdbcType=VARCHAR}, #{updateTime,jdbcType=VARCHAR}, 
      #{state,jdbcType=VARCHAR}, #{returnState,jdbcType=VARCHAR}, #{returnNum,jdbcType=VARCHAR}, 
      #{adminPhone,jdbcType=VARCHAR})
  </insert>
  <insert id="insertSelective" parameterType="com.zng.model.TApplybuyuser">
    insert into t_applybuyuser
    <trim prefix="(" suffix=")" suffixOverrides=",">
      <if test="id != null">
        id,
      </if>
      <if test="loginId != null">
        login_id,
      </if>
      <if test="seckillId != null">
        seckill_id,
      </if>
      <if test="num != null">
        num,
      </if>
      <if test="createTime != null">
        create_time,
      </if>
      <if test="updateTime != null">
        update_time,
      </if>
      <if test="state != null">
        state,
      </if>
      <if test="returnState != null">
        return_state,
      </if>
      <if test="returnNum != null">
        return_num,
      </if>
      <if test="adminPhone != null">
        admin_phone,
      </if>
    </trim>
    <trim prefix="values (" suffix=")" suffixOverrides=",">
      <if test="id != null">
        #{id,jdbcType=VARCHAR},
      </if>
      <if test="loginId != null">
        #{loginId,jdbcType=VARCHAR},
      </if>
      <if test="seckillId != null">
        #{seckillId,jdbcType=VARCHAR},
      </if>
      <if test="num != null">
        #{num,jdbcType=INTEGER},
      </if>
      <if test="createTime != null">
        #{createTime,jdbcType=VARCHAR},
      </if>
      <if test="updateTime != null">
        #{updateTime,jdbcType=VARCHAR},
      </if>
      <if test="state != null">
        #{state,jdbcType=VARCHAR},
      </if>
      <if test="returnState != null">
        #{returnState,jdbcType=VARCHAR},
      </if>
      <if test="returnNum != null">
        #{returnNum,jdbcType=VARCHAR},
      </if>
      <if test="adminPhone != null">
        #{adminPhone,jdbcType=VARCHAR},
      </if>
    </trim>
  </insert>
  <update id="updateByPrimaryKeySelective" parameterType="com.zng.model.TApplybuyuser">
    update t_applybuyuser
    <set>
      <if test="loginId != null">
        login_id = #{loginId,jdbcType=VARCHAR},
      </if>
      <if test="seckillId != null">
        seckill_id = #{seckillId,jdbcType=VARCHAR},
      </if>
      <if test="num != null">
        num = #{num,jdbcType=INTEGER},
      </if>
      <if test="createTime != null">
        create_time = #{createTime,jdbcType=VARCHAR},
      </if>
      <if test="updateTime != null">
        update_time = #{updateTime,jdbcType=VARCHAR},
      </if>
      <if test="state != null">
        state = #{state,jdbcType=VARCHAR},
      </if>
      <if test="returnState != null">
        return_state = #{returnState,jdbcType=VARCHAR},
      </if>
      <if test="returnNum != null">
        return_num = #{returnNum,jdbcType=VARCHAR},
      </if>
      <if test="adminPhone != null">
        admin_phone = #{adminPhone,jdbcType=VARCHAR},
      </if>
    </set>
    where id = #{id,jdbcType=VARCHAR}
  </update>
  <update id="updateByPrimaryKey" parameterType="com.zng.model.TApplybuyuser">
    update t_applybuyuser
    set login_id = #{loginId,jdbcType=VARCHAR},
      seckill_id = #{seckillId,jdbcType=VARCHAR},
      num = #{num,jdbcType=INTEGER},
      create_time = #{createTime,jdbcType=VARCHAR},
      update_time = #{updateTime,jdbcType=VARCHAR},
      state = #{state,jdbcType=VARCHAR},
      return_state = #{returnState,jdbcType=VARCHAR},
      return_num = #{returnNum,jdbcType=VARCHAR},
      admin_phone = #{adminPhone,jdbcType=VARCHAR}
    where id = #{id,jdbcType=VARCHAR}
  </update>
</mapper>