<?xml version="1.0" encoding="UTF-8"?>
<!DOCTYPE mapper PUBLIC "-//mybatis.org//DTD Mapper 3.0//EN" "http://mybatis.org/dtd/mybatis-3-mapper.dtd">
<mapper namespace="com.zng.mapper.TApplyupgradeMapper">
  <resultMap id="BaseResultMap" type="com.zng.model.TApplyupgrade">
    <id column="id" jdbcType="VARCHAR" property="id" />
    <result column="login_id" jdbcType="VARCHAR" property="loginId" />
    <result column="create_time" jdbcType="VARCHAR" property="createTime" />
    <result column="update_time" jdbcType="VARCHAR" property="updateTime" />
    <result column="state" jdbcType="VARCHAR" property="state" />
    <result column="type" jdbcType="VARCHAR" property="type" />
    <result column="img_url" jdbcType="VARCHAR" property="imgUrl" />
    <result column="phone" jdbcType="VARCHAR" property="phone" />
    <result column="rejection_time" jdbcType="VARCHAR" property="rejectionTime" />
    <result column="tutor_login_id" jdbcType="VARCHAR" property="tutorLoginId" />
    <result column="previous_performance" jdbcType="DECIMAL" property="previousPerformance" />
    <result column="period_performance" jdbcType="DECIMAL" property="periodPerformance" />
    <result column="total_performance" jdbcType="DECIMAL" property="totalPerformance" />
    <result column="course_num" jdbcType="INTEGER" property="courseNum" />
    <result column="active_num" jdbcType="INTEGER" property="activeNum" />
    <result column="previous_score" jdbcType="DECIMAL" property="previousScore" />
  </resultMap>
  <sql id="Base_Column_List">
    id, login_id, create_time, update_time, state, type, img_url, phone, rejection_time, 
    tutor_login_id, previous_performance, period_performance, total_performance, course_num, 
    active_num, previous_score
  </sql>
  <select id="selectByPrimaryKey" parameterType="java.lang.String" resultMap="BaseResultMap">
    select 
    <include refid="Base_Column_List" />
    from t_applyupgrade
    where id = #{id,jdbcType=VARCHAR}
  </select>
  <delete id="deleteByPrimaryKey" parameterType="java.lang.String">
    delete from t_applyupgrade
    where id = #{id,jdbcType=VARCHAR}
  </delete>
  <insert id="insert" parameterType="com.zng.model.TApplyupgrade">
    insert into t_applyupgrade (id, login_id, create_time, 
      update_time, state, type, 
      img_url, phone, rejection_time, 
      tutor_login_id, previous_performance, period_performance, 
      total_performance, course_num, active_num, 
      previous_score)
    values (#{id,jdbcType=VARCHAR}, #{loginId,jdbcType=VARCHAR}, #{createTime,jdbcType=VARCHAR}, 
      #{updateTime,jdbcType=VARCHAR}, #{state,jdbcType=VARCHAR}, #{type,jdbcType=VARCHAR}, 
      #{imgUrl,jdbcType=VARCHAR}, #{phone,jdbcType=VARCHAR}, #{rejectionTime,jdbcType=VARCHAR}, 
      #{tutorLoginId,jdbcType=VARCHAR}, #{previousPerformance,jdbcType=DECIMAL}, #{periodPerformance,jdbcType=DECIMAL}, 
      #{totalPerformance,jdbcType=DECIMAL}, #{courseNum,jdbcType=INTEGER}, #{activeNum,jdbcType=INTEGER}, 
      #{previousScore,jdbcType=DECIMAL})
  </insert>
  <insert id="insertSelective" parameterType="com.zng.model.TApplyupgrade">
    insert into t_applyupgrade
    <trim prefix="(" suffix=")" suffixOverrides=",">
      <if test="id != null">
        id,
      </if>
      <if test="loginId != null">
        login_id,
      </if>
      <if test="createTime != null">
        create_time,
      </if>
      <if test="updateTime != null">
        update_time,
      </if>
      <if test="state != null">
        state,
      </if>
      <if test="type != null">
        type,
      </if>
      <if test="imgUrl != null">
        img_url,
      </if>
      <if test="phone != null">
        phone,
      </if>
      <if test="rejectionTime != null">
        rejection_time,
      </if>
      <if test="tutorLoginId != null">
        tutor_login_id,
      </if>
      <if test="previousPerformance != null">
        previous_performance,
      </if>
      <if test="periodPerformance != null">
        period_performance,
      </if>
      <if test="totalPerformance != null">
        total_performance,
      </if>
      <if test="courseNum != null">
        course_num,
      </if>
      <if test="activeNum != null">
        active_num,
      </if>
      <if test="previousScore != null">
        previous_score,
      </if>
    </trim>
    <trim prefix="values (" suffix=")" suffixOverrides=",">
      <if test="id != null">
        #{id,jdbcType=VARCHAR},
      </if>
      <if test="loginId != null">
        #{loginId,jdbcType=VARCHAR},
      </if>
      <if test="createTime != null">
        #{createTime,jdbcType=VARCHAR},
      </if>
      <if test="updateTime != null">
        #{updateTime,jdbcType=VARCHAR},
      </if>
      <if test="state != null">
        #{state,jdbcType=VARCHAR},
      </if>
      <if test="type != null">
        #{type,jdbcType=VARCHAR},
      </if>
      <if test="imgUrl != null">
        #{imgUrl,jdbcType=VARCHAR},
      </if>
      <if test="phone != null">
        #{phone,jdbcType=VARCHAR},
      </if>
      <if test="rejectionTime != null">
        #{rejectionTime,jdbcType=VARCHAR},
      </if>
      <if test="tutorLoginId != null">
        #{tutorLoginId,jdbcType=VARCHAR},
      </if>
      <if test="previousPerformance != null">
        #{previousPerformance,jdbcType=DECIMAL},
      </if>
      <if test="periodPerformance != null">
        #{periodPerformance,jdbcType=DECIMAL},
      </if>
      <if test="totalPerformance != null">
        #{totalPerformance,jdbcType=DECIMAL},
      </if>
      <if test="courseNum != null">
        #{courseNum,jdbcType=INTEGER},
      </if>
      <if test="activeNum != null">
        #{activeNum,jdbcType=INTEGER},
      </if>
      <if test="previousScore != null">
        #{previousScore,jdbcType=DECIMAL},
      </if>
    </trim>
  </insert>
  <update id="updateByPrimaryKeySelective" parameterType="com.zng.model.TApplyupgrade">
    update t_applyupgrade
    <set>
      <if test="loginId != null">
        login_id = #{loginId,jdbcType=VARCHAR},
      </if>
      <if test="createTime != null">
        create_time = #{createTime,jdbcType=VARCHAR},
      </if>
      <if test="updateTime != null">
        update_time = #{updateTime,jdbcType=VARCHAR},
      </if>
      <if test="state != null">
        state = #{state,jdbcType=VARCHAR},
      </if>
      <if test="type != null">
        type = #{type,jdbcType=VARCHAR},
      </if>
      <if test="imgUrl != null">
        img_url = #{imgUrl,jdbcType=VARCHAR},
      </if>
      <if test="phone != null">
        phone = #{phone,jdbcType=VARCHAR},
      </if>
      <if test="rejectionTime != null">
        rejection_time = #{rejectionTime,jdbcType=VARCHAR},
      </if>
      <if test="tutorLoginId != null">
        tutor_login_id = #{tutorLoginId,jdbcType=VARCHAR},
      </if>
      <if test="previousPerformance != null">
        previous_performance = #{previousPerformance,jdbcType=DECIMAL},
      </if>
      <if test="periodPerformance != null">
        period_performance = #{periodPerformance,jdbcType=DECIMAL},
      </if>
      <if test="totalPerformance != null">
        total_performance = #{totalPerformance,jdbcType=DECIMAL},
      </if>
      <if test="courseNum != null">
        course_num = #{courseNum,jdbcType=INTEGER},
      </if>
      <if test="activeNum != null">
        active_num = #{activeNum,jdbcType=INTEGER},
      </if>
      <if test="previousScore != null">
        previous_score = #{previousScore,jdbcType=DECIMAL},
      </if>
    </set>
    where id = #{id,jdbcType=VARCHAR}
  </update>
  <update id="updateByPrimaryKey" parameterType="com.zng.model.TApplyupgrade">
    update t_applyupgrade
    set login_id = #{loginId,jdbcType=VARCHAR},
      create_time = #{createTime,jdbcType=VARCHAR},
      update_time = #{updateTime,jdbcType=VARCHAR},
      state = #{state,jdbcType=VARCHAR},
      type = #{type,jdbcType=VARCHAR},
      img_url = #{imgUrl,jdbcType=VARCHAR},
      phone = #{phone,jdbcType=VARCHAR},
      rejection_time = #{rejectionTime,jdbcType=VARCHAR},
      tutor_login_id = #{tutorLoginId,jdbcType=VARCHAR},
      previous_performance = #{previousPerformance,jdbcType=DECIMAL},
      period_performance = #{periodPerformance,jdbcType=DECIMAL},
      total_performance = #{totalPerformance,jdbcType=DECIMAL},
      course_num = #{courseNum,jdbcType=INTEGER},
      active_num = #{activeNum,jdbcType=INTEGER},
      previous_score = #{previousScore,jdbcType=DECIMAL}
    where id = #{id,jdbcType=VARCHAR}
  </update>
</mapper>