<?xml version="1.0" encoding="UTF-8"?>
<!DOCTYPE mapper PUBLIC "-//mybatis.org//DTD Mapper 3.0//EN" "http://mybatis.org/dtd/mybatis-3-mapper.dtd">
<mapper namespace="com.zng.mapper.TApplyanchorMapper">
  <resultMap id="BaseResultMap" type="com.zng.model.TApplyanchor">
    <id column="id" jdbcType="VARCHAR" property="id" />
    <result column="state" jdbcType="VARCHAR" property="state" />
    <result column="create_time" jdbcType="VARCHAR" property="createTime" />
    <result column="update_time" jdbcType="VARCHAR" property="updateTime" />
    <result column="login_id" jdbcType="VARCHAR" property="loginId" />
    <result column="anchor_wechat" jdbcType="VARCHAR" property="anchorWechat" />
    <result column="type" jdbcType="VARCHAR" property="type" />
    <result column="liver_loginid" jdbcType="VARCHAR" property="liverLoginid" />
    <result column="admin_phone" jdbcType="VARCHAR" property="adminPhone" />
    <result column="rejection_time" jdbcType="VARCHAR" property="rejectionTime" />
    <result column="previous_performance" jdbcType="DECIMAL" property="previousPerformance" />
    <result column="period_performance" jdbcType="DECIMAL" property="periodPerformance" />
    <result column="total_performance" jdbcType="DECIMAL" property="totalPerformance" />
  </resultMap>
  <sql id="Base_Column_List">
    id, state, create_time, update_time, login_id, anchor_wechat, type, liver_loginid, 
    admin_phone, rejection_time, previous_performance, period_performance, total_performance
  </sql>
  <select id="selectByPrimaryKey" parameterType="java.lang.String" resultMap="BaseResultMap">
    select 
    <include refid="Base_Column_List" />
    from t_applyanchor
    where id = #{id,jdbcType=VARCHAR}
  </select>
  <delete id="deleteByPrimaryKey" parameterType="java.lang.String">
    delete from t_applyanchor
    where id = #{id,jdbcType=VARCHAR}
  </delete>
  <insert id="insert" parameterType="com.zng.model.TApplyanchor">
    insert into t_applyanchor (id, state, create_time, 
      update_time, login_id, anchor_wechat, 
      type, liver_loginid, admin_phone, 
      rejection_time, previous_performance, period_performance, 
      total_performance)
    values (#{id,jdbcType=VARCHAR}, #{state,jdbcType=VARCHAR}, #{createTime,jdbcType=VARCHAR}, 
      #{updateTime,jdbcType=VARCHAR}, #{loginId,jdbcType=VARCHAR}, #{anchorWechat,jdbcType=VARCHAR}, 
      #{type,jdbcType=VARCHAR}, #{liverLoginid,jdbcType=VARCHAR}, #{adminPhone,jdbcType=VARCHAR}, 
      #{rejectionTime,jdbcType=VARCHAR}, #{previousPerformance,jdbcType=DECIMAL}, #{periodPerformance,jdbcType=DECIMAL}, 
      #{totalPerformance,jdbcType=DECIMAL})
  </insert>
  <insert id="insertSelective" parameterType="com.zng.model.TApplyanchor">
    insert into t_applyanchor
    <trim prefix="(" suffix=")" suffixOverrides=",">
      <if test="id != null">
        id,
      </if>
      <if test="state != null">
        state,
      </if>
      <if test="createTime != null">
        create_time,
      </if>
      <if test="updateTime != null">
        update_time,
      </if>
      <if test="loginId != null">
        login_id,
      </if>
      <if test="anchorWechat != null">
        anchor_wechat,
      </if>
      <if test="type != null">
        type,
      </if>
      <if test="liverLoginid != null">
        liver_loginid,
      </if>
      <if test="adminPhone != null">
        admin_phone,
      </if>
      <if test="rejectionTime != null">
        rejection_time,
      </if>
      <if test="previousPerformance != null">
        previous_performance,
      </if>
      <if test="periodPerformance != null">
        period_performance,
      </if>
      <if test="totalPerformance != null">
        total_performance,
      </if>
    </trim>
    <trim prefix="values (" suffix=")" suffixOverrides=",">
      <if test="id != null">
        #{id,jdbcType=VARCHAR},
      </if>
      <if test="state != null">
        #{state,jdbcType=VARCHAR},
      </if>
      <if test="createTime != null">
        #{createTime,jdbcType=VARCHAR},
      </if>
      <if test="updateTime != null">
        #{updateTime,jdbcType=VARCHAR},
      </if>
      <if test="loginId != null">
        #{loginId,jdbcType=VARCHAR},
      </if>
      <if test="anchorWechat != null">
        #{anchorWechat,jdbcType=VARCHAR},
      </if>
      <if test="type != null">
        #{type,jdbcType=VARCHAR},
      </if>
      <if test="liverLoginid != null">
        #{liverLoginid,jdbcType=VARCHAR},
      </if>
      <if test="adminPhone != null">
        #{adminPhone,jdbcType=VARCHAR},
      </if>
      <if test="rejectionTime != null">
        #{rejectionTime,jdbcType=VARCHAR},
      </if>
      <if test="previousPerformance != null">
        #{previousPerformance,jdbcType=DECIMAL},
      </if>
      <if test="periodPerformance != null">
        #{periodPerformance,jdbcType=DECIMAL},
      </if>
      <if test="totalPerformance != null">
        #{totalPerformance,jdbcType=DECIMAL},
      </if>
    </trim>
  </insert>
  <update id="updateByPrimaryKeySelective" parameterType="com.zng.model.TApplyanchor">
    update t_applyanchor
    <set>
      <if test="state != null">
        state = #{state,jdbcType=VARCHAR},
      </if>
      <if test="createTime != null">
        create_time = #{createTime,jdbcType=VARCHAR},
      </if>
      <if test="updateTime != null">
        update_time = #{updateTime,jdbcType=VARCHAR},
      </if>
      <if test="loginId != null">
        login_id = #{loginId,jdbcType=VARCHAR},
      </if>
      <if test="anchorWechat != null">
        anchor_wechat = #{anchorWechat,jdbcType=VARCHAR},
      </if>
      <if test="type != null">
        type = #{type,jdbcType=VARCHAR},
      </if>
      <if test="liverLoginid != null">
        liver_loginid = #{liverLoginid,jdbcType=VARCHAR},
      </if>
      <if test="adminPhone != null">
        admin_phone = #{adminPhone,jdbcType=VARCHAR},
      </if>
      <if test="rejectionTime != null">
        rejection_time = #{rejectionTime,jdbcType=VARCHAR},
      </if>
      <if test="previousPerformance != null">
        previous_performance = #{previousPerformance,jdbcType=DECIMAL},
      </if>
      <if test="periodPerformance != null">
        period_performance = #{periodPerformance,jdbcType=DECIMAL},
      </if>
      <if test="totalPerformance != null">
        total_performance = #{totalPerformance,jdbcType=DECIMAL},
      </if>
    </set>
    where id = #{id,jdbcType=VARCHAR}
  </update>
  <update id="updateByPrimaryKey" parameterType="com.zng.model.TApplyanchor">
    update t_applyanchor
    set state = #{state,jdbcType=VARCHAR},
      create_time = #{createTime,jdbcType=VARCHAR},
      update_time = #{updateTime,jdbcType=VARCHAR},
      login_id = #{loginId,jdbcType=VARCHAR},
      anchor_wechat = #{anchorWechat,jdbcType=VARCHAR},
      type = #{type,jdbcType=VARCHAR},
      liver_loginid = #{liverLoginid,jdbcType=VARCHAR},
      admin_phone = #{adminPhone,jdbcType=VARCHAR},
      rejection_time = #{rejectionTime,jdbcType=VARCHAR},
      previous_performance = #{previousPerformance,jdbcType=DECIMAL},
      period_performance = #{periodPerformance,jdbcType=DECIMAL},
      total_performance = #{totalPerformance,jdbcType=DECIMAL}
    where id = #{id,jdbcType=VARCHAR}
  </update>
</mapper>