<?xml version="1.0" encoding="UTF-8"?>
<!DOCTYPE mapper PUBLIC "-//mybatis.org//DTD Mapper 3.0//EN" "http://mybatis.org/dtd/mybatis-3-mapper.dtd">
<mapper namespace="com.zng.mapper.TApplytogetherspaceMapper">
  <resultMap id="BaseResultMap" type="com.zng.model.TApplytogetherspace">
    <id column="id" jdbcType="VARCHAR" property="id" />
    <result column="login_id" jdbcType="VARCHAR" property="loginId" />
    <result column="create_time" jdbcType="VARCHAR" property="createTime" />
    <result column="update_time" jdbcType="VARCHAR" property="updateTime" />
    <result column="state" jdbcType="VARCHAR" property="state" />
    <result column="message_state" jdbcType="VARCHAR" property="messageState" />
    <result column="city_name" jdbcType="VARCHAR" property="cityName" />
    <result column="city_id" jdbcType="VARCHAR" property="cityId" />
    <result column="name" jdbcType="VARCHAR" property="name" />
    <result column="phone" jdbcType="VARCHAR" property="phone" />
    <result column="parent_phone" jdbcType="VARCHAR" property="parentPhone" />
    <result column="parent_login_id" jdbcType="VARCHAR" property="parentLoginId" />
    <result column="bank_account" jdbcType="VARCHAR" property="bankAccount" />
    <result column="company_name" jdbcType="VARCHAR" property="companyName" />
    <result column="idc" jdbcType="VARCHAR" property="idc" />
    <result column="type" jdbcType="VARCHAR" property="type" />
    <result column="email" jdbcType="VARCHAR" property="email" />
    <result column="social_credit_code" jdbcType="VARCHAR" property="socialCreditCode" />
    <result column="together_space_address" jdbcType="VARCHAR" property="togetherSpaceAddress" />
    <result column="area_state" jdbcType="VARCHAR" property="areaState" />
  </resultMap>
  <sql id="Base_Column_List">
    id, login_id, create_time, update_time, state, message_state, city_name, city_id, 
    name, phone, parent_phone, parent_login_id, bank_account, company_name, idc, type, 
    email, social_credit_code, together_space_address, area_state
  </sql>
  <select id="selectByPrimaryKey" parameterType="java.lang.String" resultMap="BaseResultMap">
    select 
    <include refid="Base_Column_List" />
    from t_applytogetherspace
    where id = #{id,jdbcType=VARCHAR}
  </select>
  <delete id="deleteByPrimaryKey" parameterType="java.lang.String">
    delete from t_applytogetherspace
    where id = #{id,jdbcType=VARCHAR}
  </delete>
  <insert id="insert" parameterType="com.zng.model.TApplytogetherspace">
    insert into t_applytogetherspace (id, login_id, create_time, 
      update_time, state, message_state, 
      city_name, city_id, name, 
      phone, parent_phone, parent_login_id, 
      bank_account, company_name, idc, 
      type, email, social_credit_code, 
      together_space_address, area_state)
    values (#{id,jdbcType=VARCHAR}, #{loginId,jdbcType=VARCHAR}, #{createTime,jdbcType=VARCHAR}, 
      #{updateTime,jdbcType=VARCHAR}, #{state,jdbcType=VARCHAR}, #{messageState,jdbcType=VARCHAR}, 
      #{cityName,jdbcType=VARCHAR}, #{cityId,jdbcType=VARCHAR}, #{name,jdbcType=VARCHAR}, 
      #{phone,jdbcType=VARCHAR}, #{parentPhone,jdbcType=VARCHAR}, #{parentLoginId,jdbcType=VARCHAR}, 
      #{bankAccount,jdbcType=VARCHAR}, #{companyName,jdbcType=VARCHAR}, #{idc,jdbcType=VARCHAR}, 
      #{type,jdbcType=VARCHAR}, #{email,jdbcType=VARCHAR}, #{socialCreditCode,jdbcType=VARCHAR}, 
      #{togetherSpaceAddress,jdbcType=VARCHAR}, #{areaState,jdbcType=VARCHAR})
  </insert>
  <insert id="insertSelective" parameterType="com.zng.model.TApplytogetherspace">
    insert into t_applytogetherspace
    <trim prefix="(" suffix=")" suffixOverrides=",">
      <if test="id != null">
        id,
      </if>
      <if test="loginId != null">
        login_id,
      </if>
      <if test="createTime != null">
        create_time,
      </if>
      <if test="updateTime != null">
        update_time,
      </if>
      <if test="state != null">
        state,
      </if>
      <if test="messageState != null">
        message_state,
      </if>
      <if test="cityName != null">
        city_name,
      </if>
      <if test="cityId != null">
        city_id,
      </if>
      <if test="name != null">
        name,
      </if>
      <if test="phone != null">
        phone,
      </if>
      <if test="parentPhone != null">
        parent_phone,
      </if>
      <if test="parentLoginId != null">
        parent_login_id,
      </if>
      <if test="bankAccount != null">
        bank_account,
      </if>
      <if test="companyName != null">
        company_name,
      </if>
      <if test="idc != null">
        idc,
      </if>
      <if test="type != null">
        type,
      </if>
      <if test="email != null">
        email,
      </if>
      <if test="socialCreditCode != null">
        social_credit_code,
      </if>
      <if test="togetherSpaceAddress != null">
        together_space_address,
      </if>
      <if test="areaState != null">
        area_state,
      </if>
    </trim>
    <trim prefix="values (" suffix=")" suffixOverrides=",">
      <if test="id != null">
        #{id,jdbcType=VARCHAR},
      </if>
      <if test="loginId != null">
        #{loginId,jdbcType=VARCHAR},
      </if>
      <if test="createTime != null">
        #{createTime,jdbcType=VARCHAR},
      </if>
      <if test="updateTime != null">
        #{updateTime,jdbcType=VARCHAR},
      </if>
      <if test="state != null">
        #{state,jdbcType=VARCHAR},
      </if>
      <if test="messageState != null">
        #{messageState,jdbcType=VARCHAR},
      </if>
      <if test="cityName != null">
        #{cityName,jdbcType=VARCHAR},
      </if>
      <if test="cityId != null">
        #{cityId,jdbcType=VARCHAR},
      </if>
      <if test="name != null">
        #{name,jdbcType=VARCHAR},
      </if>
      <if test="phone != null">
        #{phone,jdbcType=VARCHAR},
      </if>
      <if test="parentPhone != null">
        #{parentPhone,jdbcType=VARCHAR},
      </if>
      <if test="parentLoginId != null">
        #{parentLoginId,jdbcType=VARCHAR},
      </if>
      <if test="bankAccount != null">
        #{bankAccount,jdbcType=VARCHAR},
      </if>
      <if test="companyName != null">
        #{companyName,jdbcType=VARCHAR},
      </if>
      <if test="idc != null">
        #{idc,jdbcType=VARCHAR},
      </if>
      <if test="type != null">
        #{type,jdbcType=VARCHAR},
      </if>
      <if test="email != null">
        #{email,jdbcType=VARCHAR},
      </if>
      <if test="socialCreditCode != null">
        #{socialCreditCode,jdbcType=VARCHAR},
      </if>
      <if test="togetherSpaceAddress != null">
        #{togetherSpaceAddress,jdbcType=VARCHAR},
      </if>
      <if test="areaState != null">
        #{areaState,jdbcType=VARCHAR},
      </if>
    </trim>
  </insert>
  <update id="updateByPrimaryKeySelective" parameterType="com.zng.model.TApplytogetherspace">
    update t_applytogetherspace
    <set>
      <if test="loginId != null">
        login_id = #{loginId,jdbcType=VARCHAR},
      </if>
      <if test="createTime != null">
        create_time = #{createTime,jdbcType=VARCHAR},
      </if>
      <if test="updateTime != null">
        update_time = #{updateTime,jdbcType=VARCHAR},
      </if>
      <if test="state != null">
        state = #{state,jdbcType=VARCHAR},
      </if>
      <if test="messageState != null">
        message_state = #{messageState,jdbcType=VARCHAR},
      </if>
      <if test="cityName != null">
        city_name = #{cityName,jdbcType=VARCHAR},
      </if>
      <if test="cityId != null">
        city_id = #{cityId,jdbcType=VARCHAR},
      </if>
      <if test="name != null">
        name = #{name,jdbcType=VARCHAR},
      </if>
      <if test="phone != null">
        phone = #{phone,jdbcType=VARCHAR},
      </if>
      <if test="parentPhone != null">
        parent_phone = #{parentPhone,jdbcType=VARCHAR},
      </if>
      <if test="parentLoginId != null">
        parent_login_id = #{parentLoginId,jdbcType=VARCHAR},
      </if>
      <if test="bankAccount != null">
        bank_account = #{bankAccount,jdbcType=VARCHAR},
      </if>
      <if test="companyName != null">
        company_name = #{companyName,jdbcType=VARCHAR},
      </if>
      <if test="idc != null">
        idc = #{idc,jdbcType=VARCHAR},
      </if>
      <if test="type != null">
        type = #{type,jdbcType=VARCHAR},
      </if>
      <if test="email != null">
        email = #{email,jdbcType=VARCHAR},
      </if>
      <if test="socialCreditCode != null">
        social_credit_code = #{socialCreditCode,jdbcType=VARCHAR},
      </if>
      <if test="togetherSpaceAddress != null">
        together_space_address = #{togetherSpaceAddress,jdbcType=VARCHAR},
      </if>
      <if test="areaState != null">
        area_state = #{areaState,jdbcType=VARCHAR},
      </if>
    </set>
    where id = #{id,jdbcType=VARCHAR}
  </update>
  <update id="updateByPrimaryKey" parameterType="com.zng.model.TApplytogetherspace">
    update t_applytogetherspace
    set login_id = #{loginId,jdbcType=VARCHAR},
      create_time = #{createTime,jdbcType=VARCHAR},
      update_time = #{updateTime,jdbcType=VARCHAR},
      state = #{state,jdbcType=VARCHAR},
      message_state = #{messageState,jdbcType=VARCHAR},
      city_name = #{cityName,jdbcType=VARCHAR},
      city_id = #{cityId,jdbcType=VARCHAR},
      name = #{name,jdbcType=VARCHAR},
      phone = #{phone,jdbcType=VARCHAR},
      parent_phone = #{parentPhone,jdbcType=VARCHAR},
      parent_login_id = #{parentLoginId,jdbcType=VARCHAR},
      bank_account = #{bankAccount,jdbcType=VARCHAR},
      company_name = #{companyName,jdbcType=VARCHAR},
      idc = #{idc,jdbcType=VARCHAR},
      type = #{type,jdbcType=VARCHAR},
      email = #{email,jdbcType=VARCHAR},
      social_credit_code = #{socialCreditCode,jdbcType=VARCHAR},
      together_space_address = #{togetherSpaceAddress,jdbcType=VARCHAR},
      area_state = #{areaState,jdbcType=VARCHAR}
    where id = #{id,jdbcType=VARCHAR}
  </update>
</mapper>