<?xml version="1.0" encoding="UTF-8"?>
<!DOCTYPE mapper PUBLIC "-//mybatis.org//DTD Mapper 3.0//EN" "http://mybatis.org/dtd/mybatis-3-mapper.dtd">
<mapper namespace="com.zng.mapper.TAreaMapper">
  <resultMap id="BaseResultMap" type="com.zng.model.TArea">
    <id column="id" jdbcType="VARCHAR" property="id" />
    <result column="name" jdbcType="VARCHAR" property="name" />
    <result column="pid" jdbcType="VARCHAR" property="pid" />
    <result column="create_time" jdbcType="VARCHAR" property="createTime" />
    <result column="update_time" jdbcType="VARCHAR" property="updateTime" />
    <result column="grade" jdbcType="INTEGER" property="grade" />
    <result column="state" jdbcType="VARCHAR" property="state" />
    <result column="is_municipality" jdbcType="INTEGER" property="isMunicipality" />
    <result column="is_together_space" jdbcType="INTEGER" property="isTogetherSpace" />
    <result column="area_state" jdbcType="VARCHAR" property="areaState" />
  </resultMap>
  <sql id="Base_Column_List">
    id, name, pid, create_time, update_time, grade, state, is_municipality, is_together_space, 
    area_state
  </sql>
  <select id="selectByPrimaryKey" parameterType="java.lang.String" resultMap="BaseResultMap">
    select 
    <include refid="Base_Column_List" />
    from t_area
    where id = #{id,jdbcType=VARCHAR}
  </select>
  <delete id="deleteByPrimaryKey" parameterType="java.lang.String">
    delete from t_area
    where id = #{id,jdbcType=VARCHAR}
  </delete>
  <insert id="insert" parameterType="com.zng.model.TArea">
    insert into t_area (id, name, pid, 
      create_time, update_time, grade, 
      state, is_municipality, is_together_space, 
      area_state)
    values (#{id,jdbcType=VARCHAR}, #{name,jdbcType=VARCHAR}, #{pid,jdbcType=VARCHAR}, 
      #{createTime,jdbcType=VARCHAR}, #{updateTime,jdbcType=VARCHAR}, #{grade,jdbcType=INTEGER}, 
      #{state,jdbcType=VARCHAR}, #{isMunicipality,jdbcType=INTEGER}, #{isTogetherSpace,jdbcType=INTEGER}, 
      #{areaState,jdbcType=VARCHAR})
  </insert>
  <insert id="insertSelective" parameterType="com.zng.model.TArea">
    insert into t_area
    <trim prefix="(" suffix=")" suffixOverrides=",">
      <if test="id != null">
        id,
      </if>
      <if test="name != null">
        name,
      </if>
      <if test="pid != null">
        pid,
      </if>
      <if test="createTime != null">
        create_time,
      </if>
      <if test="updateTime != null">
        update_time,
      </if>
      <if test="grade != null">
        grade,
      </if>
      <if test="state != null">
        state,
      </if>
      <if test="isMunicipality != null">
        is_municipality,
      </if>
      <if test="isTogetherSpace != null">
        is_together_space,
      </if>
      <if test="areaState != null">
        area_state,
      </if>
    </trim>
    <trim prefix="values (" suffix=")" suffixOverrides=",">
      <if test="id != null">
        #{id,jdbcType=VARCHAR},
      </if>
      <if test="name != null">
        #{name,jdbcType=VARCHAR},
      </if>
      <if test="pid != null">
        #{pid,jdbcType=VARCHAR},
      </if>
      <if test="createTime != null">
        #{createTime,jdbcType=VARCHAR},
      </if>
      <if test="updateTime != null">
        #{updateTime,jdbcType=VARCHAR},
      </if>
      <if test="grade != null">
        #{grade,jdbcType=INTEGER},
      </if>
      <if test="state != null">
        #{state,jdbcType=VARCHAR},
      </if>
      <if test="isMunicipality != null">
        #{isMunicipality,jdbcType=INTEGER},
      </if>
      <if test="isTogetherSpace != null">
        #{isTogetherSpace,jdbcType=INTEGER},
      </if>
      <if test="areaState != null">
        #{areaState,jdbcType=VARCHAR},
      </if>
    </trim>
  </insert>
  <update id="updateByPrimaryKeySelective" parameterType="com.zng.model.TArea">
    update t_area
    <set>
      <if test="name != null">
        name = #{name,jdbcType=VARCHAR},
      </if>
      <if test="pid != null">
        pid = #{pid,jdbcType=VARCHAR},
      </if>
      <if test="createTime != null">
        create_time = #{createTime,jdbcType=VARCHAR},
      </if>
      <if test="updateTime != null">
        update_time = #{updateTime,jdbcType=VARCHAR},
      </if>
      <if test="grade != null">
        grade = #{grade,jdbcType=INTEGER},
      </if>
      <if test="state != null">
        state = #{state,jdbcType=VARCHAR},
      </if>
      <if test="isMunicipality != null">
        is_municipality = #{isMunicipality,jdbcType=INTEGER},
      </if>
      <if test="isTogetherSpace != null">
        is_together_space = #{isTogetherSpace,jdbcType=INTEGER},
      </if>
      <if test="areaState != null">
        area_state = #{areaState,jdbcType=VARCHAR},
      </if>
    </set>
    where id = #{id,jdbcType=VARCHAR}
  </update>
  <update id="updateByPrimaryKey" parameterType="com.zng.model.TArea">
    update t_area
    set name = #{name,jdbcType=VARCHAR},
      pid = #{pid,jdbcType=VARCHAR},
      create_time = #{createTime,jdbcType=VARCHAR},
      update_time = #{updateTime,jdbcType=VARCHAR},
      grade = #{grade,jdbcType=INTEGER},
      state = #{state,jdbcType=VARCHAR},
      is_municipality = #{isMunicipality,jdbcType=INTEGER},
      is_together_space = #{isTogetherSpace,jdbcType=INTEGER},
      area_state = #{areaState,jdbcType=VARCHAR}
    where id = #{id,jdbcType=VARCHAR}
  </update>
</mapper>