<?xml version="1.0" encoding="UTF-8"?>
<!DOCTYPE mapper PUBLIC "-//mybatis.org//DTD Mapper 3.0//EN" "http://mybatis.org/dtd/mybatis-3-mapper.dtd">
<mapper namespace="com.zng.mapper.TArticleMapper">
  <resultMap id="BaseResultMap" type="com.zng.model.TArticle">
    <id column="id" jdbcType="VARCHAR" property="id" />
    <result column="login_id" jdbcType="VARCHAR" property="loginId" />
    <result column="image_url" jdbcType="VARCHAR" property="imageUrl" />
    <result column="title" jdbcType="VARCHAR" property="title" />
    <result column="content" jdbcType="VARCHAR" property="content" />
    <result column="state" jdbcType="VARCHAR" property="state" />
    <result column="create_time" jdbcType="VARCHAR" property="createTime" />
    <result column="update_time" jdbcType="VARCHAR" property="updateTime" />
    <result column="details_url" jdbcType="VARCHAR" property="detailsUrl" />
    <result column="type" jdbcType="VARCHAR" property="type" />
    <result column="video_url" jdbcType="VARCHAR" property="videoUrl" />
    <result column="video_duration" jdbcType="INTEGER" property="videoDuration" />
  </resultMap>
  <sql id="Base_Column_List">
    id, login_id, image_url, title, content, state, create_time, update_time, details_url, 
    type, video_url, video_duration
  </sql>
  <select id="selectByPrimaryKey" parameterType="java.lang.String" resultMap="BaseResultMap">
    select 
    <include refid="Base_Column_List" />
    from t_article
    where id = #{id,jdbcType=VARCHAR}
  </select>
  <delete id="deleteByPrimaryKey" parameterType="java.lang.String">
    delete from t_article
    where id = #{id,jdbcType=VARCHAR}
  </delete>
  <insert id="insert" parameterType="com.zng.model.TArticle">
    insert into t_article (id, login_id, image_url, 
      title, content, state, 
      create_time, update_time, details_url, 
      type, video_url, video_duration
      )
    values (#{id,jdbcType=VARCHAR}, #{loginId,jdbcType=VARCHAR}, #{imageUrl,jdbcType=VARCHAR}, 
      #{title,jdbcType=VARCHAR}, #{content,jdbcType=VARCHAR}, #{state,jdbcType=VARCHAR}, 
      #{createTime,jdbcType=VARCHAR}, #{updateTime,jdbcType=VARCHAR}, #{detailsUrl,jdbcType=VARCHAR}, 
      #{type,jdbcType=VARCHAR}, #{videoUrl,jdbcType=VARCHAR}, #{videoDuration,jdbcType=INTEGER}
      )
  </insert>
  <insert id="insertSelective" parameterType="com.zng.model.TArticle">
    insert into t_article
    <trim prefix="(" suffix=")" suffixOverrides=",">
      <if test="id != null">
        id,
      </if>
      <if test="loginId != null">
        login_id,
      </if>
      <if test="imageUrl != null">
        image_url,
      </if>
      <if test="title != null">
        title,
      </if>
      <if test="content != null">
        content,
      </if>
      <if test="state != null">
        state,
      </if>
      <if test="createTime != null">
        create_time,
      </if>
      <if test="updateTime != null">
        update_time,
      </if>
      <if test="detailsUrl != null">
        details_url,
      </if>
      <if test="type != null">
        type,
      </if>
      <if test="videoUrl != null">
        video_url,
      </if>
      <if test="videoDuration != null">
        video_duration,
      </if>
    </trim>
    <trim prefix="values (" suffix=")" suffixOverrides=",">
      <if test="id != null">
        #{id,jdbcType=VARCHAR},
      </if>
      <if test="loginId != null">
        #{loginId,jdbcType=VARCHAR},
      </if>
      <if test="imageUrl != null">
        #{imageUrl,jdbcType=VARCHAR},
      </if>
      <if test="title != null">
        #{title,jdbcType=VARCHAR},
      </if>
      <if test="content != null">
        #{content,jdbcType=VARCHAR},
      </if>
      <if test="state != null">
        #{state,jdbcType=VARCHAR},
      </if>
      <if test="createTime != null">
        #{createTime,jdbcType=VARCHAR},
      </if>
      <if test="updateTime != null">
        #{updateTime,jdbcType=VARCHAR},
      </if>
      <if test="detailsUrl != null">
        #{detailsUrl,jdbcType=VARCHAR},
      </if>
      <if test="type != null">
        #{type,jdbcType=VARCHAR},
      </if>
      <if test="videoUrl != null">
        #{videoUrl,jdbcType=VARCHAR},
      </if>
      <if test="videoDuration != null">
        #{videoDuration,jdbcType=INTEGER},
      </if>
    </trim>
  </insert>
  <update id="updateByPrimaryKeySelective" parameterType="com.zng.model.TArticle">
    update t_article
    <set>
      <if test="loginId != null">
        login_id = #{loginId,jdbcType=VARCHAR},
      </if>
      <if test="imageUrl != null">
        image_url = #{imageUrl,jdbcType=VARCHAR},
      </if>
      <if test="title != null">
        title = #{title,jdbcType=VARCHAR},
      </if>
      <if test="content != null">
        content = #{content,jdbcType=VARCHAR},
      </if>
      <if test="state != null">
        state = #{state,jdbcType=VARCHAR},
      </if>
      <if test="createTime != null">
        create_time = #{createTime,jdbcType=VARCHAR},
      </if>
      <if test="updateTime != null">
        update_time = #{updateTime,jdbcType=VARCHAR},
      </if>
      <if test="detailsUrl != null">
        details_url = #{detailsUrl,jdbcType=VARCHAR},
      </if>
      <if test="type != null">
        type = #{type,jdbcType=VARCHAR},
      </if>
      <if test="videoUrl != null">
        video_url = #{videoUrl,jdbcType=VARCHAR},
      </if>
      <if test="videoDuration != null">
        video_duration = #{videoDuration,jdbcType=INTEGER},
      </if>
    </set>
    where id = #{id,jdbcType=VARCHAR}
  </update>
  <update id="updateByPrimaryKey" parameterType="com.zng.model.TArticle">
    update t_article
    set login_id = #{loginId,jdbcType=VARCHAR},
      image_url = #{imageUrl,jdbcType=VARCHAR},
      title = #{title,jdbcType=VARCHAR},
      content = #{content,jdbcType=VARCHAR},
      state = #{state,jdbcType=VARCHAR},
      create_time = #{createTime,jdbcType=VARCHAR},
      update_time = #{updateTime,jdbcType=VARCHAR},
      details_url = #{detailsUrl,jdbcType=VARCHAR},
      type = #{type,jdbcType=VARCHAR},
      video_url = #{videoUrl,jdbcType=VARCHAR},
      video_duration = #{videoDuration,jdbcType=INTEGER}
    where id = #{id,jdbcType=VARCHAR}
  </update>
</mapper>