<?xml version="1.0" encoding="UTF-8"?>
<!DOCTYPE mapper PUBLIC "-//mybatis.org//DTD Mapper 3.0//EN" "http://mybatis.org/dtd/mybatis-3-mapper.dtd">
<mapper namespace="com.zng.mapper.TAssignmentCopyMapper">
  <resultMap id="BaseResultMap" type="com.zng.model.TAssignmentCopy">
    <id column="id" jdbcType="INTEGER" property="id" />
    <result column="rate" jdbcType="DECIMAL" property="rate" />
    <result column="o_type" jdbcType="VARCHAR" property="oType" />
    <result column="r_type" jdbcType="VARCHAR" property="rType" />
    <result column="o_id" jdbcType="VARCHAR" property="oId" />
    <result column="create_user" jdbcType="VARCHAR" property="createUser" />
    <result column="create_time" jdbcType="TIMESTAMP" property="createTime" />
    <result column="update_user" jdbcType="VARCHAR" property="updateUser" />
    <result column="update_time" jdbcType="TIMESTAMP" property="updateTime" />
  </resultMap>
  <sql id="Base_Column_List">
    id, rate, o_type, r_type, o_id, create_user, create_time, update_user, update_time
  </sql>
  <select id="selectByPrimaryKey" parameterType="java.lang.Integer" resultMap="BaseResultMap">
    select 
    <include refid="Base_Column_List" />
    from t_assignment_copy
    where id = #{id,jdbcType=INTEGER}
  </select>
  <delete id="deleteByPrimaryKey" parameterType="java.lang.Integer">
    delete from t_assignment_copy
    where id = #{id,jdbcType=INTEGER}
  </delete>
  <insert id="insert" parameterType="com.zng.model.TAssignmentCopy">
    insert into t_assignment_copy (id, rate, o_type, 
      r_type, o_id, create_user, 
      create_time, update_user, update_time
      )
    values (#{id,jdbcType=INTEGER}, #{rate,jdbcType=DECIMAL}, #{oType,jdbcType=VARCHAR}, 
      #{rType,jdbcType=VARCHAR}, #{oId,jdbcType=VARCHAR}, #{createUser,jdbcType=VARCHAR}, 
      #{createTime,jdbcType=TIMESTAMP}, #{updateUser,jdbcType=VARCHAR}, #{updateTime,jdbcType=TIMESTAMP}
      )
  </insert>
  <insert id="insertSelective" parameterType="com.zng.model.TAssignmentCopy">
    insert into t_assignment_copy
    <trim prefix="(" suffix=")" suffixOverrides=",">
      <if test="id != null">
        id,
      </if>
      <if test="rate != null">
        rate,
      </if>
      <if test="oType != null">
        o_type,
      </if>
      <if test="rType != null">
        r_type,
      </if>
      <if test="oId != null">
        o_id,
      </if>
      <if test="createUser != null">
        create_user,
      </if>
      <if test="createTime != null">
        create_time,
      </if>
      <if test="updateUser != null">
        update_user,
      </if>
      <if test="updateTime != null">
        update_time,
      </if>
    </trim>
    <trim prefix="values (" suffix=")" suffixOverrides=",">
      <if test="id != null">
        #{id,jdbcType=INTEGER},
      </if>
      <if test="rate != null">
        #{rate,jdbcType=DECIMAL},
      </if>
      <if test="oType != null">
        #{oType,jdbcType=VARCHAR},
      </if>
      <if test="rType != null">
        #{rType,jdbcType=VARCHAR},
      </if>
      <if test="oId != null">
        #{oId,jdbcType=VARCHAR},
      </if>
      <if test="createUser != null">
        #{createUser,jdbcType=VARCHAR},
      </if>
      <if test="createTime != null">
        #{createTime,jdbcType=TIMESTAMP},
      </if>
      <if test="updateUser != null">
        #{updateUser,jdbcType=VARCHAR},
      </if>
      <if test="updateTime != null">
        #{updateTime,jdbcType=TIMESTAMP},
      </if>
    </trim>
  </insert>
  <update id="updateByPrimaryKeySelective" parameterType="com.zng.model.TAssignmentCopy">
    update t_assignment_copy
    <set>
      <if test="rate != null">
        rate = #{rate,jdbcType=DECIMAL},
      </if>
      <if test="oType != null">
        o_type = #{oType,jdbcType=VARCHAR},
      </if>
      <if test="rType != null">
        r_type = #{rType,jdbcType=VARCHAR},
      </if>
      <if test="oId != null">
        o_id = #{oId,jdbcType=VARCHAR},
      </if>
      <if test="createUser != null">
        create_user = #{createUser,jdbcType=VARCHAR},
      </if>
      <if test="createTime != null">
        create_time = #{createTime,jdbcType=TIMESTAMP},
      </if>
      <if test="updateUser != null">
        update_user = #{updateUser,jdbcType=VARCHAR},
      </if>
      <if test="updateTime != null">
        update_time = #{updateTime,jdbcType=TIMESTAMP},
      </if>
    </set>
    where id = #{id,jdbcType=INTEGER}
  </update>
  <update id="updateByPrimaryKey" parameterType="com.zng.model.TAssignmentCopy">
    update t_assignment_copy
    set rate = #{rate,jdbcType=DECIMAL},
      o_type = #{oType,jdbcType=VARCHAR},
      r_type = #{rType,jdbcType=VARCHAR},
      o_id = #{oId,jdbcType=VARCHAR},
      create_user = #{createUser,jdbcType=VARCHAR},
      create_time = #{createTime,jdbcType=TIMESTAMP},
      update_user = #{updateUser,jdbcType=VARCHAR},
      update_time = #{updateTime,jdbcType=TIMESTAMP}
    where id = #{id,jdbcType=INTEGER}
  </update>
</mapper>