<?xml version="1.0" encoding="UTF-8"?>
<!DOCTYPE mapper PUBLIC "-//mybatis.org//DTD Mapper 3.0//EN" "http://mybatis.org/dtd/mybatis-3-mapper.dtd">
<mapper namespace="com.zng.mapper.TAssetsMapper">
  <resultMap id="BaseResultMap" type="com.zng.model.TAssets">
    <id column="id" jdbcType="VARCHAR" property="id" />
    <result column="token" jdbcType="DECIMAL" property="token" />
    <result column="state" jdbcType="VARCHAR" property="state" />
    <result column="create_time" jdbcType="VARCHAR" property="createTime" />
    <result column="update_time" jdbcType="VARCHAR" property="updateTime" />
    <result column="login_id" jdbcType="VARCHAR" property="loginId" />
    <result column="tengzun_tea" jdbcType="INTEGER" property="tengzunTea" />
    <result column="baiyu_tea" jdbcType="INTEGER" property="baiyuTea" />
    <result column="quota" jdbcType="DECIMAL" property="quota" />
    <result column="new_tea_num" jdbcType="INTEGER" property="newTeaNum" />
    <result column="redemption_amount" jdbcType="DECIMAL" property="redemptionAmount" />
    <result column="is_exchange" jdbcType="VARCHAR" property="isExchange" />
  </resultMap>
  <sql id="Base_Column_List">
    id, token, state, create_time, update_time, login_id, tengzun_tea, baiyu_tea, quota, 
    new_tea_num, redemption_amount, is_exchange
  </sql>
  <select id="selectByPrimaryKey" parameterType="java.lang.String" resultMap="BaseResultMap">
    select 
    <include refid="Base_Column_List" />
    from t_assets
    where id = #{id,jdbcType=VARCHAR}
  </select>
  <delete id="deleteByPrimaryKey" parameterType="java.lang.String">
    delete from t_assets
    where id = #{id,jdbcType=VARCHAR}
  </delete>
  <insert id="insert" parameterType="com.zng.model.TAssets">
    insert into t_assets (id, token, state, 
      create_time, update_time, login_id, 
      tengzun_tea, baiyu_tea, quota, 
      new_tea_num, redemption_amount, is_exchange
      )
    values (#{id,jdbcType=VARCHAR}, #{token,jdbcType=DECIMAL}, #{state,jdbcType=VARCHAR}, 
      #{createTime,jdbcType=VARCHAR}, #{updateTime,jdbcType=VARCHAR}, #{loginId,jdbcType=VARCHAR}, 
      #{tengzunTea,jdbcType=INTEGER}, #{baiyuTea,jdbcType=INTEGER}, #{quota,jdbcType=DECIMAL}, 
      #{newTeaNum,jdbcType=INTEGER}, #{redemptionAmount,jdbcType=DECIMAL}, #{isExchange,jdbcType=VARCHAR}
      )
  </insert>
  <insert id="insertSelective" parameterType="com.zng.model.TAssets">
    insert into t_assets
    <trim prefix="(" suffix=")" suffixOverrides=",">
      <if test="id != null">
        id,
      </if>
      <if test="token != null">
        token,
      </if>
      <if test="state != null">
        state,
      </if>
      <if test="createTime != null">
        create_time,
      </if>
      <if test="updateTime != null">
        update_time,
      </if>
      <if test="loginId != null">
        login_id,
      </if>
      <if test="tengzunTea != null">
        tengzun_tea,
      </if>
      <if test="baiyuTea != null">
        baiyu_tea,
      </if>
      <if test="quota != null">
        quota,
      </if>
      <if test="newTeaNum != null">
        new_tea_num,
      </if>
      <if test="redemptionAmount != null">
        redemption_amount,
      </if>
      <if test="isExchange != null">
        is_exchange,
      </if>
    </trim>
    <trim prefix="values (" suffix=")" suffixOverrides=",">
      <if test="id != null">
        #{id,jdbcType=VARCHAR},
      </if>
      <if test="token != null">
        #{token,jdbcType=DECIMAL},
      </if>
      <if test="state != null">
        #{state,jdbcType=VARCHAR},
      </if>
      <if test="createTime != null">
        #{createTime,jdbcType=VARCHAR},
      </if>
      <if test="updateTime != null">
        #{updateTime,jdbcType=VARCHAR},
      </if>
      <if test="loginId != null">
        #{loginId,jdbcType=VARCHAR},
      </if>
      <if test="tengzunTea != null">
        #{tengzunTea,jdbcType=INTEGER},
      </if>
      <if test="baiyuTea != null">
        #{baiyuTea,jdbcType=INTEGER},
      </if>
      <if test="quota != null">
        #{quota,jdbcType=DECIMAL},
      </if>
      <if test="newTeaNum != null">
        #{newTeaNum,jdbcType=INTEGER},
      </if>
      <if test="redemptionAmount != null">
        #{redemptionAmount,jdbcType=DECIMAL},
      </if>
      <if test="isExchange != null">
        #{isExchange,jdbcType=VARCHAR},
      </if>
    </trim>
  </insert>
  <update id="updateByPrimaryKeySelective" parameterType="com.zng.model.TAssets">
    update t_assets
    <set>
      <if test="token != null">
        token = #{token,jdbcType=DECIMAL},
      </if>
      <if test="state != null">
        state = #{state,jdbcType=VARCHAR},
      </if>
      <if test="createTime != null">
        create_time = #{createTime,jdbcType=VARCHAR},
      </if>
      <if test="updateTime != null">
        update_time = #{updateTime,jdbcType=VARCHAR},
      </if>
      <if test="loginId != null">
        login_id = #{loginId,jdbcType=VARCHAR},
      </if>
      <if test="tengzunTea != null">
        tengzun_tea = #{tengzunTea,jdbcType=INTEGER},
      </if>
      <if test="baiyuTea != null">
        baiyu_tea = #{baiyuTea,jdbcType=INTEGER},
      </if>
      <if test="quota != null">
        quota = #{quota,jdbcType=DECIMAL},
      </if>
      <if test="newTeaNum != null">
        new_tea_num = #{newTeaNum,jdbcType=INTEGER},
      </if>
      <if test="redemptionAmount != null">
        redemption_amount = #{redemptionAmount,jdbcType=DECIMAL},
      </if>
      <if test="isExchange != null">
        is_exchange = #{isExchange,jdbcType=VARCHAR},
      </if>
    </set>
    where id = #{id,jdbcType=VARCHAR}
  </update>
  <update id="updateByPrimaryKey" parameterType="com.zng.model.TAssets">
    update t_assets
    set token = #{token,jdbcType=DECIMAL},
      state = #{state,jdbcType=VARCHAR},
      create_time = #{createTime,jdbcType=VARCHAR},
      update_time = #{updateTime,jdbcType=VARCHAR},
      login_id = #{loginId,jdbcType=VARCHAR},
      tengzun_tea = #{tengzunTea,jdbcType=INTEGER},
      baiyu_tea = #{baiyuTea,jdbcType=INTEGER},
      quota = #{quota,jdbcType=DECIMAL},
      new_tea_num = #{newTeaNum,jdbcType=INTEGER},
      redemption_amount = #{redemptionAmount,jdbcType=DECIMAL},
      is_exchange = #{isExchange,jdbcType=VARCHAR}
    where id = #{id,jdbcType=VARCHAR}
  </update>
</mapper>