<?xml version="1.0" encoding="UTF-8"?>
<!DOCTYPE mapper PUBLIC "-//mybatis.org//DTD Mapper 3.0//EN" "http://mybatis.org/dtd/mybatis-3-mapper.dtd">
<mapper namespace="com.zng.mapper.TAssignmentMapper">
  <resultMap id="BaseResultMap" type="com.zng.model.TAssignment">
    <id column="id" jdbcType="INTEGER" property="id" />
    <result column="rate" jdbcType="DECIMAL" property="rate" />
    <result column="o_type" jdbcType="VARCHAR" property="oType" />
    <result column="regiment_id" jdbcType="VARCHAR" property="regimentId" />
    <result column="create_time" jdbcType="VARCHAR" property="createTime" />
    <result column="update_time" jdbcType="VARCHAR" property="updateTime" />
    <result column="state" jdbcType="VARCHAR" property="state" />
  </resultMap>
  <sql id="Base_Column_List">
    id, rate, o_type, regiment_id, create_time, update_time, state
  </sql>
  <select id="selectByPrimaryKey" parameterType="java.lang.Integer" resultMap="BaseResultMap">
    select 
    <include refid="Base_Column_List" />
    from t_assignment
    where id = #{id,jdbcType=INTEGER}
  </select>
  <delete id="deleteByPrimaryKey" parameterType="java.lang.Integer">
    delete from t_assignment
    where id = #{id,jdbcType=INTEGER}
  </delete>
  <insert id="insert" parameterType="com.zng.model.TAssignment">
    insert into t_assignment (id, rate, o_type, 
      regiment_id, create_time, update_time, 
      state)
    values (#{id,jdbcType=INTEGER}, #{rate,jdbcType=DECIMAL}, #{oType,jdbcType=VARCHAR}, 
      #{regimentId,jdbcType=VARCHAR}, #{createTime,jdbcType=VARCHAR}, #{updateTime,jdbcType=VARCHAR}, 
      #{state,jdbcType=VARCHAR})
  </insert>
  <insert id="insertSelective" parameterType="com.zng.model.TAssignment">
    insert into t_assignment
    <trim prefix="(" suffix=")" suffixOverrides=",">
      <if test="id != null">
        id,
      </if>
      <if test="rate != null">
        rate,
      </if>
      <if test="oType != null">
        o_type,
      </if>
      <if test="regimentId != null">
        regiment_id,
      </if>
      <if test="createTime != null">
        create_time,
      </if>
      <if test="updateTime != null">
        update_time,
      </if>
      <if test="state != null">
        state,
      </if>
    </trim>
    <trim prefix="values (" suffix=")" suffixOverrides=",">
      <if test="id != null">
        #{id,jdbcType=INTEGER},
      </if>
      <if test="rate != null">
        #{rate,jdbcType=DECIMAL},
      </if>
      <if test="oType != null">
        #{oType,jdbcType=VARCHAR},
      </if>
      <if test="regimentId != null">
        #{regimentId,jdbcType=VARCHAR},
      </if>
      <if test="createTime != null">
        #{createTime,jdbcType=VARCHAR},
      </if>
      <if test="updateTime != null">
        #{updateTime,jdbcType=VARCHAR},
      </if>
      <if test="state != null">
        #{state,jdbcType=VARCHAR},
      </if>
    </trim>
  </insert>
  <update id="updateByPrimaryKeySelective" parameterType="com.zng.model.TAssignment">
    update t_assignment
    <set>
      <if test="rate != null">
        rate = #{rate,jdbcType=DECIMAL},
      </if>
      <if test="oType != null">
        o_type = #{oType,jdbcType=VARCHAR},
      </if>
      <if test="regimentId != null">
        regiment_id = #{regimentId,jdbcType=VARCHAR},
      </if>
      <if test="createTime != null">
        create_time = #{createTime,jdbcType=VARCHAR},
      </if>
      <if test="updateTime != null">
        update_time = #{updateTime,jdbcType=VARCHAR},
      </if>
      <if test="state != null">
        state = #{state,jdbcType=VARCHAR},
      </if>
    </set>
    where id = #{id,jdbcType=INTEGER}
  </update>
  <update id="updateByPrimaryKey" parameterType="com.zng.model.TAssignment">
    update t_assignment
    set rate = #{rate,jdbcType=DECIMAL},
      o_type = #{oType,jdbcType=VARCHAR},
      regiment_id = #{regimentId,jdbcType=VARCHAR},
      create_time = #{createTime,jdbcType=VARCHAR},
      update_time = #{updateTime,jdbcType=VARCHAR},
      state = #{state,jdbcType=VARCHAR}
    where id = #{id,jdbcType=INTEGER}
  </update>
</mapper>