<?xml version="1.0" encoding="UTF-8"?>
<!DOCTYPE mapper PUBLIC "-//mybatis.org//DTD Mapper 3.0//EN" "http://mybatis.org/dtd/mybatis-3-mapper.dtd">
<mapper namespace="com.zng.mapper.TAuthenticationMapper">
  <resultMap id="BaseResultMap" type="com.zng.model.TAuthentication">
    <id column="id" jdbcType="VARCHAR" property="id" />
    <result column="create_time" jdbcType="VARCHAR" property="createTime" />
    <result column="update_time" jdbcType="VARCHAR" property="updateTime" />
    <result column="city_id" jdbcType="VARCHAR" property="cityId" />
    <result column="login_id" jdbcType="VARCHAR" property="loginId" />
    <result column="area" jdbcType="VARCHAR" property="area" />
    <result column="name" jdbcType="VARCHAR" property="name" />
    <result column="idc" jdbcType="VARCHAR" property="idc" />
    <result column="idcup_url" jdbcType="VARCHAR" property="idcupUrl" />
    <result column="idcdown_url" jdbcType="VARCHAR" property="idcdownUrl" />
    <result column="phone" jdbcType="VARCHAR" property="phone" />
    <result column="first_matching" jdbcType="VARCHAR" property="firstMatching" />
    <result column="second_matching" jdbcType="VARCHAR" property="secondMatching" />
    <result column="location" jdbcType="VARCHAR" property="location" />
    <result column="resources" jdbcType="VARCHAR" property="resources" />
    <result column="good_at" jdbcType="VARCHAR" property="goodAt" />
    <result column="mind" jdbcType="VARCHAR" property="mind" />
    <result column="advantage" jdbcType="VARCHAR" property="advantage" />
    <result column="experience" jdbcType="VARCHAR" property="experience" />
    <result column="role" jdbcType="VARCHAR" property="role" />
    <result column="state" jdbcType="VARCHAR" property="state" />
    <result column="pay_password" jdbcType="VARCHAR" property="payPassword" />
    <result column="code" jdbcType="VARCHAR" property="code" />
    <result column="send_time" jdbcType="BIGINT" property="sendTime" />
    <result column="pinyin" jdbcType="VARCHAR" property="pinyin" />
    <result column="reply_id" jdbcType="VARCHAR" property="replyId" />
  </resultMap>
  <sql id="Base_Column_List">
    id, create_time, update_time, city_id, login_id, area, name, idc, idcup_url, idcdown_url, 
    phone, first_matching, second_matching, location, resources, good_at, mind, advantage, 
    experience, role, state, pay_password, code, send_time, pinyin, reply_id
  </sql>
  <select id="selectByPrimaryKey" parameterType="java.lang.String" resultMap="BaseResultMap">
    select 
    <include refid="Base_Column_List" />
    from t_authentication
    where id = #{id,jdbcType=VARCHAR}
  </select>
  <delete id="deleteByPrimaryKey" parameterType="java.lang.String">
    delete from t_authentication
    where id = #{id,jdbcType=VARCHAR}
  </delete>
  <insert id="insert" parameterType="com.zng.model.TAuthentication">
    insert into t_authentication (id, create_time, update_time, 
      city_id, login_id, area, 
      name, idc, idcup_url, 
      idcdown_url, phone, first_matching, 
      second_matching, location, resources, 
      good_at, mind, advantage, 
      experience, role, state, 
      pay_password, code, send_time, 
      pinyin, reply_id)
    values (#{id,jdbcType=VARCHAR}, #{createTime,jdbcType=VARCHAR}, #{updateTime,jdbcType=VARCHAR}, 
      #{cityId,jdbcType=VARCHAR}, #{loginId,jdbcType=VARCHAR}, #{area,jdbcType=VARCHAR}, 
      #{name,jdbcType=VARCHAR}, #{idc,jdbcType=VARCHAR}, #{idcupUrl,jdbcType=VARCHAR}, 
      #{idcdownUrl,jdbcType=VARCHAR}, #{phone,jdbcType=VARCHAR}, #{firstMatching,jdbcType=VARCHAR}, 
      #{secondMatching,jdbcType=VARCHAR}, #{location,jdbcType=VARCHAR}, #{resources,jdbcType=VARCHAR}, 
      #{goodAt,jdbcType=VARCHAR}, #{mind,jdbcType=VARCHAR}, #{advantage,jdbcType=VARCHAR}, 
      #{experience,jdbcType=VARCHAR}, #{role,jdbcType=VARCHAR}, #{state,jdbcType=VARCHAR}, 
      #{payPassword,jdbcType=VARCHAR}, #{code,jdbcType=VARCHAR}, #{sendTime,jdbcType=BIGINT}, 
      #{pinyin,jdbcType=VARCHAR}, #{replyId,jdbcType=VARCHAR})
  </insert>
  <insert id="insertSelective" parameterType="com.zng.model.TAuthentication">
    insert into t_authentication
    <trim prefix="(" suffix=")" suffixOverrides=",">
      <if test="id != null">
        id,
      </if>
      <if test="createTime != null">
        create_time,
      </if>
      <if test="updateTime != null">
        update_time,
      </if>
      <if test="cityId != null">
        city_id,
      </if>
      <if test="loginId != null">
        login_id,
      </if>
      <if test="area != null">
        area,
      </if>
      <if test="name != null">
        name,
      </if>
      <if test="idc != null">
        idc,
      </if>
      <if test="idcupUrl != null">
        idcup_url,
      </if>
      <if test="idcdownUrl != null">
        idcdown_url,
      </if>
      <if test="phone != null">
        phone,
      </if>
      <if test="firstMatching != null">
        first_matching,
      </if>
      <if test="secondMatching != null">
        second_matching,
      </if>
      <if test="location != null">
        location,
      </if>
      <if test="resources != null">
        resources,
      </if>
      <if test="goodAt != null">
        good_at,
      </if>
      <if test="mind != null">
        mind,
      </if>
      <if test="advantage != null">
        advantage,
      </if>
      <if test="experience != null">
        experience,
      </if>
      <if test="role != null">
        role,
      </if>
      <if test="state != null">
        state,
      </if>
      <if test="payPassword != null">
        pay_password,
      </if>
      <if test="code != null">
        code,
      </if>
      <if test="sendTime != null">
        send_time,
      </if>
      <if test="pinyin != null">
        pinyin,
      </if>
      <if test="replyId != null">
        reply_id,
      </if>
    </trim>
    <trim prefix="values (" suffix=")" suffixOverrides=",">
      <if test="id != null">
        #{id,jdbcType=VARCHAR},
      </if>
      <if test="createTime != null">
        #{createTime,jdbcType=VARCHAR},
      </if>
      <if test="updateTime != null">
        #{updateTime,jdbcType=VARCHAR},
      </if>
      <if test="cityId != null">
        #{cityId,jdbcType=VARCHAR},
      </if>
      <if test="loginId != null">
        #{loginId,jdbcType=VARCHAR},
      </if>
      <if test="area != null">
        #{area,jdbcType=VARCHAR},
      </if>
      <if test="name != null">
        #{name,jdbcType=VARCHAR},
      </if>
      <if test="idc != null">
        #{idc,jdbcType=VARCHAR},
      </if>
      <if test="idcupUrl != null">
        #{idcupUrl,jdbcType=VARCHAR},
      </if>
      <if test="idcdownUrl != null">
        #{idcdownUrl,jdbcType=VARCHAR},
      </if>
      <if test="phone != null">
        #{phone,jdbcType=VARCHAR},
      </if>
      <if test="firstMatching != null">
        #{firstMatching,jdbcType=VARCHAR},
      </if>
      <if test="secondMatching != null">
        #{secondMatching,jdbcType=VARCHAR},
      </if>
      <if test="location != null">
        #{location,jdbcType=VARCHAR},
      </if>
      <if test="resources != null">
        #{resources,jdbcType=VARCHAR},
      </if>
      <if test="goodAt != null">
        #{goodAt,jdbcType=VARCHAR},
      </if>
      <if test="mind != null">
        #{mind,jdbcType=VARCHAR},
      </if>
      <if test="advantage != null">
        #{advantage,jdbcType=VARCHAR},
      </if>
      <if test="experience != null">
        #{experience,jdbcType=VARCHAR},
      </if>
      <if test="role != null">
        #{role,jdbcType=VARCHAR},
      </if>
      <if test="state != null">
        #{state,jdbcType=VARCHAR},
      </if>
      <if test="payPassword != null">
        #{payPassword,jdbcType=VARCHAR},
      </if>
      <if test="code != null">
        #{code,jdbcType=VARCHAR},
      </if>
      <if test="sendTime != null">
        #{sendTime,jdbcType=BIGINT},
      </if>
      <if test="pinyin != null">
        #{pinyin,jdbcType=VARCHAR},
      </if>
      <if test="replyId != null">
        #{replyId,jdbcType=VARCHAR},
      </if>
    </trim>
  </insert>
  <update id="updateByPrimaryKeySelective" parameterType="com.zng.model.TAuthentication">
    update t_authentication
    <set>
      <if test="createTime != null">
        create_time = #{createTime,jdbcType=VARCHAR},
      </if>
      <if test="updateTime != null">
        update_time = #{updateTime,jdbcType=VARCHAR},
      </if>
      <if test="cityId != null">
        city_id = #{cityId,jdbcType=VARCHAR},
      </if>
      <if test="loginId != null">
        login_id = #{loginId,jdbcType=VARCHAR},
      </if>
      <if test="area != null">
        area = #{area,jdbcType=VARCHAR},
      </if>
      <if test="name != null">
        name = #{name,jdbcType=VARCHAR},
      </if>
      <if test="idc != null">
        idc = #{idc,jdbcType=VARCHAR},
      </if>
      <if test="idcupUrl != null">
        idcup_url = #{idcupUrl,jdbcType=VARCHAR},
      </if>
      <if test="idcdownUrl != null">
        idcdown_url = #{idcdownUrl,jdbcType=VARCHAR},
      </if>
      <if test="phone != null">
        phone = #{phone,jdbcType=VARCHAR},
      </if>
      <if test="firstMatching != null">
        first_matching = #{firstMatching,jdbcType=VARCHAR},
      </if>
      <if test="secondMatching != null">
        second_matching = #{secondMatching,jdbcType=VARCHAR},
      </if>
      <if test="location != null">
        location = #{location,jdbcType=VARCHAR},
      </if>
      <if test="resources != null">
        resources = #{resources,jdbcType=VARCHAR},
      </if>
      <if test="goodAt != null">
        good_at = #{goodAt,jdbcType=VARCHAR},
      </if>
      <if test="mind != null">
        mind = #{mind,jdbcType=VARCHAR},
      </if>
      <if test="advantage != null">
        advantage = #{advantage,jdbcType=VARCHAR},
      </if>
      <if test="experience != null">
        experience = #{experience,jdbcType=VARCHAR},
      </if>
      <if test="role != null">
        role = #{role,jdbcType=VARCHAR},
      </if>
      <if test="state != null">
        state = #{state,jdbcType=VARCHAR},
      </if>
      <if test="payPassword != null">
        pay_password = #{payPassword,jdbcType=VARCHAR},
      </if>
      <if test="code != null">
        code = #{code,jdbcType=VARCHAR},
      </if>
      <if test="sendTime != null">
        send_time = #{sendTime,jdbcType=BIGINT},
      </if>
      <if test="pinyin != null">
        pinyin = #{pinyin,jdbcType=VARCHAR},
      </if>
      <if test="replyId != null">
        reply_id = #{replyId,jdbcType=VARCHAR},
      </if>
    </set>
    where id = #{id,jdbcType=VARCHAR}
  </update>
  <update id="updateByPrimaryKey" parameterType="com.zng.model.TAuthentication">
    update t_authentication
    set create_time = #{createTime,jdbcType=VARCHAR},
      update_time = #{updateTime,jdbcType=VARCHAR},
      city_id = #{cityId,jdbcType=VARCHAR},
      login_id = #{loginId,jdbcType=VARCHAR},
      area = #{area,jdbcType=VARCHAR},
      name = #{name,jdbcType=VARCHAR},
      idc = #{idc,jdbcType=VARCHAR},
      idcup_url = #{idcupUrl,jdbcType=VARCHAR},
      idcdown_url = #{idcdownUrl,jdbcType=VARCHAR},
      phone = #{phone,jdbcType=VARCHAR},
      first_matching = #{firstMatching,jdbcType=VARCHAR},
      second_matching = #{secondMatching,jdbcType=VARCHAR},
      location = #{location,jdbcType=VARCHAR},
      resources = #{resources,jdbcType=VARCHAR},
      good_at = #{goodAt,jdbcType=VARCHAR},
      mind = #{mind,jdbcType=VARCHAR},
      advantage = #{advantage,jdbcType=VARCHAR},
      experience = #{experience,jdbcType=VARCHAR},
      role = #{role,jdbcType=VARCHAR},
      state = #{state,jdbcType=VARCHAR},
      pay_password = #{payPassword,jdbcType=VARCHAR},
      code = #{code,jdbcType=VARCHAR},
      send_time = #{sendTime,jdbcType=BIGINT},
      pinyin = #{pinyin,jdbcType=VARCHAR},
      reply_id = #{replyId,jdbcType=VARCHAR}
    where id = #{id,jdbcType=VARCHAR}
  </update>
</mapper>