<?xml version="1.0" encoding="UTF-8"?>
<!DOCTYPE mapper PUBLIC "-//mybatis.org//DTD Mapper 3.0//EN" "http://mybatis.org/dtd/mybatis-3-mapper.dtd">
<mapper namespace="com.zng.mapper.TAuthenticationauditMapper">
  <resultMap id="BaseResultMap" type="com.zng.model.TAuthenticationaudit">
    <id column="id" jdbcType="VARCHAR" property="id" />
    <result column="create_time" jdbcType="VARCHAR" property="createTime" />
    <result column="update_time" jdbcType="VARCHAR" property="updateTime" />
    <result column="city_id" jdbcType="VARCHAR" property="cityId" />
    <result column="login_id" jdbcType="VARCHAR" property="loginId" />
    <result column="area" jdbcType="VARCHAR" property="area" />
    <result column="name" jdbcType="VARCHAR" property="name" />
    <result column="phone" jdbcType="VARCHAR" property="phone" />
    <result column="role_name" jdbcType="VARCHAR" property="roleName" />
    <result column="state" jdbcType="VARCHAR" property="state" />
    <result column="reply_id" jdbcType="VARCHAR" property="replyId" />
    <result column="role_id" jdbcType="VARCHAR" property="roleId" />
    <result column="province_id" jdbcType="VARCHAR" property="provinceId" />
  </resultMap>
  <sql id="Base_Column_List">
    id, create_time, update_time, city_id, login_id, area, name, phone, role_name, state, 
    reply_id, role_id, province_id
  </sql>
  <select id="selectByPrimaryKey" parameterType="java.lang.String" resultMap="BaseResultMap">
    select 
    <include refid="Base_Column_List" />
    from t_authenticationaudit
    where id = #{id,jdbcType=VARCHAR}
  </select>
  <delete id="deleteByPrimaryKey" parameterType="java.lang.String">
    delete from t_authenticationaudit
    where id = #{id,jdbcType=VARCHAR}
  </delete>
  <insert id="insert" parameterType="com.zng.model.TAuthenticationaudit">
    insert into t_authenticationaudit (id, create_time, update_time, 
      city_id, login_id, area, 
      name, phone, role_name, 
      state, reply_id, role_id, 
      province_id)
    values (#{id,jdbcType=VARCHAR}, #{createTime,jdbcType=VARCHAR}, #{updateTime,jdbcType=VARCHAR}, 
      #{cityId,jdbcType=VARCHAR}, #{loginId,jdbcType=VARCHAR}, #{area,jdbcType=VARCHAR}, 
      #{name,jdbcType=VARCHAR}, #{phone,jdbcType=VARCHAR}, #{roleName,jdbcType=VARCHAR}, 
      #{state,jdbcType=VARCHAR}, #{replyId,jdbcType=VARCHAR}, #{roleId,jdbcType=VARCHAR}, 
      #{provinceId,jdbcType=VARCHAR})
  </insert>
  <insert id="insertSelective" parameterType="com.zng.model.TAuthenticationaudit">
    insert into t_authenticationaudit
    <trim prefix="(" suffix=")" suffixOverrides=",">
      <if test="id != null">
        id,
      </if>
      <if test="createTime != null">
        create_time,
      </if>
      <if test="updateTime != null">
        update_time,
      </if>
      <if test="cityId != null">
        city_id,
      </if>
      <if test="loginId != null">
        login_id,
      </if>
      <if test="area != null">
        area,
      </if>
      <if test="name != null">
        name,
      </if>
      <if test="phone != null">
        phone,
      </if>
      <if test="roleName != null">
        role_name,
      </if>
      <if test="state != null">
        state,
      </if>
      <if test="replyId != null">
        reply_id,
      </if>
      <if test="roleId != null">
        role_id,
      </if>
      <if test="provinceId != null">
        province_id,
      </if>
    </trim>
    <trim prefix="values (" suffix=")" suffixOverrides=",">
      <if test="id != null">
        #{id,jdbcType=VARCHAR},
      </if>
      <if test="createTime != null">
        #{createTime,jdbcType=VARCHAR},
      </if>
      <if test="updateTime != null">
        #{updateTime,jdbcType=VARCHAR},
      </if>
      <if test="cityId != null">
        #{cityId,jdbcType=VARCHAR},
      </if>
      <if test="loginId != null">
        #{loginId,jdbcType=VARCHAR},
      </if>
      <if test="area != null">
        #{area,jdbcType=VARCHAR},
      </if>
      <if test="name != null">
        #{name,jdbcType=VARCHAR},
      </if>
      <if test="phone != null">
        #{phone,jdbcType=VARCHAR},
      </if>
      <if test="roleName != null">
        #{roleName,jdbcType=VARCHAR},
      </if>
      <if test="state != null">
        #{state,jdbcType=VARCHAR},
      </if>
      <if test="replyId != null">
        #{replyId,jdbcType=VARCHAR},
      </if>
      <if test="roleId != null">
        #{roleId,jdbcType=VARCHAR},
      </if>
      <if test="provinceId != null">
        #{provinceId,jdbcType=VARCHAR},
      </if>
    </trim>
  </insert>
  <update id="updateByPrimaryKeySelective" parameterType="com.zng.model.TAuthenticationaudit">
    update t_authenticationaudit
    <set>
      <if test="createTime != null">
        create_time = #{createTime,jdbcType=VARCHAR},
      </if>
      <if test="updateTime != null">
        update_time = #{updateTime,jdbcType=VARCHAR},
      </if>
      <if test="cityId != null">
        city_id = #{cityId,jdbcType=VARCHAR},
      </if>
      <if test="loginId != null">
        login_id = #{loginId,jdbcType=VARCHAR},
      </if>
      <if test="area != null">
        area = #{area,jdbcType=VARCHAR},
      </if>
      <if test="name != null">
        name = #{name,jdbcType=VARCHAR},
      </if>
      <if test="phone != null">
        phone = #{phone,jdbcType=VARCHAR},
      </if>
      <if test="roleName != null">
        role_name = #{roleName,jdbcType=VARCHAR},
      </if>
      <if test="state != null">
        state = #{state,jdbcType=VARCHAR},
      </if>
      <if test="replyId != null">
        reply_id = #{replyId,jdbcType=VARCHAR},
      </if>
      <if test="roleId != null">
        role_id = #{roleId,jdbcType=VARCHAR},
      </if>
      <if test="provinceId != null">
        province_id = #{provinceId,jdbcType=VARCHAR},
      </if>
    </set>
    where id = #{id,jdbcType=VARCHAR}
  </update>
  <update id="updateByPrimaryKey" parameterType="com.zng.model.TAuthenticationaudit">
    update t_authenticationaudit
    set create_time = #{createTime,jdbcType=VARCHAR},
      update_time = #{updateTime,jdbcType=VARCHAR},
      city_id = #{cityId,jdbcType=VARCHAR},
      login_id = #{loginId,jdbcType=VARCHAR},
      area = #{area,jdbcType=VARCHAR},
      name = #{name,jdbcType=VARCHAR},
      phone = #{phone,jdbcType=VARCHAR},
      role_name = #{roleName,jdbcType=VARCHAR},
      state = #{state,jdbcType=VARCHAR},
      reply_id = #{replyId,jdbcType=VARCHAR},
      role_id = #{roleId,jdbcType=VARCHAR},
      province_id = #{provinceId,jdbcType=VARCHAR}
    where id = #{id,jdbcType=VARCHAR}
  </update>
</mapper>