<?xml version="1.0" encoding="UTF-8"?>
<!DOCTYPE mapper PUBLIC "-//mybatis.org//DTD Mapper 3.0//EN" "http://mybatis.org/dtd/mybatis-3-mapper.dtd">
<mapper namespace="com.zng.mapper.TBaiyiMapper">
  <resultMap id="BaseResultMap" type="com.zng.model.TBaiyi">
    <id column="id" jdbcType="VARCHAR" property="id" />
    <result column="login_id" jdbcType="VARCHAR" property="loginId" />
    <result column="money" jdbcType="DECIMAL" property="money" />
    <result column="phone" jdbcType="VARCHAR" property="phone" />
    <result column="num" jdbcType="INTEGER" property="num" />
    <result column="state" jdbcType="VARCHAR" property="state" />
    <result column="create_time" jdbcType="VARCHAR" property="createTime" />
    <result column="update_time" jdbcType="VARCHAR" property="updateTime" />
    <result column="receive_payment_img" jdbcType="VARCHAR" property="receivePaymentImg" />
    <result column="review_state" jdbcType="VARCHAR" property="reviewState" />
    <result column="review_img" jdbcType="VARCHAR" property="reviewImg" />
    <result column="bank_num" jdbcType="VARCHAR" property="bankNum" />
    <result column="account_name" jdbcType="VARCHAR" property="accountName" />
    <result column="bank_address" jdbcType="VARCHAR" property="bankAddress" />
    <result column="name" jdbcType="VARCHAR" property="name" />
    <result column="idcup_url" jdbcType="VARCHAR" property="idcupUrl" />
    <result column="idcdown_url" jdbcType="VARCHAR" property="idcdownUrl" />
    <result column="end_review_state" jdbcType="VARCHAR" property="endReviewState" />
    <result column="price" jdbcType="DECIMAL" property="price" />
    <result column="idc_number" jdbcType="VARCHAR" property="idcNumber" />
    <result column="inviter_phone" jdbcType="VARCHAR" property="inviterPhone" />
    <result column="city_name" jdbcType="VARCHAR" property="cityName" />
    <result column="city_id" jdbcType="VARCHAR" property="cityId" />
    <result column="province_id" jdbcType="VARCHAR" property="provinceId" />
  </resultMap>
  <sql id="Base_Column_List">
    id, login_id, money, phone, num, state, create_time, update_time, receive_payment_img, 
    review_state, review_img, bank_num, account_name, bank_address, name, idcup_url, 
    idcdown_url, end_review_state, price, idc_number, inviter_phone, city_name, city_id, 
    province_id
  </sql>
  <select id="selectByPrimaryKey" parameterType="java.lang.String" resultMap="BaseResultMap">
    select 
    <include refid="Base_Column_List" />
    from t_baiyi
    where id = #{id,jdbcType=VARCHAR}
  </select>
  <delete id="deleteByPrimaryKey" parameterType="java.lang.String">
    delete from t_baiyi
    where id = #{id,jdbcType=VARCHAR}
  </delete>
  <insert id="insert" parameterType="com.zng.model.TBaiyi">
    insert into t_baiyi (id, login_id, money, 
      phone, num, state, 
      create_time, update_time, receive_payment_img, 
      review_state, review_img, bank_num, 
      account_name, bank_address, name, 
      idcup_url, idcdown_url, end_review_state, 
      price, idc_number, inviter_phone, 
      city_name, city_id, province_id
      )
    values (#{id,jdbcType=VARCHAR}, #{loginId,jdbcType=VARCHAR}, #{money,jdbcType=DECIMAL}, 
      #{phone,jdbcType=VARCHAR}, #{num,jdbcType=INTEGER}, #{state,jdbcType=VARCHAR}, 
      #{createTime,jdbcType=VARCHAR}, #{updateTime,jdbcType=VARCHAR}, #{receivePaymentImg,jdbcType=VARCHAR}, 
      #{reviewState,jdbcType=VARCHAR}, #{reviewImg,jdbcType=VARCHAR}, #{bankNum,jdbcType=VARCHAR}, 
      #{accountName,jdbcType=VARCHAR}, #{bankAddress,jdbcType=VARCHAR}, #{name,jdbcType=VARCHAR}, 
      #{idcupUrl,jdbcType=VARCHAR}, #{idcdownUrl,jdbcType=VARCHAR}, #{endReviewState,jdbcType=VARCHAR}, 
      #{price,jdbcType=DECIMAL}, #{idcNumber,jdbcType=VARCHAR}, #{inviterPhone,jdbcType=VARCHAR}, 
      #{cityName,jdbcType=VARCHAR}, #{cityId,jdbcType=VARCHAR}, #{provinceId,jdbcType=VARCHAR}
      )
  </insert>
  <insert id="insertSelective" parameterType="com.zng.model.TBaiyi">
    insert into t_baiyi
    <trim prefix="(" suffix=")" suffixOverrides=",">
      <if test="id != null">
        id,
      </if>
      <if test="loginId != null">
        login_id,
      </if>
      <if test="money != null">
        money,
      </if>
      <if test="phone != null">
        phone,
      </if>
      <if test="num != null">
        num,
      </if>
      <if test="state != null">
        state,
      </if>
      <if test="createTime != null">
        create_time,
      </if>
      <if test="updateTime != null">
        update_time,
      </if>
      <if test="receivePaymentImg != null">
        receive_payment_img,
      </if>
      <if test="reviewState != null">
        review_state,
      </if>
      <if test="reviewImg != null">
        review_img,
      </if>
      <if test="bankNum != null">
        bank_num,
      </if>
      <if test="accountName != null">
        account_name,
      </if>
      <if test="bankAddress != null">
        bank_address,
      </if>
      <if test="name != null">
        name,
      </if>
      <if test="idcupUrl != null">
        idcup_url,
      </if>
      <if test="idcdownUrl != null">
        idcdown_url,
      </if>
      <if test="endReviewState != null">
        end_review_state,
      </if>
      <if test="price != null">
        price,
      </if>
      <if test="idcNumber != null">
        idc_number,
      </if>
      <if test="inviterPhone != null">
        inviter_phone,
      </if>
      <if test="cityName != null">
        city_name,
      </if>
      <if test="cityId != null">
        city_id,
      </if>
      <if test="provinceId != null">
        province_id,
      </if>
    </trim>
    <trim prefix="values (" suffix=")" suffixOverrides=",">
      <if test="id != null">
        #{id,jdbcType=VARCHAR},
      </if>
      <if test="loginId != null">
        #{loginId,jdbcType=VARCHAR},
      </if>
      <if test="money != null">
        #{money,jdbcType=DECIMAL},
      </if>
      <if test="phone != null">
        #{phone,jdbcType=VARCHAR},
      </if>
      <if test="num != null">
        #{num,jdbcType=INTEGER},
      </if>
      <if test="state != null">
        #{state,jdbcType=VARCHAR},
      </if>
      <if test="createTime != null">
        #{createTime,jdbcType=VARCHAR},
      </if>
      <if test="updateTime != null">
        #{updateTime,jdbcType=VARCHAR},
      </if>
      <if test="receivePaymentImg != null">
        #{receivePaymentImg,jdbcType=VARCHAR},
      </if>
      <if test="reviewState != null">
        #{reviewState,jdbcType=VARCHAR},
      </if>
      <if test="reviewImg != null">
        #{reviewImg,jdbcType=VARCHAR},
      </if>
      <if test="bankNum != null">
        #{bankNum,jdbcType=VARCHAR},
      </if>
      <if test="accountName != null">
        #{accountName,jdbcType=VARCHAR},
      </if>
      <if test="bankAddress != null">
        #{bankAddress,jdbcType=VARCHAR},
      </if>
      <if test="name != null">
        #{name,jdbcType=VARCHAR},
      </if>
      <if test="idcupUrl != null">
        #{idcupUrl,jdbcType=VARCHAR},
      </if>
      <if test="idcdownUrl != null">
        #{idcdownUrl,jdbcType=VARCHAR},
      </if>
      <if test="endReviewState != null">
        #{endReviewState,jdbcType=VARCHAR},
      </if>
      <if test="price != null">
        #{price,jdbcType=DECIMAL},
      </if>
      <if test="idcNumber != null">
        #{idcNumber,jdbcType=VARCHAR},
      </if>
      <if test="inviterPhone != null">
        #{inviterPhone,jdbcType=VARCHAR},
      </if>
      <if test="cityName != null">
        #{cityName,jdbcType=VARCHAR},
      </if>
      <if test="cityId != null">
        #{cityId,jdbcType=VARCHAR},
      </if>
      <if test="provinceId != null">
        #{provinceId,jdbcType=VARCHAR},
      </if>
    </trim>
  </insert>
  <update id="updateByPrimaryKeySelective" parameterType="com.zng.model.TBaiyi">
    update t_baiyi
    <set>
      <if test="loginId != null">
        login_id = #{loginId,jdbcType=VARCHAR},
      </if>
      <if test="money != null">
        money = #{money,jdbcType=DECIMAL},
      </if>
      <if test="phone != null">
        phone = #{phone,jdbcType=VARCHAR},
      </if>
      <if test="num != null">
        num = #{num,jdbcType=INTEGER},
      </if>
      <if test="state != null">
        state = #{state,jdbcType=VARCHAR},
      </if>
      <if test="createTime != null">
        create_time = #{createTime,jdbcType=VARCHAR},
      </if>
      <if test="updateTime != null">
        update_time = #{updateTime,jdbcType=VARCHAR},
      </if>
      <if test="receivePaymentImg != null">
        receive_payment_img = #{receivePaymentImg,jdbcType=VARCHAR},
      </if>
      <if test="reviewState != null">
        review_state = #{reviewState,jdbcType=VARCHAR},
      </if>
      <if test="reviewImg != null">
        review_img = #{reviewImg,jdbcType=VARCHAR},
      </if>
      <if test="bankNum != null">
        bank_num = #{bankNum,jdbcType=VARCHAR},
      </if>
      <if test="accountName != null">
        account_name = #{accountName,jdbcType=VARCHAR},
      </if>
      <if test="bankAddress != null">
        bank_address = #{bankAddress,jdbcType=VARCHAR},
      </if>
      <if test="name != null">
        name = #{name,jdbcType=VARCHAR},
      </if>
      <if test="idcupUrl != null">
        idcup_url = #{idcupUrl,jdbcType=VARCHAR},
      </if>
      <if test="idcdownUrl != null">
        idcdown_url = #{idcdownUrl,jdbcType=VARCHAR},
      </if>
      <if test="endReviewState != null">
        end_review_state = #{endReviewState,jdbcType=VARCHAR},
      </if>
      <if test="price != null">
        price = #{price,jdbcType=DECIMAL},
      </if>
      <if test="idcNumber != null">
        idc_number = #{idcNumber,jdbcType=VARCHAR},
      </if>
      <if test="inviterPhone != null">
        inviter_phone = #{inviterPhone,jdbcType=VARCHAR},
      </if>
      <if test="cityName != null">
        city_name = #{cityName,jdbcType=VARCHAR},
      </if>
      <if test="cityId != null">
        city_id = #{cityId,jdbcType=VARCHAR},
      </if>
      <if test="provinceId != null">
        province_id = #{provinceId,jdbcType=VARCHAR},
      </if>
    </set>
    where id = #{id,jdbcType=VARCHAR}
  </update>
  <update id="updateByPrimaryKey" parameterType="com.zng.model.TBaiyi">
    update t_baiyi
    set login_id = #{loginId,jdbcType=VARCHAR},
      money = #{money,jdbcType=DECIMAL},
      phone = #{phone,jdbcType=VARCHAR},
      num = #{num,jdbcType=INTEGER},
      state = #{state,jdbcType=VARCHAR},
      create_time = #{createTime,jdbcType=VARCHAR},
      update_time = #{updateTime,jdbcType=VARCHAR},
      receive_payment_img = #{receivePaymentImg,jdbcType=VARCHAR},
      review_state = #{reviewState,jdbcType=VARCHAR},
      review_img = #{reviewImg,jdbcType=VARCHAR},
      bank_num = #{bankNum,jdbcType=VARCHAR},
      account_name = #{accountName,jdbcType=VARCHAR},
      bank_address = #{bankAddress,jdbcType=VARCHAR},
      name = #{name,jdbcType=VARCHAR},
      idcup_url = #{idcupUrl,jdbcType=VARCHAR},
      idcdown_url = #{idcdownUrl,jdbcType=VARCHAR},
      end_review_state = #{endReviewState,jdbcType=VARCHAR},
      price = #{price,jdbcType=DECIMAL},
      idc_number = #{idcNumber,jdbcType=VARCHAR},
      inviter_phone = #{inviterPhone,jdbcType=VARCHAR},
      city_name = #{cityName,jdbcType=VARCHAR},
      city_id = #{cityId,jdbcType=VARCHAR},
      province_id = #{provinceId,jdbcType=VARCHAR}
    where id = #{id,jdbcType=VARCHAR}
  </update>
</mapper>