<?xml version="1.0" encoding="UTF-8"?>
<!DOCTYPE mapper PUBLIC "-//mybatis.org//DTD Mapper 3.0//EN" "http://mybatis.org/dtd/mybatis-3-mapper.dtd">
<mapper namespace="com.zng.mapper.TBaiyilockMapper">
  <resultMap id="BaseResultMap" type="com.zng.model.TBaiyilock">
    <id column="id" jdbcType="VARCHAR" property="id" />
    <result column="login_id" jdbcType="VARCHAR" property="loginId" />
    <result column="token" jdbcType="DECIMAL" property="token" />
    <result column="price" jdbcType="DECIMAL" property="price" />
    <result column="phone" jdbcType="VARCHAR" property="phone" />
    <result column="name" jdbcType="VARCHAR" property="name" />
    <result column="state" jdbcType="VARCHAR" property="state" />
    <result column="create_time" jdbcType="VARCHAR" property="createTime" />
    <result column="update_time" jdbcType="VARCHAR" property="updateTime" />
    <result column="num" jdbcType="INTEGER" property="num" />
    <result column="start_time" jdbcType="VARCHAR" property="startTime" />
    <result column="end_time" jdbcType="VARCHAR" property="endTime" />
    <result column="free_token" jdbcType="DECIMAL" property="freeToken" />
    <result column="promote_two_rank" jdbcType="INTEGER" property="promoteTwoRank" />
    <result column="promote_three_rank" jdbcType="INTEGER" property="promoteThreeRank" />
  </resultMap>
  <sql id="Base_Column_List">
    id, login_id, token, price, phone, name, state, create_time, update_time, num, start_time, 
    end_time, free_token, promote_two_rank, promote_three_rank
  </sql>
  <select id="selectByPrimaryKey" parameterType="java.lang.String" resultMap="BaseResultMap">
    select 
    <include refid="Base_Column_List" />
    from t_baiyilock
    where id = #{id,jdbcType=VARCHAR}
  </select>
  <delete id="deleteByPrimaryKey" parameterType="java.lang.String">
    delete from t_baiyilock
    where id = #{id,jdbcType=VARCHAR}
  </delete>
  <insert id="insert" parameterType="com.zng.model.TBaiyilock">
    insert into t_baiyilock (id, login_id, token, 
      price, phone, name, 
      state, create_time, update_time, 
      num, start_time, end_time, 
      free_token, promote_two_rank, promote_three_rank
      )
    values (#{id,jdbcType=VARCHAR}, #{loginId,jdbcType=VARCHAR}, #{token,jdbcType=DECIMAL}, 
      #{price,jdbcType=DECIMAL}, #{phone,jdbcType=VARCHAR}, #{name,jdbcType=VARCHAR}, 
      #{state,jdbcType=VARCHAR}, #{createTime,jdbcType=VARCHAR}, #{updateTime,jdbcType=VARCHAR}, 
      #{num,jdbcType=INTEGER}, #{startTime,jdbcType=VARCHAR}, #{endTime,jdbcType=VARCHAR}, 
      #{freeToken,jdbcType=DECIMAL}, #{promoteTwoRank,jdbcType=INTEGER}, #{promoteThreeRank,jdbcType=INTEGER}
      )
  </insert>
  <insert id="insertSelective" parameterType="com.zng.model.TBaiyilock">
    insert into t_baiyilock
    <trim prefix="(" suffix=")" suffixOverrides=",">
      <if test="id != null">
        id,
      </if>
      <if test="loginId != null">
        login_id,
      </if>
      <if test="token != null">
        token,
      </if>
      <if test="price != null">
        price,
      </if>
      <if test="phone != null">
        phone,
      </if>
      <if test="name != null">
        name,
      </if>
      <if test="state != null">
        state,
      </if>
      <if test="createTime != null">
        create_time,
      </if>
      <if test="updateTime != null">
        update_time,
      </if>
      <if test="num != null">
        num,
      </if>
      <if test="startTime != null">
        start_time,
      </if>
      <if test="endTime != null">
        end_time,
      </if>
      <if test="freeToken != null">
        free_token,
      </if>
      <if test="promoteTwoRank != null">
        promote_two_rank,
      </if>
      <if test="promoteThreeRank != null">
        promote_three_rank,
      </if>
    </trim>
    <trim prefix="values (" suffix=")" suffixOverrides=",">
      <if test="id != null">
        #{id,jdbcType=VARCHAR},
      </if>
      <if test="loginId != null">
        #{loginId,jdbcType=VARCHAR},
      </if>
      <if test="token != null">
        #{token,jdbcType=DECIMAL},
      </if>
      <if test="price != null">
        #{price,jdbcType=DECIMAL},
      </if>
      <if test="phone != null">
        #{phone,jdbcType=VARCHAR},
      </if>
      <if test="name != null">
        #{name,jdbcType=VARCHAR},
      </if>
      <if test="state != null">
        #{state,jdbcType=VARCHAR},
      </if>
      <if test="createTime != null">
        #{createTime,jdbcType=VARCHAR},
      </if>
      <if test="updateTime != null">
        #{updateTime,jdbcType=VARCHAR},
      </if>
      <if test="num != null">
        #{num,jdbcType=INTEGER},
      </if>
      <if test="startTime != null">
        #{startTime,jdbcType=VARCHAR},
      </if>
      <if test="endTime != null">
        #{endTime,jdbcType=VARCHAR},
      </if>
      <if test="freeToken != null">
        #{freeToken,jdbcType=DECIMAL},
      </if>
      <if test="promoteTwoRank != null">
        #{promoteTwoRank,jdbcType=INTEGER},
      </if>
      <if test="promoteThreeRank != null">
        #{promoteThreeRank,jdbcType=INTEGER},
      </if>
    </trim>
  </insert>
  <update id="updateByPrimaryKeySelective" parameterType="com.zng.model.TBaiyilock">
    update t_baiyilock
    <set>
      <if test="loginId != null">
        login_id = #{loginId,jdbcType=VARCHAR},
      </if>
      <if test="token != null">
        token = #{token,jdbcType=DECIMAL},
      </if>
      <if test="price != null">
        price = #{price,jdbcType=DECIMAL},
      </if>
      <if test="phone != null">
        phone = #{phone,jdbcType=VARCHAR},
      </if>
      <if test="name != null">
        name = #{name,jdbcType=VARCHAR},
      </if>
      <if test="state != null">
        state = #{state,jdbcType=VARCHAR},
      </if>
      <if test="createTime != null">
        create_time = #{createTime,jdbcType=VARCHAR},
      </if>
      <if test="updateTime != null">
        update_time = #{updateTime,jdbcType=VARCHAR},
      </if>
      <if test="num != null">
        num = #{num,jdbcType=INTEGER},
      </if>
      <if test="startTime != null">
        start_time = #{startTime,jdbcType=VARCHAR},
      </if>
      <if test="endTime != null">
        end_time = #{endTime,jdbcType=VARCHAR},
      </if>
      <if test="freeToken != null">
        free_token = #{freeToken,jdbcType=DECIMAL},
      </if>
      <if test="promoteTwoRank != null">
        promote_two_rank = #{promoteTwoRank,jdbcType=INTEGER},
      </if>
      <if test="promoteThreeRank != null">
        promote_three_rank = #{promoteThreeRank,jdbcType=INTEGER},
      </if>
    </set>
    where id = #{id,jdbcType=VARCHAR}
  </update>
  <update id="updateByPrimaryKey" parameterType="com.zng.model.TBaiyilock">
    update t_baiyilock
    set login_id = #{loginId,jdbcType=VARCHAR},
      token = #{token,jdbcType=DECIMAL},
      price = #{price,jdbcType=DECIMAL},
      phone = #{phone,jdbcType=VARCHAR},
      name = #{name,jdbcType=VARCHAR},
      state = #{state,jdbcType=VARCHAR},
      create_time = #{createTime,jdbcType=VARCHAR},
      update_time = #{updateTime,jdbcType=VARCHAR},
      num = #{num,jdbcType=INTEGER},
      start_time = #{startTime,jdbcType=VARCHAR},
      end_time = #{endTime,jdbcType=VARCHAR},
      free_token = #{freeToken,jdbcType=DECIMAL},
      promote_two_rank = #{promoteTwoRank,jdbcType=INTEGER},
      promote_three_rank = #{promoteThreeRank,jdbcType=INTEGER}
    where id = #{id,jdbcType=VARCHAR}
  </update>
</mapper>