<?xml version="1.0" encoding="UTF-8"?>
<!DOCTYPE mapper PUBLIC "-//mybatis.org//DTD Mapper 3.0//EN" "http://mybatis.org/dtd/mybatis-3-mapper.dtd">
<mapper namespace="com.zng.mapper.TBannerMapper">
  <resultMap id="BaseResultMap" type="com.zng.model.TBanner">
    <id column="id" jdbcType="VARCHAR" property="id" />
    <result column="image_url" jdbcType="VARCHAR" property="imageUrl" />
    <result column="title" jdbcType="VARCHAR" property="title" />
    <result column="state" jdbcType="VARCHAR" property="state" />
    <result column="create_time" jdbcType="VARCHAR" property="createTime" />
    <result column="update_time" jdbcType="VARCHAR" property="updateTime" />
    <result column="type" jdbcType="VARCHAR" property="type" />
    <result column="commodity_id" jdbcType="VARCHAR" property="commodityId" />
    <result column="business_id" jdbcType="VARCHAR" property="businessId" />
    <result column="path" jdbcType="VARCHAR" property="path" />
    <result column="platform_type" jdbcType="VARCHAR" property="platformType" />
    <result column="original_price" jdbcType="VARCHAR" property="originalPrice" />
    <result column="current_price" jdbcType="VARCHAR" property="currentPrice" />
    <result column="sort" jdbcType="INTEGER" property="sort" />
  </resultMap>
  <sql id="Base_Column_List">
    id, image_url, title, state, create_time, update_time, type, commodity_id, business_id, 
    path, platform_type, original_price, current_price, sort
  </sql>
  <select id="selectByPrimaryKey" parameterType="java.lang.String" resultMap="BaseResultMap">
    select 
    <include refid="Base_Column_List" />
    from t_banner
    where id = #{id,jdbcType=VARCHAR}
  </select>
  <delete id="deleteByPrimaryKey" parameterType="java.lang.String">
    delete from t_banner
    where id = #{id,jdbcType=VARCHAR}
  </delete>
  <insert id="insert" parameterType="com.zng.model.TBanner">
    insert into t_banner (id, image_url, title, 
      state, create_time, update_time, 
      type, commodity_id, business_id, 
      path, platform_type, original_price, 
      current_price, sort)
    values (#{id,jdbcType=VARCHAR}, #{imageUrl,jdbcType=VARCHAR}, #{title,jdbcType=VARCHAR}, 
      #{state,jdbcType=VARCHAR}, #{createTime,jdbcType=VARCHAR}, #{updateTime,jdbcType=VARCHAR}, 
      #{type,jdbcType=VARCHAR}, #{commodityId,jdbcType=VARCHAR}, #{businessId,jdbcType=VARCHAR}, 
      #{path,jdbcType=VARCHAR}, #{platformType,jdbcType=VARCHAR}, #{originalPrice,jdbcType=VARCHAR}, 
      #{currentPrice,jdbcType=VARCHAR}, #{sort,jdbcType=INTEGER})
  </insert>
  <insert id="insertSelective" parameterType="com.zng.model.TBanner">
    insert into t_banner
    <trim prefix="(" suffix=")" suffixOverrides=",">
      <if test="id != null">
        id,
      </if>
      <if test="imageUrl != null">
        image_url,
      </if>
      <if test="title != null">
        title,
      </if>
      <if test="state != null">
        state,
      </if>
      <if test="createTime != null">
        create_time,
      </if>
      <if test="updateTime != null">
        update_time,
      </if>
      <if test="type != null">
        type,
      </if>
      <if test="commodityId != null">
        commodity_id,
      </if>
      <if test="businessId != null">
        business_id,
      </if>
      <if test="path != null">
        path,
      </if>
      <if test="platformType != null">
        platform_type,
      </if>
      <if test="originalPrice != null">
        original_price,
      </if>
      <if test="currentPrice != null">
        current_price,
      </if>
      <if test="sort != null">
        sort,
      </if>
    </trim>
    <trim prefix="values (" suffix=")" suffixOverrides=",">
      <if test="id != null">
        #{id,jdbcType=VARCHAR},
      </if>
      <if test="imageUrl != null">
        #{imageUrl,jdbcType=VARCHAR},
      </if>
      <if test="title != null">
        #{title,jdbcType=VARCHAR},
      </if>
      <if test="state != null">
        #{state,jdbcType=VARCHAR},
      </if>
      <if test="createTime != null">
        #{createTime,jdbcType=VARCHAR},
      </if>
      <if test="updateTime != null">
        #{updateTime,jdbcType=VARCHAR},
      </if>
      <if test="type != null">
        #{type,jdbcType=VARCHAR},
      </if>
      <if test="commodityId != null">
        #{commodityId,jdbcType=VARCHAR},
      </if>
      <if test="businessId != null">
        #{businessId,jdbcType=VARCHAR},
      </if>
      <if test="path != null">
        #{path,jdbcType=VARCHAR},
      </if>
      <if test="platformType != null">
        #{platformType,jdbcType=VARCHAR},
      </if>
      <if test="originalPrice != null">
        #{originalPrice,jdbcType=VARCHAR},
      </if>
      <if test="currentPrice != null">
        #{currentPrice,jdbcType=VARCHAR},
      </if>
      <if test="sort != null">
        #{sort,jdbcType=INTEGER},
      </if>
    </trim>
  </insert>
  <update id="updateByPrimaryKeySelective" parameterType="com.zng.model.TBanner">
    update t_banner
    <set>
      <if test="imageUrl != null">
        image_url = #{imageUrl,jdbcType=VARCHAR},
      </if>
      <if test="title != null">
        title = #{title,jdbcType=VARCHAR},
      </if>
      <if test="state != null">
        state = #{state,jdbcType=VARCHAR},
      </if>
      <if test="createTime != null">
        create_time = #{createTime,jdbcType=VARCHAR},
      </if>
      <if test="updateTime != null">
        update_time = #{updateTime,jdbcType=VARCHAR},
      </if>
      <if test="type != null">
        type = #{type,jdbcType=VARCHAR},
      </if>
      <if test="commodityId != null">
        commodity_id = #{commodityId,jdbcType=VARCHAR},
      </if>
      <if test="businessId != null">
        business_id = #{businessId,jdbcType=VARCHAR},
      </if>
      <if test="path != null">
        path = #{path,jdbcType=VARCHAR},
      </if>
      <if test="platformType != null">
        platform_type = #{platformType,jdbcType=VARCHAR},
      </if>
      <if test="originalPrice != null">
        original_price = #{originalPrice,jdbcType=VARCHAR},
      </if>
      <if test="currentPrice != null">
        current_price = #{currentPrice,jdbcType=VARCHAR},
      </if>
      <if test="sort != null">
        sort = #{sort,jdbcType=INTEGER},
      </if>
    </set>
    where id = #{id,jdbcType=VARCHAR}
  </update>
  <update id="updateByPrimaryKey" parameterType="com.zng.model.TBanner">
    update t_banner
    set image_url = #{imageUrl,jdbcType=VARCHAR},
      title = #{title,jdbcType=VARCHAR},
      state = #{state,jdbcType=VARCHAR},
      create_time = #{createTime,jdbcType=VARCHAR},
      update_time = #{updateTime,jdbcType=VARCHAR},
      type = #{type,jdbcType=VARCHAR},
      commodity_id = #{commodityId,jdbcType=VARCHAR},
      business_id = #{businessId,jdbcType=VARCHAR},
      path = #{path,jdbcType=VARCHAR},
      platform_type = #{platformType,jdbcType=VARCHAR},
      original_price = #{originalPrice,jdbcType=VARCHAR},
      current_price = #{currentPrice,jdbcType=VARCHAR},
      sort = #{sort,jdbcType=INTEGER}
    where id = #{id,jdbcType=VARCHAR}
  </update>
</mapper>