<?xml version="1.0" encoding="UTF-8"?>
<!DOCTYPE mapper PUBLIC "-//mybatis.org//DTD Mapper 3.0//EN" "http://mybatis.org/dtd/mybatis-3-mapper.dtd">
<mapper namespace="com.zng.mapper.TBanktransferMapper">
  <resultMap id="BaseResultMap" type="com.zng.model.TBanktransfer">
    <id column="id" jdbcType="VARCHAR" property="id" />
    <result column="state" jdbcType="VARCHAR" property="state" />
    <result column="create_time" jdbcType="VARCHAR" property="createTime" />
    <result column="update_time" jdbcType="VARCHAR" property="updateTime" />
    <result column="order_id" jdbcType="VARCHAR" property="orderId" />
    <result column="parent_order_id" jdbcType="VARCHAR" property="parentOrderId" />
    <result column="total" jdbcType="DECIMAL" property="total" />
    <result column="business_id" jdbcType="VARCHAR" property="businessId" />
    <result column="pay_time" jdbcType="VARCHAR" property="payTime" />
  </resultMap>
  <sql id="Base_Column_List">
    id, state, create_time, update_time, order_id, parent_order_id, total, business_id, 
    pay_time
  </sql>
  <select id="selectByPrimaryKey" parameterType="java.lang.String" resultMap="BaseResultMap">
    select 
    <include refid="Base_Column_List" />
    from t_banktransfer
    where id = #{id,jdbcType=VARCHAR}
  </select>
  <delete id="deleteByPrimaryKey" parameterType="java.lang.String">
    delete from t_banktransfer
    where id = #{id,jdbcType=VARCHAR}
  </delete>
  <insert id="insert" parameterType="com.zng.model.TBanktransfer">
    insert into t_banktransfer (id, state, create_time, 
      update_time, order_id, parent_order_id, 
      total, business_id, pay_time
      )
    values (#{id,jdbcType=VARCHAR}, #{state,jdbcType=VARCHAR}, #{createTime,jdbcType=VARCHAR}, 
      #{updateTime,jdbcType=VARCHAR}, #{orderId,jdbcType=VARCHAR}, #{parentOrderId,jdbcType=VARCHAR}, 
      #{total,jdbcType=DECIMAL}, #{businessId,jdbcType=VARCHAR}, #{payTime,jdbcType=VARCHAR}
      )
  </insert>
  <insert id="insertSelective" parameterType="com.zng.model.TBanktransfer">
    insert into t_banktransfer
    <trim prefix="(" suffix=")" suffixOverrides=",">
      <if test="id != null">
        id,
      </if>
      <if test="state != null">
        state,
      </if>
      <if test="createTime != null">
        create_time,
      </if>
      <if test="updateTime != null">
        update_time,
      </if>
      <if test="orderId != null">
        order_id,
      </if>
      <if test="parentOrderId != null">
        parent_order_id,
      </if>
      <if test="total != null">
        total,
      </if>
      <if test="businessId != null">
        business_id,
      </if>
      <if test="payTime != null">
        pay_time,
      </if>
    </trim>
    <trim prefix="values (" suffix=")" suffixOverrides=",">
      <if test="id != null">
        #{id,jdbcType=VARCHAR},
      </if>
      <if test="state != null">
        #{state,jdbcType=VARCHAR},
      </if>
      <if test="createTime != null">
        #{createTime,jdbcType=VARCHAR},
      </if>
      <if test="updateTime != null">
        #{updateTime,jdbcType=VARCHAR},
      </if>
      <if test="orderId != null">
        #{orderId,jdbcType=VARCHAR},
      </if>
      <if test="parentOrderId != null">
        #{parentOrderId,jdbcType=VARCHAR},
      </if>
      <if test="total != null">
        #{total,jdbcType=DECIMAL},
      </if>
      <if test="businessId != null">
        #{businessId,jdbcType=VARCHAR},
      </if>
      <if test="payTime != null">
        #{payTime,jdbcType=VARCHAR},
      </if>
    </trim>
  </insert>
  <update id="updateByPrimaryKeySelective" parameterType="com.zng.model.TBanktransfer">
    update t_banktransfer
    <set>
      <if test="state != null">
        state = #{state,jdbcType=VARCHAR},
      </if>
      <if test="createTime != null">
        create_time = #{createTime,jdbcType=VARCHAR},
      </if>
      <if test="updateTime != null">
        update_time = #{updateTime,jdbcType=VARCHAR},
      </if>
      <if test="orderId != null">
        order_id = #{orderId,jdbcType=VARCHAR},
      </if>
      <if test="parentOrderId != null">
        parent_order_id = #{parentOrderId,jdbcType=VARCHAR},
      </if>
      <if test="total != null">
        total = #{total,jdbcType=DECIMAL},
      </if>
      <if test="businessId != null">
        business_id = #{businessId,jdbcType=VARCHAR},
      </if>
      <if test="payTime != null">
        pay_time = #{payTime,jdbcType=VARCHAR},
      </if>
    </set>
    where id = #{id,jdbcType=VARCHAR}
  </update>
  <update id="updateByPrimaryKey" parameterType="com.zng.model.TBanktransfer">
    update t_banktransfer
    set state = #{state,jdbcType=VARCHAR},
      create_time = #{createTime,jdbcType=VARCHAR},
      update_time = #{updateTime,jdbcType=VARCHAR},
      order_id = #{orderId,jdbcType=VARCHAR},
      parent_order_id = #{parentOrderId,jdbcType=VARCHAR},
      total = #{total,jdbcType=DECIMAL},
      business_id = #{businessId,jdbcType=VARCHAR},
      pay_time = #{payTime,jdbcType=VARCHAR}
    where id = #{id,jdbcType=VARCHAR}
  </update>
</mapper>