<?xml version="1.0" encoding="UTF-8"?>
<!DOCTYPE mapper PUBLIC "-//mybatis.org//DTD Mapper 3.0//EN" "http://mybatis.org/dtd/mybatis-3-mapper.dtd">
<mapper namespace="com.zng.mapper.TBigheromissionMapper">
  <resultMap id="BaseResultMap" type="com.zng.model.TBigheromission">
    <id column="id" jdbcType="VARCHAR" property="id" />
    <result column="state" jdbcType="VARCHAR" property="state" />
    <result column="create_time" jdbcType="VARCHAR" property="createTime" />
    <result column="update_time" jdbcType="VARCHAR" property="updateTime" />
    <result column="login_id" jdbcType="VARCHAR" property="loginId" />
    <result column="course_one_state" jdbcType="VARCHAR" property="courseOneState" />
    <result column="course_two_state" jdbcType="VARCHAR" property="courseTwoState" />
    <result column="course_three_state" jdbcType="VARCHAR" property="courseThreeState" />
    <result column="challenge_one_state" jdbcType="VARCHAR" property="challengeOneState" />
    <result column="course_four_state" jdbcType="VARCHAR" property="courseFourState" />
    <result column="reward" jdbcType="DECIMAL" property="reward" />
    <result column="is_join_live" jdbcType="VARCHAR" property="isJoinLive" />
  </resultMap>
  <sql id="Base_Column_List">
    id, state, create_time, update_time, login_id, course_one_state, course_two_state, 
    course_three_state, challenge_one_state, course_four_state, reward, is_join_live
  </sql>
  <select id="selectByPrimaryKey" parameterType="java.lang.String" resultMap="BaseResultMap">
    select 
    <include refid="Base_Column_List" />
    from t_bigheromission
    where id = #{id,jdbcType=VARCHAR}
  </select>
  <delete id="deleteByPrimaryKey" parameterType="java.lang.String">
    delete from t_bigheromission
    where id = #{id,jdbcType=VARCHAR}
  </delete>
  <insert id="insert" parameterType="com.zng.model.TBigheromission">
    insert into t_bigheromission (id, state, create_time, 
      update_time, login_id, course_one_state, 
      course_two_state, course_three_state, challenge_one_state, 
      course_four_state, reward, is_join_live
      )
    values (#{id,jdbcType=VARCHAR}, #{state,jdbcType=VARCHAR}, #{createTime,jdbcType=VARCHAR}, 
      #{updateTime,jdbcType=VARCHAR}, #{loginId,jdbcType=VARCHAR}, #{courseOneState,jdbcType=VARCHAR}, 
      #{courseTwoState,jdbcType=VARCHAR}, #{courseThreeState,jdbcType=VARCHAR}, #{challengeOneState,jdbcType=VARCHAR}, 
      #{courseFourState,jdbcType=VARCHAR}, #{reward,jdbcType=DECIMAL}, #{isJoinLive,jdbcType=VARCHAR}
      )
  </insert>
  <insert id="insertSelective" parameterType="com.zng.model.TBigheromission">
    insert into t_bigheromission
    <trim prefix="(" suffix=")" suffixOverrides=",">
      <if test="id != null">
        id,
      </if>
      <if test="state != null">
        state,
      </if>
      <if test="createTime != null">
        create_time,
      </if>
      <if test="updateTime != null">
        update_time,
      </if>
      <if test="loginId != null">
        login_id,
      </if>
      <if test="courseOneState != null">
        course_one_state,
      </if>
      <if test="courseTwoState != null">
        course_two_state,
      </if>
      <if test="courseThreeState != null">
        course_three_state,
      </if>
      <if test="challengeOneState != null">
        challenge_one_state,
      </if>
      <if test="courseFourState != null">
        course_four_state,
      </if>
      <if test="reward != null">
        reward,
      </if>
      <if test="isJoinLive != null">
        is_join_live,
      </if>
    </trim>
    <trim prefix="values (" suffix=")" suffixOverrides=",">
      <if test="id != null">
        #{id,jdbcType=VARCHAR},
      </if>
      <if test="state != null">
        #{state,jdbcType=VARCHAR},
      </if>
      <if test="createTime != null">
        #{createTime,jdbcType=VARCHAR},
      </if>
      <if test="updateTime != null">
        #{updateTime,jdbcType=VARCHAR},
      </if>
      <if test="loginId != null">
        #{loginId,jdbcType=VARCHAR},
      </if>
      <if test="courseOneState != null">
        #{courseOneState,jdbcType=VARCHAR},
      </if>
      <if test="courseTwoState != null">
        #{courseTwoState,jdbcType=VARCHAR},
      </if>
      <if test="courseThreeState != null">
        #{courseThreeState,jdbcType=VARCHAR},
      </if>
      <if test="challengeOneState != null">
        #{challengeOneState,jdbcType=VARCHAR},
      </if>
      <if test="courseFourState != null">
        #{courseFourState,jdbcType=VARCHAR},
      </if>
      <if test="reward != null">
        #{reward,jdbcType=DECIMAL},
      </if>
      <if test="isJoinLive != null">
        #{isJoinLive,jdbcType=VARCHAR},
      </if>
    </trim>
  </insert>
  <update id="updateByPrimaryKeySelective" parameterType="com.zng.model.TBigheromission">
    update t_bigheromission
    <set>
      <if test="state != null">
        state = #{state,jdbcType=VARCHAR},
      </if>
      <if test="createTime != null">
        create_time = #{createTime,jdbcType=VARCHAR},
      </if>
      <if test="updateTime != null">
        update_time = #{updateTime,jdbcType=VARCHAR},
      </if>
      <if test="loginId != null">
        login_id = #{loginId,jdbcType=VARCHAR},
      </if>
      <if test="courseOneState != null">
        course_one_state = #{courseOneState,jdbcType=VARCHAR},
      </if>
      <if test="courseTwoState != null">
        course_two_state = #{courseTwoState,jdbcType=VARCHAR},
      </if>
      <if test="courseThreeState != null">
        course_three_state = #{courseThreeState,jdbcType=VARCHAR},
      </if>
      <if test="challengeOneState != null">
        challenge_one_state = #{challengeOneState,jdbcType=VARCHAR},
      </if>
      <if test="courseFourState != null">
        course_four_state = #{courseFourState,jdbcType=VARCHAR},
      </if>
      <if test="reward != null">
        reward = #{reward,jdbcType=DECIMAL},
      </if>
      <if test="isJoinLive != null">
        is_join_live = #{isJoinLive,jdbcType=VARCHAR},
      </if>
    </set>
    where id = #{id,jdbcType=VARCHAR}
  </update>
  <update id="updateByPrimaryKey" parameterType="com.zng.model.TBigheromission">
    update t_bigheromission
    set state = #{state,jdbcType=VARCHAR},
      create_time = #{createTime,jdbcType=VARCHAR},
      update_time = #{updateTime,jdbcType=VARCHAR},
      login_id = #{loginId,jdbcType=VARCHAR},
      course_one_state = #{courseOneState,jdbcType=VARCHAR},
      course_two_state = #{courseTwoState,jdbcType=VARCHAR},
      course_three_state = #{courseThreeState,jdbcType=VARCHAR},
      challenge_one_state = #{challengeOneState,jdbcType=VARCHAR},
      course_four_state = #{courseFourState,jdbcType=VARCHAR},
      reward = #{reward,jdbcType=DECIMAL},
      is_join_live = #{isJoinLive,jdbcType=VARCHAR}
    where id = #{id,jdbcType=VARCHAR}
  </update>
</mapper>