<?xml version="1.0" encoding="UTF-8"?>
<!DOCTYPE mapper PUBLIC "-//mybatis.org//DTD Mapper 3.0//EN" "http://mybatis.org/dtd/mybatis-3-mapper.dtd">
<mapper namespace="com.zng.mapper.TBonusMapper">
  <resultMap id="BaseResultMap" type="com.zng.model.TBonus">
    <id column="id" jdbcType="VARCHAR" property="id" />
    <result column="zng" jdbcType="DECIMAL" property="zng" />
    <result column="create_login_id" jdbcType="VARCHAR" property="createLoginId" />
    <result column="state" jdbcType="VARCHAR" property="state" />
    <result column="create_time" jdbcType="TIMESTAMP" property="createTime" />
    <result column="update_time" jdbcType="TIMESTAMP" property="updateTime" />
    <result column="area" jdbcType="VARCHAR" property="area" />
    <result column="order_id" jdbcType="VARCHAR" property="orderId" />
    <result column="type" jdbcType="VARCHAR" property="type" />
    <result column="class_order_id" jdbcType="VARCHAR" property="classOrderId" />
  </resultMap>
  <sql id="Base_Column_List">
    id, zng, create_login_id, state, create_time, update_time, area, order_id, type, 
    class_order_id
  </sql>
  <select id="selectByPrimaryKey" parameterType="java.lang.String" resultMap="BaseResultMap">
    select 
    <include refid="Base_Column_List" />
    from t_bonus
    where id = #{id,jdbcType=VARCHAR}
  </select>
  <delete id="deleteByPrimaryKey" parameterType="java.lang.String">
    delete from t_bonus
    where id = #{id,jdbcType=VARCHAR}
  </delete>
  <insert id="insert" parameterType="com.zng.model.TBonus">
    insert into t_bonus (id, zng, create_login_id, 
      state, create_time, update_time, 
      area, order_id, type, 
      class_order_id)
    values (#{id,jdbcType=VARCHAR}, #{zng,jdbcType=DECIMAL}, #{createLoginId,jdbcType=VARCHAR}, 
      #{state,jdbcType=VARCHAR}, #{createTime,jdbcType=TIMESTAMP}, #{updateTime,jdbcType=TIMESTAMP}, 
      #{area,jdbcType=VARCHAR}, #{orderId,jdbcType=VARCHAR}, #{type,jdbcType=VARCHAR}, 
      #{classOrderId,jdbcType=VARCHAR})
  </insert>
  <insert id="insertSelective" parameterType="com.zng.model.TBonus">
    insert into t_bonus
    <trim prefix="(" suffix=")" suffixOverrides=",">
      <if test="id != null">
        id,
      </if>
      <if test="zng != null">
        zng,
      </if>
      <if test="createLoginId != null">
        create_login_id,
      </if>
      <if test="state != null">
        state,
      </if>
      <if test="createTime != null">
        create_time,
      </if>
      <if test="updateTime != null">
        update_time,
      </if>
      <if test="area != null">
        area,
      </if>
      <if test="orderId != null">
        order_id,
      </if>
      <if test="type != null">
        type,
      </if>
      <if test="classOrderId != null">
        class_order_id,
      </if>
    </trim>
    <trim prefix="values (" suffix=")" suffixOverrides=",">
      <if test="id != null">
        #{id,jdbcType=VARCHAR},
      </if>
      <if test="zng != null">
        #{zng,jdbcType=DECIMAL},
      </if>
      <if test="createLoginId != null">
        #{createLoginId,jdbcType=VARCHAR},
      </if>
      <if test="state != null">
        #{state,jdbcType=VARCHAR},
      </if>
      <if test="createTime != null">
        #{createTime,jdbcType=TIMESTAMP},
      </if>
      <if test="updateTime != null">
        #{updateTime,jdbcType=TIMESTAMP},
      </if>
      <if test="area != null">
        #{area,jdbcType=VARCHAR},
      </if>
      <if test="orderId != null">
        #{orderId,jdbcType=VARCHAR},
      </if>
      <if test="type != null">
        #{type,jdbcType=VARCHAR},
      </if>
      <if test="classOrderId != null">
        #{classOrderId,jdbcType=VARCHAR},
      </if>
    </trim>
  </insert>
  <update id="updateByPrimaryKeySelective" parameterType="com.zng.model.TBonus">
    update t_bonus
    <set>
      <if test="zng != null">
        zng = #{zng,jdbcType=DECIMAL},
      </if>
      <if test="createLoginId != null">
        create_login_id = #{createLoginId,jdbcType=VARCHAR},
      </if>
      <if test="state != null">
        state = #{state,jdbcType=VARCHAR},
      </if>
      <if test="createTime != null">
        create_time = #{createTime,jdbcType=TIMESTAMP},
      </if>
      <if test="updateTime != null">
        update_time = #{updateTime,jdbcType=TIMESTAMP},
      </if>
      <if test="area != null">
        area = #{area,jdbcType=VARCHAR},
      </if>
      <if test="orderId != null">
        order_id = #{orderId,jdbcType=VARCHAR},
      </if>
      <if test="type != null">
        type = #{type,jdbcType=VARCHAR},
      </if>
      <if test="classOrderId != null">
        class_order_id = #{classOrderId,jdbcType=VARCHAR},
      </if>
    </set>
    where id = #{id,jdbcType=VARCHAR}
  </update>
  <update id="updateByPrimaryKey" parameterType="com.zng.model.TBonus">
    update t_bonus
    set zng = #{zng,jdbcType=DECIMAL},
      create_login_id = #{createLoginId,jdbcType=VARCHAR},
      state = #{state,jdbcType=VARCHAR},
      create_time = #{createTime,jdbcType=TIMESTAMP},
      update_time = #{updateTime,jdbcType=TIMESTAMP},
      area = #{area,jdbcType=VARCHAR},
      order_id = #{orderId,jdbcType=VARCHAR},
      type = #{type,jdbcType=VARCHAR},
      class_order_id = #{classOrderId,jdbcType=VARCHAR}
    where id = #{id,jdbcType=VARCHAR}
  </update>
</mapper>