<?xml version="1.0" encoding="UTF-8"?>
<!DOCTYPE mapper PUBLIC "-//mybatis.org//DTD Mapper 3.0//EN" "http://mybatis.org/dtd/mybatis-3-mapper.dtd">
<mapper namespace="com.zng.mapper.TBusinessMapper">
  <resultMap id="BaseResultMap" type="com.zng.model.TBusiness">
    <id column="id" jdbcType="VARCHAR" property="id" />
    <result column="business_name" jdbcType="VARCHAR" property="businessName" />
    <result column="business_code" jdbcType="VARCHAR" property="businessCode" />
    <result column="business_account" jdbcType="VARCHAR" property="businessAccount" />
    <result column="create_time" jdbcType="VARCHAR" property="createTime" />
    <result column="update_time" jdbcType="VARCHAR" property="updateTime" />
    <result column="login_id" jdbcType="VARCHAR" property="loginId" />
    <result column="state" jdbcType="VARCHAR" property="state" />
    <result column="behalf" jdbcType="VARCHAR" property="behalf" />
    <result column="social_code" jdbcType="VARCHAR" property="socialCode" />
    <result column="bank" jdbcType="VARCHAR" property="bank" />
    <result column="area_state" jdbcType="VARCHAR" property="areaState" />
    <result column="cert_url" jdbcType="VARCHAR" property="certUrl" />
    <result column="mch_id" jdbcType="VARCHAR" property="mchId" />
    <result column="mch_key" jdbcType="VARCHAR" property="mchKey" />
    <result column="app_secret" jdbcType="VARCHAR" property="appSecret" />
    <result column="phone" jdbcType="VARCHAR" property="phone" />
    <result column="app_id" jdbcType="VARCHAR" property="appId" />
    <result column="place" jdbcType="VARCHAR" property="place" />
    <result column="sub_mchid" jdbcType="VARCHAR" property="subMchid" />
    <result column="is_cross_border" jdbcType="VARCHAR" property="isCrossBorder" />
    <result column="pay_ver" jdbcType="VARCHAR" property="payVer" />
  </resultMap>
  <sql id="Base_Column_List">
    id, business_name, business_code, business_account, create_time, update_time, login_id, 
    state, behalf, social_code, bank, area_state, cert_url, mch_id, mch_key, app_secret, 
    phone, app_id, place, sub_mchid, is_cross_border, pay_ver
  </sql>
  <select id="selectByPrimaryKey" parameterType="java.lang.String" resultMap="BaseResultMap">
    select 
    <include refid="Base_Column_List" />
    from t_business
    where id = #{id,jdbcType=VARCHAR}
  </select>
  <delete id="deleteByPrimaryKey" parameterType="java.lang.String">
    delete from t_business
    where id = #{id,jdbcType=VARCHAR}
  </delete>
  <insert id="insert" parameterType="com.zng.model.TBusiness">
    insert into t_business (id, business_name, business_code, 
      business_account, create_time, update_time, 
      login_id, state, behalf, 
      social_code, bank, area_state, 
      cert_url, mch_id, mch_key, 
      app_secret, phone, app_id, 
      place, sub_mchid, is_cross_border, 
      pay_ver)
    values (#{id,jdbcType=VARCHAR}, #{businessName,jdbcType=VARCHAR}, #{businessCode,jdbcType=VARCHAR}, 
      #{businessAccount,jdbcType=VARCHAR}, #{createTime,jdbcType=VARCHAR}, #{updateTime,jdbcType=VARCHAR}, 
      #{loginId,jdbcType=VARCHAR}, #{state,jdbcType=VARCHAR}, #{behalf,jdbcType=VARCHAR}, 
      #{socialCode,jdbcType=VARCHAR}, #{bank,jdbcType=VARCHAR}, #{areaState,jdbcType=VARCHAR}, 
      #{certUrl,jdbcType=VARCHAR}, #{mchId,jdbcType=VARCHAR}, #{mchKey,jdbcType=VARCHAR}, 
      #{appSecret,jdbcType=VARCHAR}, #{phone,jdbcType=VARCHAR}, #{appId,jdbcType=VARCHAR}, 
      #{place,jdbcType=VARCHAR}, #{subMchid,jdbcType=VARCHAR}, #{isCrossBorder,jdbcType=VARCHAR}, 
      #{payVer,jdbcType=VARCHAR})
  </insert>
  <insert id="insertSelective" parameterType="com.zng.model.TBusiness">
    insert into t_business
    <trim prefix="(" suffix=")" suffixOverrides=",">
      <if test="id != null">
        id,
      </if>
      <if test="businessName != null">
        business_name,
      </if>
      <if test="businessCode != null">
        business_code,
      </if>
      <if test="businessAccount != null">
        business_account,
      </if>
      <if test="createTime != null">
        create_time,
      </if>
      <if test="updateTime != null">
        update_time,
      </if>
      <if test="loginId != null">
        login_id,
      </if>
      <if test="state != null">
        state,
      </if>
      <if test="behalf != null">
        behalf,
      </if>
      <if test="socialCode != null">
        social_code,
      </if>
      <if test="bank != null">
        bank,
      </if>
      <if test="areaState != null">
        area_state,
      </if>
      <if test="certUrl != null">
        cert_url,
      </if>
      <if test="mchId != null">
        mch_id,
      </if>
      <if test="mchKey != null">
        mch_key,
      </if>
      <if test="appSecret != null">
        app_secret,
      </if>
      <if test="phone != null">
        phone,
      </if>
      <if test="appId != null">
        app_id,
      </if>
      <if test="place != null">
        place,
      </if>
      <if test="subMchid != null">
        sub_mchid,
      </if>
      <if test="isCrossBorder != null">
        is_cross_border,
      </if>
      <if test="payVer != null">
        pay_ver,
      </if>
    </trim>
    <trim prefix="values (" suffix=")" suffixOverrides=",">
      <if test="id != null">
        #{id,jdbcType=VARCHAR},
      </if>
      <if test="businessName != null">
        #{businessName,jdbcType=VARCHAR},
      </if>
      <if test="businessCode != null">
        #{businessCode,jdbcType=VARCHAR},
      </if>
      <if test="businessAccount != null">
        #{businessAccount,jdbcType=VARCHAR},
      </if>
      <if test="createTime != null">
        #{createTime,jdbcType=VARCHAR},
      </if>
      <if test="updateTime != null">
        #{updateTime,jdbcType=VARCHAR},
      </if>
      <if test="loginId != null">
        #{loginId,jdbcType=VARCHAR},
      </if>
      <if test="state != null">
        #{state,jdbcType=VARCHAR},
      </if>
      <if test="behalf != null">
        #{behalf,jdbcType=VARCHAR},
      </if>
      <if test="socialCode != null">
        #{socialCode,jdbcType=VARCHAR},
      </if>
      <if test="bank != null">
        #{bank,jdbcType=VARCHAR},
      </if>
      <if test="areaState != null">
        #{areaState,jdbcType=VARCHAR},
      </if>
      <if test="certUrl != null">
        #{certUrl,jdbcType=VARCHAR},
      </if>
      <if test="mchId != null">
        #{mchId,jdbcType=VARCHAR},
      </if>
      <if test="mchKey != null">
        #{mchKey,jdbcType=VARCHAR},
      </if>
      <if test="appSecret != null">
        #{appSecret,jdbcType=VARCHAR},
      </if>
      <if test="phone != null">
        #{phone,jdbcType=VARCHAR},
      </if>
      <if test="appId != null">
        #{appId,jdbcType=VARCHAR},
      </if>
      <if test="place != null">
        #{place,jdbcType=VARCHAR},
      </if>
      <if test="subMchid != null">
        #{subMchid,jdbcType=VARCHAR},
      </if>
      <if test="isCrossBorder != null">
        #{isCrossBorder,jdbcType=VARCHAR},
      </if>
      <if test="payVer != null">
        #{payVer,jdbcType=VARCHAR},
      </if>
    </trim>
  </insert>
  <update id="updateByPrimaryKeySelective" parameterType="com.zng.model.TBusiness">
    update t_business
    <set>
      <if test="businessName != null">
        business_name = #{businessName,jdbcType=VARCHAR},
      </if>
      <if test="businessCode != null">
        business_code = #{businessCode,jdbcType=VARCHAR},
      </if>
      <if test="businessAccount != null">
        business_account = #{businessAccount,jdbcType=VARCHAR},
      </if>
      <if test="createTime != null">
        create_time = #{createTime,jdbcType=VARCHAR},
      </if>
      <if test="updateTime != null">
        update_time = #{updateTime,jdbcType=VARCHAR},
      </if>
      <if test="loginId != null">
        login_id = #{loginId,jdbcType=VARCHAR},
      </if>
      <if test="state != null">
        state = #{state,jdbcType=VARCHAR},
      </if>
      <if test="behalf != null">
        behalf = #{behalf,jdbcType=VARCHAR},
      </if>
      <if test="socialCode != null">
        social_code = #{socialCode,jdbcType=VARCHAR},
      </if>
      <if test="bank != null">
        bank = #{bank,jdbcType=VARCHAR},
      </if>
      <if test="areaState != null">
        area_state = #{areaState,jdbcType=VARCHAR},
      </if>
      <if test="certUrl != null">
        cert_url = #{certUrl,jdbcType=VARCHAR},
      </if>
      <if test="mchId != null">
        mch_id = #{mchId,jdbcType=VARCHAR},
      </if>
      <if test="mchKey != null">
        mch_key = #{mchKey,jdbcType=VARCHAR},
      </if>
      <if test="appSecret != null">
        app_secret = #{appSecret,jdbcType=VARCHAR},
      </if>
      <if test="phone != null">
        phone = #{phone,jdbcType=VARCHAR},
      </if>
      <if test="appId != null">
        app_id = #{appId,jdbcType=VARCHAR},
      </if>
      <if test="place != null">
        place = #{place,jdbcType=VARCHAR},
      </if>
      <if test="subMchid != null">
        sub_mchid = #{subMchid,jdbcType=VARCHAR},
      </if>
      <if test="isCrossBorder != null">
        is_cross_border = #{isCrossBorder,jdbcType=VARCHAR},
      </if>
      <if test="payVer != null">
        pay_ver = #{payVer,jdbcType=VARCHAR},
      </if>
    </set>
    where id = #{id,jdbcType=VARCHAR}
  </update>
  <update id="updateByPrimaryKey" parameterType="com.zng.model.TBusiness">
    update t_business
    set business_name = #{businessName,jdbcType=VARCHAR},
      business_code = #{businessCode,jdbcType=VARCHAR},
      business_account = #{businessAccount,jdbcType=VARCHAR},
      create_time = #{createTime,jdbcType=VARCHAR},
      update_time = #{updateTime,jdbcType=VARCHAR},
      login_id = #{loginId,jdbcType=VARCHAR},
      state = #{state,jdbcType=VARCHAR},
      behalf = #{behalf,jdbcType=VARCHAR},
      social_code = #{socialCode,jdbcType=VARCHAR},
      bank = #{bank,jdbcType=VARCHAR},
      area_state = #{areaState,jdbcType=VARCHAR},
      cert_url = #{certUrl,jdbcType=VARCHAR},
      mch_id = #{mchId,jdbcType=VARCHAR},
      mch_key = #{mchKey,jdbcType=VARCHAR},
      app_secret = #{appSecret,jdbcType=VARCHAR},
      phone = #{phone,jdbcType=VARCHAR},
      app_id = #{appId,jdbcType=VARCHAR},
      place = #{place,jdbcType=VARCHAR},
      sub_mchid = #{subMchid,jdbcType=VARCHAR},
      is_cross_border = #{isCrossBorder,jdbcType=VARCHAR},
      pay_ver = #{payVer,jdbcType=VARCHAR}
    where id = #{id,jdbcType=VARCHAR}
  </update>
</mapper>