<?xml version="1.0" encoding="UTF-8"?>
<!DOCTYPE mapper PUBLIC "-//mybatis.org//DTD Mapper 3.0//EN" "http://mybatis.org/dtd/mybatis-3-mapper.dtd">
<mapper namespace="com.zng.mapper.TBusinessmoneyrecordMapper">
  <resultMap id="BaseResultMap" type="com.zng.model.TBusinessmoneyrecord">
    <id column="id" jdbcType="VARCHAR" property="id" />
    <result column="money" jdbcType="DECIMAL" property="money" />
    <result column="order_id" jdbcType="VARCHAR" property="orderId" />
    <result column="create_time" jdbcType="VARCHAR" property="createTime" />
    <result column="update_time" jdbcType="VARCHAR" property="updateTime" />
    <result column="state" jdbcType="VARCHAR" property="state" />
    <result column="arrears_business_name" jdbcType="VARCHAR" property="arrearsBusinessName" />
    <result column="arrears_business_id" jdbcType="VARCHAR" property="arrearsBusinessId" />
    <result column="creditor_business_name" jdbcType="VARCHAR" property="creditorBusinessName" />
    <result column="creditor_business_id" jdbcType="VARCHAR" property="creditorBusinessId" />
  </resultMap>
  <sql id="Base_Column_List">
    id, money, order_id, create_time, update_time, state, arrears_business_name, arrears_business_id, 
    creditor_business_name, creditor_business_id
  </sql>
  <select id="selectByPrimaryKey" parameterType="java.lang.String" resultMap="BaseResultMap">
    select 
    <include refid="Base_Column_List" />
    from t_businessmoneyrecord
    where id = #{id,jdbcType=VARCHAR}
  </select>
  <delete id="deleteByPrimaryKey" parameterType="java.lang.String">
    delete from t_businessmoneyrecord
    where id = #{id,jdbcType=VARCHAR}
  </delete>
  <insert id="insert" parameterType="com.zng.model.TBusinessmoneyrecord">
    insert into t_businessmoneyrecord (id, money, order_id, 
      create_time, update_time, state, 
      arrears_business_name, arrears_business_id, 
      creditor_business_name, creditor_business_id
      )
    values (#{id,jdbcType=VARCHAR}, #{money,jdbcType=DECIMAL}, #{orderId,jdbcType=VARCHAR}, 
      #{createTime,jdbcType=VARCHAR}, #{updateTime,jdbcType=VARCHAR}, #{state,jdbcType=VARCHAR}, 
      #{arrearsBusinessName,jdbcType=VARCHAR}, #{arrearsBusinessId,jdbcType=VARCHAR}, 
      #{creditorBusinessName,jdbcType=VARCHAR}, #{creditorBusinessId,jdbcType=VARCHAR}
      )
  </insert>
  <insert id="insertSelective" parameterType="com.zng.model.TBusinessmoneyrecord">
    insert into t_businessmoneyrecord
    <trim prefix="(" suffix=")" suffixOverrides=",">
      <if test="id != null">
        id,
      </if>
      <if test="money != null">
        money,
      </if>
      <if test="orderId != null">
        order_id,
      </if>
      <if test="createTime != null">
        create_time,
      </if>
      <if test="updateTime != null">
        update_time,
      </if>
      <if test="state != null">
        state,
      </if>
      <if test="arrearsBusinessName != null">
        arrears_business_name,
      </if>
      <if test="arrearsBusinessId != null">
        arrears_business_id,
      </if>
      <if test="creditorBusinessName != null">
        creditor_business_name,
      </if>
      <if test="creditorBusinessId != null">
        creditor_business_id,
      </if>
    </trim>
    <trim prefix="values (" suffix=")" suffixOverrides=",">
      <if test="id != null">
        #{id,jdbcType=VARCHAR},
      </if>
      <if test="money != null">
        #{money,jdbcType=DECIMAL},
      </if>
      <if test="orderId != null">
        #{orderId,jdbcType=VARCHAR},
      </if>
      <if test="createTime != null">
        #{createTime,jdbcType=VARCHAR},
      </if>
      <if test="updateTime != null">
        #{updateTime,jdbcType=VARCHAR},
      </if>
      <if test="state != null">
        #{state,jdbcType=VARCHAR},
      </if>
      <if test="arrearsBusinessName != null">
        #{arrearsBusinessName,jdbcType=VARCHAR},
      </if>
      <if test="arrearsBusinessId != null">
        #{arrearsBusinessId,jdbcType=VARCHAR},
      </if>
      <if test="creditorBusinessName != null">
        #{creditorBusinessName,jdbcType=VARCHAR},
      </if>
      <if test="creditorBusinessId != null">
        #{creditorBusinessId,jdbcType=VARCHAR},
      </if>
    </trim>
  </insert>
  <update id="updateByPrimaryKeySelective" parameterType="com.zng.model.TBusinessmoneyrecord">
    update t_businessmoneyrecord
    <set>
      <if test="money != null">
        money = #{money,jdbcType=DECIMAL},
      </if>
      <if test="orderId != null">
        order_id = #{orderId,jdbcType=VARCHAR},
      </if>
      <if test="createTime != null">
        create_time = #{createTime,jdbcType=VARCHAR},
      </if>
      <if test="updateTime != null">
        update_time = #{updateTime,jdbcType=VARCHAR},
      </if>
      <if test="state != null">
        state = #{state,jdbcType=VARCHAR},
      </if>
      <if test="arrearsBusinessName != null">
        arrears_business_name = #{arrearsBusinessName,jdbcType=VARCHAR},
      </if>
      <if test="arrearsBusinessId != null">
        arrears_business_id = #{arrearsBusinessId,jdbcType=VARCHAR},
      </if>
      <if test="creditorBusinessName != null">
        creditor_business_name = #{creditorBusinessName,jdbcType=VARCHAR},
      </if>
      <if test="creditorBusinessId != null">
        creditor_business_id = #{creditorBusinessId,jdbcType=VARCHAR},
      </if>
    </set>
    where id = #{id,jdbcType=VARCHAR}
  </update>
  <update id="updateByPrimaryKey" parameterType="com.zng.model.TBusinessmoneyrecord">
    update t_businessmoneyrecord
    set money = #{money,jdbcType=DECIMAL},
      order_id = #{orderId,jdbcType=VARCHAR},
      create_time = #{createTime,jdbcType=VARCHAR},
      update_time = #{updateTime,jdbcType=VARCHAR},
      state = #{state,jdbcType=VARCHAR},
      arrears_business_name = #{arrearsBusinessName,jdbcType=VARCHAR},
      arrears_business_id = #{arrearsBusinessId,jdbcType=VARCHAR},
      creditor_business_name = #{creditorBusinessName,jdbcType=VARCHAR},
      creditor_business_id = #{creditorBusinessId,jdbcType=VARCHAR}
    where id = #{id,jdbcType=VARCHAR}
  </update>
</mapper>