<?xml version="1.0" encoding="UTF-8"?>
<!DOCTYPE mapper PUBLIC "-//mybatis.org//DTD Mapper 3.0//EN" "http://mybatis.org/dtd/mybatis-3-mapper.dtd">
<mapper namespace="com.zng.mapper.TCashoutMapper">
  <resultMap id="BaseResultMap" type="com.zng.model.TCashout">
    <id column="id" jdbcType="VARCHAR" property="id" />
    <result column="login_id" jdbcType="VARCHAR" property="loginId" />
    <result column="company_name" jdbcType="VARCHAR" property="companyName" />
    <result column="bank" jdbcType="VARCHAR" property="bank" />
    <result column="create_time" jdbcType="VARCHAR" property="createTime" />
    <result column="end_time" jdbcType="VARCHAR" property="endTime" />
    <result column="cash_out_state" jdbcType="VARCHAR" property="cashOutState" />
    <result column="cash" jdbcType="DECIMAL" property="cash" />
    <result column="area_state" jdbcType="VARCHAR" property="areaState" />
    <result column="account_number" jdbcType="VARCHAR" property="accountNumber" />
    <result column="serial_number" jdbcType="VARCHAR" property="serialNumber" />
    <result column="proof_url" jdbcType="VARCHAR" property="proofUrl" />
    <result column="dispose_area" jdbcType="VARCHAR" property="disposeArea" />
    <result column="transfer_state" jdbcType="VARCHAR" property="transferState" />
  </resultMap>
  <sql id="Base_Column_List">
    id, login_id, company_name, bank, create_time, end_time, cash_out_state, cash, area_state, 
    account_number, serial_number, proof_url, dispose_area, transfer_state
  </sql>
  <select id="selectByPrimaryKey" parameterType="java.lang.String" resultMap="BaseResultMap">
    select 
    <include refid="Base_Column_List" />
    from t_cashout
    where id = #{id,jdbcType=VARCHAR}
  </select>
  <delete id="deleteByPrimaryKey" parameterType="java.lang.String">
    delete from t_cashout
    where id = #{id,jdbcType=VARCHAR}
  </delete>
  <insert id="insert" parameterType="com.zng.model.TCashout">
    insert into t_cashout (id, login_id, company_name, 
      bank, create_time, end_time, 
      cash_out_state, cash, area_state, 
      account_number, serial_number, proof_url, 
      dispose_area, transfer_state)
    values (#{id,jdbcType=VARCHAR}, #{loginId,jdbcType=VARCHAR}, #{companyName,jdbcType=VARCHAR}, 
      #{bank,jdbcType=VARCHAR}, #{createTime,jdbcType=VARCHAR}, #{endTime,jdbcType=VARCHAR}, 
      #{cashOutState,jdbcType=VARCHAR}, #{cash,jdbcType=DECIMAL}, #{areaState,jdbcType=VARCHAR}, 
      #{accountNumber,jdbcType=VARCHAR}, #{serialNumber,jdbcType=VARCHAR}, #{proofUrl,jdbcType=VARCHAR}, 
      #{disposeArea,jdbcType=VARCHAR}, #{transferState,jdbcType=VARCHAR})
  </insert>
  <insert id="insertSelective" parameterType="com.zng.model.TCashout">
    insert into t_cashout
    <trim prefix="(" suffix=")" suffixOverrides=",">
      <if test="id != null">
        id,
      </if>
      <if test="loginId != null">
        login_id,
      </if>
      <if test="companyName != null">
        company_name,
      </if>
      <if test="bank != null">
        bank,
      </if>
      <if test="createTime != null">
        create_time,
      </if>
      <if test="endTime != null">
        end_time,
      </if>
      <if test="cashOutState != null">
        cash_out_state,
      </if>
      <if test="cash != null">
        cash,
      </if>
      <if test="areaState != null">
        area_state,
      </if>
      <if test="accountNumber != null">
        account_number,
      </if>
      <if test="serialNumber != null">
        serial_number,
      </if>
      <if test="proofUrl != null">
        proof_url,
      </if>
      <if test="disposeArea != null">
        dispose_area,
      </if>
      <if test="transferState != null">
        transfer_state,
      </if>
    </trim>
    <trim prefix="values (" suffix=")" suffixOverrides=",">
      <if test="id != null">
        #{id,jdbcType=VARCHAR},
      </if>
      <if test="loginId != null">
        #{loginId,jdbcType=VARCHAR},
      </if>
      <if test="companyName != null">
        #{companyName,jdbcType=VARCHAR},
      </if>
      <if test="bank != null">
        #{bank,jdbcType=VARCHAR},
      </if>
      <if test="createTime != null">
        #{createTime,jdbcType=VARCHAR},
      </if>
      <if test="endTime != null">
        #{endTime,jdbcType=VARCHAR},
      </if>
      <if test="cashOutState != null">
        #{cashOutState,jdbcType=VARCHAR},
      </if>
      <if test="cash != null">
        #{cash,jdbcType=DECIMAL},
      </if>
      <if test="areaState != null">
        #{areaState,jdbcType=VARCHAR},
      </if>
      <if test="accountNumber != null">
        #{accountNumber,jdbcType=VARCHAR},
      </if>
      <if test="serialNumber != null">
        #{serialNumber,jdbcType=VARCHAR},
      </if>
      <if test="proofUrl != null">
        #{proofUrl,jdbcType=VARCHAR},
      </if>
      <if test="disposeArea != null">
        #{disposeArea,jdbcType=VARCHAR},
      </if>
      <if test="transferState != null">
        #{transferState,jdbcType=VARCHAR},
      </if>
    </trim>
  </insert>
  <update id="updateByPrimaryKeySelective" parameterType="com.zng.model.TCashout">
    update t_cashout
    <set>
      <if test="loginId != null">
        login_id = #{loginId,jdbcType=VARCHAR},
      </if>
      <if test="companyName != null">
        company_name = #{companyName,jdbcType=VARCHAR},
      </if>
      <if test="bank != null">
        bank = #{bank,jdbcType=VARCHAR},
      </if>
      <if test="createTime != null">
        create_time = #{createTime,jdbcType=VARCHAR},
      </if>
      <if test="endTime != null">
        end_time = #{endTime,jdbcType=VARCHAR},
      </if>
      <if test="cashOutState != null">
        cash_out_state = #{cashOutState,jdbcType=VARCHAR},
      </if>
      <if test="cash != null">
        cash = #{cash,jdbcType=DECIMAL},
      </if>
      <if test="areaState != null">
        area_state = #{areaState,jdbcType=VARCHAR},
      </if>
      <if test="accountNumber != null">
        account_number = #{accountNumber,jdbcType=VARCHAR},
      </if>
      <if test="serialNumber != null">
        serial_number = #{serialNumber,jdbcType=VARCHAR},
      </if>
      <if test="proofUrl != null">
        proof_url = #{proofUrl,jdbcType=VARCHAR},
      </if>
      <if test="disposeArea != null">
        dispose_area = #{disposeArea,jdbcType=VARCHAR},
      </if>
      <if test="transferState != null">
        transfer_state = #{transferState,jdbcType=VARCHAR},
      </if>
    </set>
    where id = #{id,jdbcType=VARCHAR}
  </update>
  <update id="updateByPrimaryKey" parameterType="com.zng.model.TCashout">
    update t_cashout
    set login_id = #{loginId,jdbcType=VARCHAR},
      company_name = #{companyName,jdbcType=VARCHAR},
      bank = #{bank,jdbcType=VARCHAR},
      create_time = #{createTime,jdbcType=VARCHAR},
      end_time = #{endTime,jdbcType=VARCHAR},
      cash_out_state = #{cashOutState,jdbcType=VARCHAR},
      cash = #{cash,jdbcType=DECIMAL},
      area_state = #{areaState,jdbcType=VARCHAR},
      account_number = #{accountNumber,jdbcType=VARCHAR},
      serial_number = #{serialNumber,jdbcType=VARCHAR},
      proof_url = #{proofUrl,jdbcType=VARCHAR},
      dispose_area = #{disposeArea,jdbcType=VARCHAR},
      transfer_state = #{transferState,jdbcType=VARCHAR}
    where id = #{id,jdbcType=VARCHAR}
  </update>
</mapper>