<?xml version="1.0" encoding="UTF-8"?>
<!DOCTYPE mapper PUBLIC "-//mybatis.org//DTD Mapper 3.0//EN" "http://mybatis.org/dtd/mybatis-3-mapper.dtd">
<mapper namespace="com.zng.mapper.TChangetokenMapper">
  <resultMap id="BaseResultMap" type="com.zng.model.TChangetoken">
    <id column="id" jdbcType="VARCHAR" property="id" />
    <result column="change_type" jdbcType="VARCHAR" property="changeType" />
    <result column="change_number" jdbcType="DECIMAL" property="changeNumber" />
    <result column="state" jdbcType="VARCHAR" property="state" />
    <result column="create_time" jdbcType="VARCHAR" property="createTime" />
    <result column="update_time" jdbcType="VARCHAR" property="updateTime" />
    <result column="origin_number" jdbcType="DECIMAL" property="originNumber" />
    <result column="fromlogin_id" jdbcType="VARCHAR" property="fromloginId" />
    <result column="tologin_id" jdbcType="VARCHAR" property="tologinId" />
    <result column="change_time" jdbcType="TIMESTAMP" property="changeTime" />
    <result column="period" jdbcType="INTEGER" property="period" />
    <result column="changtime" jdbcType="INTEGER" property="changtime" />
  </resultMap>
  <sql id="Base_Column_List">
    id, change_type, change_number, state, create_time, update_time, origin_number, fromlogin_id, 
    tologin_id, change_time, period, changtime
  </sql>
  <select id="selectByPrimaryKey" parameterType="java.lang.String" resultMap="BaseResultMap">
    select 
    <include refid="Base_Column_List" />
    from t_changetoken
    where id = #{id,jdbcType=VARCHAR}
  </select>
  <delete id="deleteByPrimaryKey" parameterType="java.lang.String">
    delete from t_changetoken
    where id = #{id,jdbcType=VARCHAR}
  </delete>
  <insert id="insert" parameterType="com.zng.model.TChangetoken">
    insert into t_changetoken (id, change_type, change_number, 
      state, create_time, update_time, 
      origin_number, fromlogin_id, tologin_id, 
      change_time, period, changtime
      )
    values (#{id,jdbcType=VARCHAR}, #{changeType,jdbcType=VARCHAR}, #{changeNumber,jdbcType=DECIMAL}, 
      #{state,jdbcType=VARCHAR}, #{createTime,jdbcType=VARCHAR}, #{updateTime,jdbcType=VARCHAR}, 
      #{originNumber,jdbcType=DECIMAL}, #{fromloginId,jdbcType=VARCHAR}, #{tologinId,jdbcType=VARCHAR}, 
      #{changeTime,jdbcType=TIMESTAMP}, #{period,jdbcType=INTEGER}, #{changtime,jdbcType=INTEGER}
      )
  </insert>
  <insert id="insertSelective" parameterType="com.zng.model.TChangetoken">
    insert into t_changetoken
    <trim prefix="(" suffix=")" suffixOverrides=",">
      <if test="id != null">
        id,
      </if>
      <if test="changeType != null">
        change_type,
      </if>
      <if test="changeNumber != null">
        change_number,
      </if>
      <if test="state != null">
        state,
      </if>
      <if test="createTime != null">
        create_time,
      </if>
      <if test="updateTime != null">
        update_time,
      </if>
      <if test="originNumber != null">
        origin_number,
      </if>
      <if test="fromloginId != null">
        fromlogin_id,
      </if>
      <if test="tologinId != null">
        tologin_id,
      </if>
      <if test="changeTime != null">
        change_time,
      </if>
      <if test="period != null">
        period,
      </if>
      <if test="changtime != null">
        changtime,
      </if>
    </trim>
    <trim prefix="values (" suffix=")" suffixOverrides=",">
      <if test="id != null">
        #{id,jdbcType=VARCHAR},
      </if>
      <if test="changeType != null">
        #{changeType,jdbcType=VARCHAR},
      </if>
      <if test="changeNumber != null">
        #{changeNumber,jdbcType=DECIMAL},
      </if>
      <if test="state != null">
        #{state,jdbcType=VARCHAR},
      </if>
      <if test="createTime != null">
        #{createTime,jdbcType=VARCHAR},
      </if>
      <if test="updateTime != null">
        #{updateTime,jdbcType=VARCHAR},
      </if>
      <if test="originNumber != null">
        #{originNumber,jdbcType=DECIMAL},
      </if>
      <if test="fromloginId != null">
        #{fromloginId,jdbcType=VARCHAR},
      </if>
      <if test="tologinId != null">
        #{tologinId,jdbcType=VARCHAR},
      </if>
      <if test="changeTime != null">
        #{changeTime,jdbcType=TIMESTAMP},
      </if>
      <if test="period != null">
        #{period,jdbcType=INTEGER},
      </if>
      <if test="changtime != null">
        #{changtime,jdbcType=INTEGER},
      </if>
    </trim>
  </insert>
  <update id="updateByPrimaryKeySelective" parameterType="com.zng.model.TChangetoken">
    update t_changetoken
    <set>
      <if test="changeType != null">
        change_type = #{changeType,jdbcType=VARCHAR},
      </if>
      <if test="changeNumber != null">
        change_number = #{changeNumber,jdbcType=DECIMAL},
      </if>
      <if test="state != null">
        state = #{state,jdbcType=VARCHAR},
      </if>
      <if test="createTime != null">
        create_time = #{createTime,jdbcType=VARCHAR},
      </if>
      <if test="updateTime != null">
        update_time = #{updateTime,jdbcType=VARCHAR},
      </if>
      <if test="originNumber != null">
        origin_number = #{originNumber,jdbcType=DECIMAL},
      </if>
      <if test="fromloginId != null">
        fromlogin_id = #{fromloginId,jdbcType=VARCHAR},
      </if>
      <if test="tologinId != null">
        tologin_id = #{tologinId,jdbcType=VARCHAR},
      </if>
      <if test="changeTime != null">
        change_time = #{changeTime,jdbcType=TIMESTAMP},
      </if>
      <if test="period != null">
        period = #{period,jdbcType=INTEGER},
      </if>
      <if test="changtime != null">
        changtime = #{changtime,jdbcType=INTEGER},
      </if>
    </set>
    where id = #{id,jdbcType=VARCHAR}
  </update>
  <update id="updateByPrimaryKey" parameterType="com.zng.model.TChangetoken">
    update t_changetoken
    set change_type = #{changeType,jdbcType=VARCHAR},
      change_number = #{changeNumber,jdbcType=DECIMAL},
      state = #{state,jdbcType=VARCHAR},
      create_time = #{createTime,jdbcType=VARCHAR},
      update_time = #{updateTime,jdbcType=VARCHAR},
      origin_number = #{originNumber,jdbcType=DECIMAL},
      fromlogin_id = #{fromloginId,jdbcType=VARCHAR},
      tologin_id = #{tologinId,jdbcType=VARCHAR},
      change_time = #{changeTime,jdbcType=TIMESTAMP},
      period = #{period,jdbcType=INTEGER},
      changtime = #{changtime,jdbcType=INTEGER}
    where id = #{id,jdbcType=VARCHAR}
  </update>
</mapper>