<?xml version="1.0" encoding="UTF-8"?>
<!DOCTYPE mapper PUBLIC "-//mybatis.org//DTD Mapper 3.0//EN" "http://mybatis.org/dtd/mybatis-3-mapper.dtd">
<mapper namespace="com.zng.mapper.TCitynodelockMapper">
  <resultMap id="BaseResultMap" type="com.zng.model.TCitynodelock">
    <id column="id" jdbcType="VARCHAR" property="id" />
    <result column="state" jdbcType="VARCHAR" property="state" />
    <result column="lock_num" jdbcType="DECIMAL" property="lockNum" />
    <result column="lock_regiment" jdbcType="VARCHAR" property="lockRegiment" />
    <result column="price" jdbcType="VARCHAR" property="price" />
    <result column="start_time" jdbcType="VARCHAR" property="startTime" />
    <result column="end_time" jdbcType="VARCHAR" property="endTime" />
    <result column="login_id" jdbcType="VARCHAR" property="loginId" />
    <result column="income_rate" jdbcType="VARCHAR" property="incomeRate" />
    <result column="create_time" jdbcType="VARCHAR" property="createTime" />
    <result column="update_time" jdbcType="VARCHAR" property="updateTime" />
    <result column="return_num" jdbcType="VARCHAR" property="returnNum" />
    <result column="num" jdbcType="INTEGER" property="num" />
    <result column="content" jdbcType="VARCHAR" property="content" />
    <result column="type" jdbcType="VARCHAR" property="type" />
  </resultMap>
  <sql id="Base_Column_List">
    id, state, lock_num, lock_regiment, price, start_time, end_time, login_id, income_rate, 
    create_time, update_time, return_num, num, content, type
  </sql>
  <select id="selectByPrimaryKey" parameterType="java.lang.String" resultMap="BaseResultMap">
    select 
    <include refid="Base_Column_List" />
    from t_citynodelock
    where id = #{id,jdbcType=VARCHAR}
  </select>
  <delete id="deleteByPrimaryKey" parameterType="java.lang.String">
    delete from t_citynodelock
    where id = #{id,jdbcType=VARCHAR}
  </delete>
  <insert id="insert" parameterType="com.zng.model.TCitynodelock">
    insert into t_citynodelock (id, state, lock_num, 
      lock_regiment, price, start_time, 
      end_time, login_id, income_rate, 
      create_time, update_time, return_num, 
      num, content, type)
    values (#{id,jdbcType=VARCHAR}, #{state,jdbcType=VARCHAR}, #{lockNum,jdbcType=DECIMAL}, 
      #{lockRegiment,jdbcType=VARCHAR}, #{price,jdbcType=VARCHAR}, #{startTime,jdbcType=VARCHAR}, 
      #{endTime,jdbcType=VARCHAR}, #{loginId,jdbcType=VARCHAR}, #{incomeRate,jdbcType=VARCHAR}, 
      #{createTime,jdbcType=VARCHAR}, #{updateTime,jdbcType=VARCHAR}, #{returnNum,jdbcType=VARCHAR}, 
      #{num,jdbcType=INTEGER}, #{content,jdbcType=VARCHAR}, #{type,jdbcType=VARCHAR})
  </insert>
  <insert id="insertSelective" parameterType="com.zng.model.TCitynodelock">
    insert into t_citynodelock
    <trim prefix="(" suffix=")" suffixOverrides=",">
      <if test="id != null">
        id,
      </if>
      <if test="state != null">
        state,
      </if>
      <if test="lockNum != null">
        lock_num,
      </if>
      <if test="lockRegiment != null">
        lock_regiment,
      </if>
      <if test="price != null">
        price,
      </if>
      <if test="startTime != null">
        start_time,
      </if>
      <if test="endTime != null">
        end_time,
      </if>
      <if test="loginId != null">
        login_id,
      </if>
      <if test="incomeRate != null">
        income_rate,
      </if>
      <if test="createTime != null">
        create_time,
      </if>
      <if test="updateTime != null">
        update_time,
      </if>
      <if test="returnNum != null">
        return_num,
      </if>
      <if test="num != null">
        num,
      </if>
      <if test="content != null">
        content,
      </if>
      <if test="type != null">
        type,
      </if>
    </trim>
    <trim prefix="values (" suffix=")" suffixOverrides=",">
      <if test="id != null">
        #{id,jdbcType=VARCHAR},
      </if>
      <if test="state != null">
        #{state,jdbcType=VARCHAR},
      </if>
      <if test="lockNum != null">
        #{lockNum,jdbcType=DECIMAL},
      </if>
      <if test="lockRegiment != null">
        #{lockRegiment,jdbcType=VARCHAR},
      </if>
      <if test="price != null">
        #{price,jdbcType=VARCHAR},
      </if>
      <if test="startTime != null">
        #{startTime,jdbcType=VARCHAR},
      </if>
      <if test="endTime != null">
        #{endTime,jdbcType=VARCHAR},
      </if>
      <if test="loginId != null">
        #{loginId,jdbcType=VARCHAR},
      </if>
      <if test="incomeRate != null">
        #{incomeRate,jdbcType=VARCHAR},
      </if>
      <if test="createTime != null">
        #{createTime,jdbcType=VARCHAR},
      </if>
      <if test="updateTime != null">
        #{updateTime,jdbcType=VARCHAR},
      </if>
      <if test="returnNum != null">
        #{returnNum,jdbcType=VARCHAR},
      </if>
      <if test="num != null">
        #{num,jdbcType=INTEGER},
      </if>
      <if test="content != null">
        #{content,jdbcType=VARCHAR},
      </if>
      <if test="type != null">
        #{type,jdbcType=VARCHAR},
      </if>
    </trim>
  </insert>
  <update id="updateByPrimaryKeySelective" parameterType="com.zng.model.TCitynodelock">
    update t_citynodelock
    <set>
      <if test="state != null">
        state = #{state,jdbcType=VARCHAR},
      </if>
      <if test="lockNum != null">
        lock_num = #{lockNum,jdbcType=DECIMAL},
      </if>
      <if test="lockRegiment != null">
        lock_regiment = #{lockRegiment,jdbcType=VARCHAR},
      </if>
      <if test="price != null">
        price = #{price,jdbcType=VARCHAR},
      </if>
      <if test="startTime != null">
        start_time = #{startTime,jdbcType=VARCHAR},
      </if>
      <if test="endTime != null">
        end_time = #{endTime,jdbcType=VARCHAR},
      </if>
      <if test="loginId != null">
        login_id = #{loginId,jdbcType=VARCHAR},
      </if>
      <if test="incomeRate != null">
        income_rate = #{incomeRate,jdbcType=VARCHAR},
      </if>
      <if test="createTime != null">
        create_time = #{createTime,jdbcType=VARCHAR},
      </if>
      <if test="updateTime != null">
        update_time = #{updateTime,jdbcType=VARCHAR},
      </if>
      <if test="returnNum != null">
        return_num = #{returnNum,jdbcType=VARCHAR},
      </if>
      <if test="num != null">
        num = #{num,jdbcType=INTEGER},
      </if>
      <if test="content != null">
        content = #{content,jdbcType=VARCHAR},
      </if>
      <if test="type != null">
        type = #{type,jdbcType=VARCHAR},
      </if>
    </set>
    where id = #{id,jdbcType=VARCHAR}
  </update>
  <update id="updateByPrimaryKey" parameterType="com.zng.model.TCitynodelock">
    update t_citynodelock
    set state = #{state,jdbcType=VARCHAR},
      lock_num = #{lockNum,jdbcType=DECIMAL},
      lock_regiment = #{lockRegiment,jdbcType=VARCHAR},
      price = #{price,jdbcType=VARCHAR},
      start_time = #{startTime,jdbcType=VARCHAR},
      end_time = #{endTime,jdbcType=VARCHAR},
      login_id = #{loginId,jdbcType=VARCHAR},
      income_rate = #{incomeRate,jdbcType=VARCHAR},
      create_time = #{createTime,jdbcType=VARCHAR},
      update_time = #{updateTime,jdbcType=VARCHAR},
      return_num = #{returnNum,jdbcType=VARCHAR},
      num = #{num,jdbcType=INTEGER},
      content = #{content,jdbcType=VARCHAR},
      type = #{type,jdbcType=VARCHAR}
    where id = #{id,jdbcType=VARCHAR}
  </update>
</mapper>