<?xml version="1.0" encoding="UTF-8"?>
<!DOCTYPE mapper PUBLIC "-//mybatis.org//DTD Mapper 3.0//EN" "http://mybatis.org/dtd/mybatis-3-mapper.dtd">
<mapper namespace="com.zng.mapper.TClassteamMapper">
  <resultMap id="BaseResultMap" type="com.zng.model.TClassteam">
    <id column="id" jdbcType="VARCHAR" property="id" />
    <result column="login_id" jdbcType="VARCHAR" property="loginId" />
    <result column="state" jdbcType="VARCHAR" property="state" />
    <result column="create_time" jdbcType="VARCHAR" property="createTime" />
    <result column="update_time" jdbcType="VARCHAR" property="updateTime" />
    <result column="type" jdbcType="VARCHAR" property="type" />
    <result column="classA_id" jdbcType="VARCHAR" property="classaId" />
    <result column="classB_id" jdbcType="VARCHAR" property="classbId" />
    <result column="end_time" jdbcType="VARCHAR" property="endTime" />
    <result column="number" jdbcType="INTEGER" property="number" />
    <result column="theme_id" jdbcType="VARCHAR" property="themeId" />
  </resultMap>
  <sql id="Base_Column_List">
    id, login_id, state, create_time, update_time, type, classA_id, classB_id, end_time, 
    number, theme_id
  </sql>
  <select id="selectByPrimaryKey" parameterType="java.lang.String" resultMap="BaseResultMap">
    select 
    <include refid="Base_Column_List" />
    from t_classteam
    where id = #{id,jdbcType=VARCHAR}
  </select>
  <delete id="deleteByPrimaryKey" parameterType="java.lang.String">
    delete from t_classteam
    where id = #{id,jdbcType=VARCHAR}
  </delete>
  <insert id="insert" parameterType="com.zng.model.TClassteam">
    insert into t_classteam (id, login_id, state, 
      create_time, update_time, type, 
      classA_id, classB_id, end_time, 
      number, theme_id)
    values (#{id,jdbcType=VARCHAR}, #{loginId,jdbcType=VARCHAR}, #{state,jdbcType=VARCHAR}, 
      #{createTime,jdbcType=VARCHAR}, #{updateTime,jdbcType=VARCHAR}, #{type,jdbcType=VARCHAR}, 
      #{classaId,jdbcType=VARCHAR}, #{classbId,jdbcType=VARCHAR}, #{endTime,jdbcType=VARCHAR}, 
      #{number,jdbcType=INTEGER}, #{themeId,jdbcType=VARCHAR})
  </insert>
  <insert id="insertSelective" parameterType="com.zng.model.TClassteam">
    insert into t_classteam
    <trim prefix="(" suffix=")" suffixOverrides=",">
      <if test="id != null">
        id,
      </if>
      <if test="loginId != null">
        login_id,
      </if>
      <if test="state != null">
        state,
      </if>
      <if test="createTime != null">
        create_time,
      </if>
      <if test="updateTime != null">
        update_time,
      </if>
      <if test="type != null">
        type,
      </if>
      <if test="classaId != null">
        classA_id,
      </if>
      <if test="classbId != null">
        classB_id,
      </if>
      <if test="endTime != null">
        end_time,
      </if>
      <if test="number != null">
        number,
      </if>
      <if test="themeId != null">
        theme_id,
      </if>
    </trim>
    <trim prefix="values (" suffix=")" suffixOverrides=",">
      <if test="id != null">
        #{id,jdbcType=VARCHAR},
      </if>
      <if test="loginId != null">
        #{loginId,jdbcType=VARCHAR},
      </if>
      <if test="state != null">
        #{state,jdbcType=VARCHAR},
      </if>
      <if test="createTime != null">
        #{createTime,jdbcType=VARCHAR},
      </if>
      <if test="updateTime != null">
        #{updateTime,jdbcType=VARCHAR},
      </if>
      <if test="type != null">
        #{type,jdbcType=VARCHAR},
      </if>
      <if test="classaId != null">
        #{classaId,jdbcType=VARCHAR},
      </if>
      <if test="classbId != null">
        #{classbId,jdbcType=VARCHAR},
      </if>
      <if test="endTime != null">
        #{endTime,jdbcType=VARCHAR},
      </if>
      <if test="number != null">
        #{number,jdbcType=INTEGER},
      </if>
      <if test="themeId != null">
        #{themeId,jdbcType=VARCHAR},
      </if>
    </trim>
  </insert>
  <update id="updateByPrimaryKeySelective" parameterType="com.zng.model.TClassteam">
    update t_classteam
    <set>
      <if test="loginId != null">
        login_id = #{loginId,jdbcType=VARCHAR},
      </if>
      <if test="state != null">
        state = #{state,jdbcType=VARCHAR},
      </if>
      <if test="createTime != null">
        create_time = #{createTime,jdbcType=VARCHAR},
      </if>
      <if test="updateTime != null">
        update_time = #{updateTime,jdbcType=VARCHAR},
      </if>
      <if test="type != null">
        type = #{type,jdbcType=VARCHAR},
      </if>
      <if test="classaId != null">
        classA_id = #{classaId,jdbcType=VARCHAR},
      </if>
      <if test="classbId != null">
        classB_id = #{classbId,jdbcType=VARCHAR},
      </if>
      <if test="endTime != null">
        end_time = #{endTime,jdbcType=VARCHAR},
      </if>
      <if test="number != null">
        number = #{number,jdbcType=INTEGER},
      </if>
      <if test="themeId != null">
        theme_id = #{themeId,jdbcType=VARCHAR},
      </if>
    </set>
    where id = #{id,jdbcType=VARCHAR}
  </update>
  <update id="updateByPrimaryKey" parameterType="com.zng.model.TClassteam">
    update t_classteam
    set login_id = #{loginId,jdbcType=VARCHAR},
      state = #{state,jdbcType=VARCHAR},
      create_time = #{createTime,jdbcType=VARCHAR},
      update_time = #{updateTime,jdbcType=VARCHAR},
      type = #{type,jdbcType=VARCHAR},
      classA_id = #{classaId,jdbcType=VARCHAR},
      classB_id = #{classbId,jdbcType=VARCHAR},
      end_time = #{endTime,jdbcType=VARCHAR},
      number = #{number,jdbcType=INTEGER},
      theme_id = #{themeId,jdbcType=VARCHAR}
    where id = #{id,jdbcType=VARCHAR}
  </update>
</mapper>