<?xml version="1.0" encoding="UTF-8"?>
<!DOCTYPE mapper PUBLIC "-//mybatis.org//DTD Mapper 3.0//EN" "http://mybatis.org/dtd/mybatis-3-mapper.dtd">
<mapper namespace="com.zng.mapper.TClassteaminformationMapper">
  <resultMap id="BaseResultMap" type="com.zng.model.TClassteaminformation">
    <id column="id" jdbcType="VARCHAR" property="id" />
    <result column="login_id" jdbcType="VARCHAR" property="loginId" />
    <result column="classteam_id" jdbcType="VARCHAR" property="classteamId" />
    <result column="state" jdbcType="VARCHAR" property="state" />
    <result column="create_time" jdbcType="VARCHAR" property="createTime" />
    <result column="update_time" jdbcType="VARCHAR" property="updateTime" />
    <result column="role" jdbcType="VARCHAR" property="role" />
    <result column="classA_state" jdbcType="VARCHAR" property="classaState" />
    <result column="classB_state" jdbcType="VARCHAR" property="classbState" />
  </resultMap>
  <sql id="Base_Column_List">
    id, login_id, classteam_id, state, create_time, update_time, role, classA_state, 
    classB_state
  </sql>
  <select id="selectByPrimaryKey" parameterType="java.lang.String" resultMap="BaseResultMap">
    select 
    <include refid="Base_Column_List" />
    from t_classteaminformation
    where id = #{id,jdbcType=VARCHAR}
  </select>
  <delete id="deleteByPrimaryKey" parameterType="java.lang.String">
    delete from t_classteaminformation
    where id = #{id,jdbcType=VARCHAR}
  </delete>
  <insert id="insert" parameterType="com.zng.model.TClassteaminformation">
    insert into t_classteaminformation (id, login_id, classteam_id, 
      state, create_time, update_time, 
      role, classA_state, classB_state
      )
    values (#{id,jdbcType=VARCHAR}, #{loginId,jdbcType=VARCHAR}, #{classteamId,jdbcType=VARCHAR}, 
      #{state,jdbcType=VARCHAR}, #{createTime,jdbcType=VARCHAR}, #{updateTime,jdbcType=VARCHAR}, 
      #{role,jdbcType=VARCHAR}, #{classaState,jdbcType=VARCHAR}, #{classbState,jdbcType=VARCHAR}
      )
  </insert>
  <insert id="insertSelective" parameterType="com.zng.model.TClassteaminformation">
    insert into t_classteaminformation
    <trim prefix="(" suffix=")" suffixOverrides=",">
      <if test="id != null">
        id,
      </if>
      <if test="loginId != null">
        login_id,
      </if>
      <if test="classteamId != null">
        classteam_id,
      </if>
      <if test="state != null">
        state,
      </if>
      <if test="createTime != null">
        create_time,
      </if>
      <if test="updateTime != null">
        update_time,
      </if>
      <if test="role != null">
        role,
      </if>
      <if test="classaState != null">
        classA_state,
      </if>
      <if test="classbState != null">
        classB_state,
      </if>
    </trim>
    <trim prefix="values (" suffix=")" suffixOverrides=",">
      <if test="id != null">
        #{id,jdbcType=VARCHAR},
      </if>
      <if test="loginId != null">
        #{loginId,jdbcType=VARCHAR},
      </if>
      <if test="classteamId != null">
        #{classteamId,jdbcType=VARCHAR},
      </if>
      <if test="state != null">
        #{state,jdbcType=VARCHAR},
      </if>
      <if test="createTime != null">
        #{createTime,jdbcType=VARCHAR},
      </if>
      <if test="updateTime != null">
        #{updateTime,jdbcType=VARCHAR},
      </if>
      <if test="role != null">
        #{role,jdbcType=VARCHAR},
      </if>
      <if test="classaState != null">
        #{classaState,jdbcType=VARCHAR},
      </if>
      <if test="classbState != null">
        #{classbState,jdbcType=VARCHAR},
      </if>
    </trim>
  </insert>
  <update id="updateByPrimaryKeySelective" parameterType="com.zng.model.TClassteaminformation">
    update t_classteaminformation
    <set>
      <if test="loginId != null">
        login_id = #{loginId,jdbcType=VARCHAR},
      </if>
      <if test="classteamId != null">
        classteam_id = #{classteamId,jdbcType=VARCHAR},
      </if>
      <if test="state != null">
        state = #{state,jdbcType=VARCHAR},
      </if>
      <if test="createTime != null">
        create_time = #{createTime,jdbcType=VARCHAR},
      </if>
      <if test="updateTime != null">
        update_time = #{updateTime,jdbcType=VARCHAR},
      </if>
      <if test="role != null">
        role = #{role,jdbcType=VARCHAR},
      </if>
      <if test="classaState != null">
        classA_state = #{classaState,jdbcType=VARCHAR},
      </if>
      <if test="classbState != null">
        classB_state = #{classbState,jdbcType=VARCHAR},
      </if>
    </set>
    where id = #{id,jdbcType=VARCHAR}
  </update>
  <update id="updateByPrimaryKey" parameterType="com.zng.model.TClassteaminformation">
    update t_classteaminformation
    set login_id = #{loginId,jdbcType=VARCHAR},
      classteam_id = #{classteamId,jdbcType=VARCHAR},
      state = #{state,jdbcType=VARCHAR},
      create_time = #{createTime,jdbcType=VARCHAR},
      update_time = #{updateTime,jdbcType=VARCHAR},
      role = #{role,jdbcType=VARCHAR},
      classA_state = #{classaState,jdbcType=VARCHAR},
      classB_state = #{classbState,jdbcType=VARCHAR}
    where id = #{id,jdbcType=VARCHAR}
  </update>
</mapper>