<?xml version="1.0" encoding="UTF-8"?>
<!DOCTYPE mapper PUBLIC "-//mybatis.org//DTD Mapper 3.0//EN" "http://mybatis.org/dtd/mybatis-3-mapper.dtd">
<mapper namespace="com.zng.mapper.TClassteamorderMapper">
  <resultMap id="BaseResultMap" type="com.zng.model.TClassteamorder">
    <id column="id" jdbcType="VARCHAR" property="id" />
    <result column="login_id" jdbcType="VARCHAR" property="loginId" />
    <result column="phone" jdbcType="VARCHAR" property="phone" />
    <result column="details" jdbcType="VARCHAR" property="details" />
    <result column="state" jdbcType="VARCHAR" property="state" />
    <result column="create_time" jdbcType="VARCHAR" property="createTime" />
    <result column="update_time" jdbcType="VARCHAR" property="updateTime" />
    <result column="title" jdbcType="VARCHAR" property="title" />
    <result column="money" jdbcType="DECIMAL" property="money" />
    <result column="total" jdbcType="DECIMAL" property="total" />
    <result column="pay_state" jdbcType="VARCHAR" property="payState" />
    <result column="name" jdbcType="VARCHAR" property="name" />
    <result column="business_id" jdbcType="VARCHAR" property="businessId" />
    <result column="classteam_id" jdbcType="VARCHAR" property="classteamId" />
    <result column="type" jdbcType="VARCHAR" property="type" />
    <result column="profit_state" jdbcType="VARCHAR" property="profitState" />
    <result column="class_id" jdbcType="VARCHAR" property="classId" />
  </resultMap>
  <sql id="Base_Column_List">
    id, login_id, phone, details, state, create_time, update_time, title, money, total, 
    pay_state, name, business_id, classteam_id, type, profit_state, class_id
  </sql>
  <select id="selectByPrimaryKey" parameterType="java.lang.String" resultMap="BaseResultMap">
    select 
    <include refid="Base_Column_List" />
    from t_classteamorder
    where id = #{id,jdbcType=VARCHAR}
  </select>
  <delete id="deleteByPrimaryKey" parameterType="java.lang.String">
    delete from t_classteamorder
    where id = #{id,jdbcType=VARCHAR}
  </delete>
  <insert id="insert" parameterType="com.zng.model.TClassteamorder">
    insert into t_classteamorder (id, login_id, phone, 
      details, state, create_time, 
      update_time, title, money, 
      total, pay_state, name, 
      business_id, classteam_id, type, 
      profit_state, class_id)
    values (#{id,jdbcType=VARCHAR}, #{loginId,jdbcType=VARCHAR}, #{phone,jdbcType=VARCHAR}, 
      #{details,jdbcType=VARCHAR}, #{state,jdbcType=VARCHAR}, #{createTime,jdbcType=VARCHAR}, 
      #{updateTime,jdbcType=VARCHAR}, #{title,jdbcType=VARCHAR}, #{money,jdbcType=DECIMAL}, 
      #{total,jdbcType=DECIMAL}, #{payState,jdbcType=VARCHAR}, #{name,jdbcType=VARCHAR}, 
      #{businessId,jdbcType=VARCHAR}, #{classteamId,jdbcType=VARCHAR}, #{type,jdbcType=VARCHAR}, 
      #{profitState,jdbcType=VARCHAR}, #{classId,jdbcType=VARCHAR})
  </insert>
  <insert id="insertSelective" parameterType="com.zng.model.TClassteamorder">
    insert into t_classteamorder
    <trim prefix="(" suffix=")" suffixOverrides=",">
      <if test="id != null">
        id,
      </if>
      <if test="loginId != null">
        login_id,
      </if>
      <if test="phone != null">
        phone,
      </if>
      <if test="details != null">
        details,
      </if>
      <if test="state != null">
        state,
      </if>
      <if test="createTime != null">
        create_time,
      </if>
      <if test="updateTime != null">
        update_time,
      </if>
      <if test="title != null">
        title,
      </if>
      <if test="money != null">
        money,
      </if>
      <if test="total != null">
        total,
      </if>
      <if test="payState != null">
        pay_state,
      </if>
      <if test="name != null">
        name,
      </if>
      <if test="businessId != null">
        business_id,
      </if>
      <if test="classteamId != null">
        classteam_id,
      </if>
      <if test="type != null">
        type,
      </if>
      <if test="profitState != null">
        profit_state,
      </if>
      <if test="classId != null">
        class_id,
      </if>
    </trim>
    <trim prefix="values (" suffix=")" suffixOverrides=",">
      <if test="id != null">
        #{id,jdbcType=VARCHAR},
      </if>
      <if test="loginId != null">
        #{loginId,jdbcType=VARCHAR},
      </if>
      <if test="phone != null">
        #{phone,jdbcType=VARCHAR},
      </if>
      <if test="details != null">
        #{details,jdbcType=VARCHAR},
      </if>
      <if test="state != null">
        #{state,jdbcType=VARCHAR},
      </if>
      <if test="createTime != null">
        #{createTime,jdbcType=VARCHAR},
      </if>
      <if test="updateTime != null">
        #{updateTime,jdbcType=VARCHAR},
      </if>
      <if test="title != null">
        #{title,jdbcType=VARCHAR},
      </if>
      <if test="money != null">
        #{money,jdbcType=DECIMAL},
      </if>
      <if test="total != null">
        #{total,jdbcType=DECIMAL},
      </if>
      <if test="payState != null">
        #{payState,jdbcType=VARCHAR},
      </if>
      <if test="name != null">
        #{name,jdbcType=VARCHAR},
      </if>
      <if test="businessId != null">
        #{businessId,jdbcType=VARCHAR},
      </if>
      <if test="classteamId != null">
        #{classteamId,jdbcType=VARCHAR},
      </if>
      <if test="type != null">
        #{type,jdbcType=VARCHAR},
      </if>
      <if test="profitState != null">
        #{profitState,jdbcType=VARCHAR},
      </if>
      <if test="classId != null">
        #{classId,jdbcType=VARCHAR},
      </if>
    </trim>
  </insert>
  <update id="updateByPrimaryKeySelective" parameterType="com.zng.model.TClassteamorder">
    update t_classteamorder
    <set>
      <if test="loginId != null">
        login_id = #{loginId,jdbcType=VARCHAR},
      </if>
      <if test="phone != null">
        phone = #{phone,jdbcType=VARCHAR},
      </if>
      <if test="details != null">
        details = #{details,jdbcType=VARCHAR},
      </if>
      <if test="state != null">
        state = #{state,jdbcType=VARCHAR},
      </if>
      <if test="createTime != null">
        create_time = #{createTime,jdbcType=VARCHAR},
      </if>
      <if test="updateTime != null">
        update_time = #{updateTime,jdbcType=VARCHAR},
      </if>
      <if test="title != null">
        title = #{title,jdbcType=VARCHAR},
      </if>
      <if test="money != null">
        money = #{money,jdbcType=DECIMAL},
      </if>
      <if test="total != null">
        total = #{total,jdbcType=DECIMAL},
      </if>
      <if test="payState != null">
        pay_state = #{payState,jdbcType=VARCHAR},
      </if>
      <if test="name != null">
        name = #{name,jdbcType=VARCHAR},
      </if>
      <if test="businessId != null">
        business_id = #{businessId,jdbcType=VARCHAR},
      </if>
      <if test="classteamId != null">
        classteam_id = #{classteamId,jdbcType=VARCHAR},
      </if>
      <if test="type != null">
        type = #{type,jdbcType=VARCHAR},
      </if>
      <if test="profitState != null">
        profit_state = #{profitState,jdbcType=VARCHAR},
      </if>
      <if test="classId != null">
        class_id = #{classId,jdbcType=VARCHAR},
      </if>
    </set>
    where id = #{id,jdbcType=VARCHAR}
  </update>
  <update id="updateByPrimaryKey" parameterType="com.zng.model.TClassteamorder">
    update t_classteamorder
    set login_id = #{loginId,jdbcType=VARCHAR},
      phone = #{phone,jdbcType=VARCHAR},
      details = #{details,jdbcType=VARCHAR},
      state = #{state,jdbcType=VARCHAR},
      create_time = #{createTime,jdbcType=VARCHAR},
      update_time = #{updateTime,jdbcType=VARCHAR},
      title = #{title,jdbcType=VARCHAR},
      money = #{money,jdbcType=DECIMAL},
      total = #{total,jdbcType=DECIMAL},
      pay_state = #{payState,jdbcType=VARCHAR},
      name = #{name,jdbcType=VARCHAR},
      business_id = #{businessId,jdbcType=VARCHAR},
      classteam_id = #{classteamId,jdbcType=VARCHAR},
      type = #{type,jdbcType=VARCHAR},
      profit_state = #{profitState,jdbcType=VARCHAR},
      class_id = #{classId,jdbcType=VARCHAR}
    where id = #{id,jdbcType=VARCHAR}
  </update>
</mapper>