<?xml version="1.0" encoding="UTF-8"?>
<!DOCTYPE mapper PUBLIC "-//mybatis.org//DTD Mapper 3.0//EN" "http://mybatis.org/dtd/mybatis-3-mapper.dtd">
<mapper namespace="com.zng.mapper.TClasssigninformationMapper">
  <resultMap id="BaseResultMap" type="com.zng.model.TClasssigninformation">
    <id column="id" jdbcType="VARCHAR" property="id" />
    <result column="state" jdbcType="VARCHAR" property="state" />
    <result column="create_time" jdbcType="VARCHAR" property="createTime" />
    <result column="update_time" jdbcType="VARCHAR" property="updateTime" />
    <result column="class_id" jdbcType="VARCHAR" property="classId" />
    <result column="login_id" jdbcType="VARCHAR" property="loginId" />
    <result column="class_role" jdbcType="VARCHAR" property="classRole" />
    <result column="superior_id" jdbcType="VARCHAR" property="superiorId" />
    <result column="pay_state" jdbcType="VARCHAR" property="payState" />
    <result column="printscreen" jdbcType="VARCHAR" property="printscreen" />
    <result column="intolive_state" jdbcType="VARCHAR" property="intoliveState" />
  </resultMap>
  <sql id="Base_Column_List">
    id, state, create_time, update_time, class_id, login_id, class_role, superior_id, 
    pay_state, printscreen, intolive_state
  </sql>
  <select id="selectByPrimaryKey" parameterType="java.lang.String" resultMap="BaseResultMap">
    select 
    <include refid="Base_Column_List" />
    from t_classsigninformation
    where id = #{id,jdbcType=VARCHAR}
  </select>
  <delete id="deleteByPrimaryKey" parameterType="java.lang.String">
    delete from t_classsigninformation
    where id = #{id,jdbcType=VARCHAR}
  </delete>
  <insert id="insert" parameterType="com.zng.model.TClasssigninformation">
    insert into t_classsigninformation (id, state, create_time, 
      update_time, class_id, login_id, 
      class_role, superior_id, pay_state, 
      printscreen, intolive_state)
    values (#{id,jdbcType=VARCHAR}, #{state,jdbcType=VARCHAR}, #{createTime,jdbcType=VARCHAR}, 
      #{updateTime,jdbcType=VARCHAR}, #{classId,jdbcType=VARCHAR}, #{loginId,jdbcType=VARCHAR}, 
      #{classRole,jdbcType=VARCHAR}, #{superiorId,jdbcType=VARCHAR}, #{payState,jdbcType=VARCHAR}, 
      #{printscreen,jdbcType=VARCHAR}, #{intoliveState,jdbcType=VARCHAR})
  </insert>
  <insert id="insertSelective" parameterType="com.zng.model.TClasssigninformation">
    insert into t_classsigninformation
    <trim prefix="(" suffix=")" suffixOverrides=",">
      <if test="id != null">
        id,
      </if>
      <if test="state != null">
        state,
      </if>
      <if test="createTime != null">
        create_time,
      </if>
      <if test="updateTime != null">
        update_time,
      </if>
      <if test="classId != null">
        class_id,
      </if>
      <if test="loginId != null">
        login_id,
      </if>
      <if test="classRole != null">
        class_role,
      </if>
      <if test="superiorId != null">
        superior_id,
      </if>
      <if test="payState != null">
        pay_state,
      </if>
      <if test="printscreen != null">
        printscreen,
      </if>
      <if test="intoliveState != null">
        intolive_state,
      </if>
    </trim>
    <trim prefix="values (" suffix=")" suffixOverrides=",">
      <if test="id != null">
        #{id,jdbcType=VARCHAR},
      </if>
      <if test="state != null">
        #{state,jdbcType=VARCHAR},
      </if>
      <if test="createTime != null">
        #{createTime,jdbcType=VARCHAR},
      </if>
      <if test="updateTime != null">
        #{updateTime,jdbcType=VARCHAR},
      </if>
      <if test="classId != null">
        #{classId,jdbcType=VARCHAR},
      </if>
      <if test="loginId != null">
        #{loginId,jdbcType=VARCHAR},
      </if>
      <if test="classRole != null">
        #{classRole,jdbcType=VARCHAR},
      </if>
      <if test="superiorId != null">
        #{superiorId,jdbcType=VARCHAR},
      </if>
      <if test="payState != null">
        #{payState,jdbcType=VARCHAR},
      </if>
      <if test="printscreen != null">
        #{printscreen,jdbcType=VARCHAR},
      </if>
      <if test="intoliveState != null">
        #{intoliveState,jdbcType=VARCHAR},
      </if>
    </trim>
  </insert>
  <update id="updateByPrimaryKeySelective" parameterType="com.zng.model.TClasssigninformation">
    update t_classsigninformation
    <set>
      <if test="state != null">
        state = #{state,jdbcType=VARCHAR},
      </if>
      <if test="createTime != null">
        create_time = #{createTime,jdbcType=VARCHAR},
      </if>
      <if test="updateTime != null">
        update_time = #{updateTime,jdbcType=VARCHAR},
      </if>
      <if test="classId != null">
        class_id = #{classId,jdbcType=VARCHAR},
      </if>
      <if test="loginId != null">
        login_id = #{loginId,jdbcType=VARCHAR},
      </if>
      <if test="classRole != null">
        class_role = #{classRole,jdbcType=VARCHAR},
      </if>
      <if test="superiorId != null">
        superior_id = #{superiorId,jdbcType=VARCHAR},
      </if>
      <if test="payState != null">
        pay_state = #{payState,jdbcType=VARCHAR},
      </if>
      <if test="printscreen != null">
        printscreen = #{printscreen,jdbcType=VARCHAR},
      </if>
      <if test="intoliveState != null">
        intolive_state = #{intoliveState,jdbcType=VARCHAR},
      </if>
    </set>
    where id = #{id,jdbcType=VARCHAR}
  </update>
  <update id="updateByPrimaryKey" parameterType="com.zng.model.TClasssigninformation">
    update t_classsigninformation
    set state = #{state,jdbcType=VARCHAR},
      create_time = #{createTime,jdbcType=VARCHAR},
      update_time = #{updateTime,jdbcType=VARCHAR},
      class_id = #{classId,jdbcType=VARCHAR},
      login_id = #{loginId,jdbcType=VARCHAR},
      class_role = #{classRole,jdbcType=VARCHAR},
      superior_id = #{superiorId,jdbcType=VARCHAR},
      pay_state = #{payState,jdbcType=VARCHAR},
      printscreen = #{printscreen,jdbcType=VARCHAR},
      intolive_state = #{intoliveState,jdbcType=VARCHAR}
    where id = #{id,jdbcType=VARCHAR}
  </update>
</mapper>