<?xml version="1.0" encoding="UTF-8"?>
<!DOCTYPE mapper PUBLIC "-//mybatis.org//DTD Mapper 3.0//EN" "http://mybatis.org/dtd/mybatis-3-mapper.dtd">
<mapper namespace="com.zng.mapper.TCompanyorderMapper">
  <resultMap id="BaseResultMap" type="com.zng.model.TCompanyorder">
    <id column="id" jdbcType="VARCHAR" property="id" />
    <result column="login_id" jdbcType="VARCHAR" property="loginId" />
    <result column="phone" jdbcType="VARCHAR" property="phone" />
    <result column="create_time" jdbcType="VARCHAR" property="createTime" />
    <result column="money" jdbcType="DECIMAL" property="money" />
    <result column="area_state" jdbcType="VARCHAR" property="areaState" />
    <result column="goods" jdbcType="VARCHAR" property="goods" />
    <result column="total" jdbcType="VARCHAR" property="total" />
    <result column="update_time" jdbcType="VARCHAR" property="updateTime" />
    <result column="pay_state" jdbcType="VARCHAR" property="payState" />
  </resultMap>
  <sql id="Base_Column_List">
    id, login_id, phone, create_time, money, area_state, goods, total, update_time, pay_state
  </sql>
  <select id="selectByPrimaryKey" parameterType="java.lang.String" resultMap="BaseResultMap">
    select 
    <include refid="Base_Column_List" />
    from t_companyorder
    where id = #{id,jdbcType=VARCHAR}
  </select>
  <delete id="deleteByPrimaryKey" parameterType="java.lang.String">
    delete from t_companyorder
    where id = #{id,jdbcType=VARCHAR}
  </delete>
  <insert id="insert" parameterType="com.zng.model.TCompanyorder">
    insert into t_companyorder (id, login_id, phone, 
      create_time, money, area_state, 
      goods, total, update_time, 
      pay_state)
    values (#{id,jdbcType=VARCHAR}, #{loginId,jdbcType=VARCHAR}, #{phone,jdbcType=VARCHAR}, 
      #{createTime,jdbcType=VARCHAR}, #{money,jdbcType=DECIMAL}, #{areaState,jdbcType=VARCHAR}, 
      #{goods,jdbcType=VARCHAR}, #{total,jdbcType=VARCHAR}, #{updateTime,jdbcType=VARCHAR}, 
      #{payState,jdbcType=VARCHAR})
  </insert>
  <insert id="insertSelective" parameterType="com.zng.model.TCompanyorder">
    insert into t_companyorder
    <trim prefix="(" suffix=")" suffixOverrides=",">
      <if test="id != null">
        id,
      </if>
      <if test="loginId != null">
        login_id,
      </if>
      <if test="phone != null">
        phone,
      </if>
      <if test="createTime != null">
        create_time,
      </if>
      <if test="money != null">
        money,
      </if>
      <if test="areaState != null">
        area_state,
      </if>
      <if test="goods != null">
        goods,
      </if>
      <if test="total != null">
        total,
      </if>
      <if test="updateTime != null">
        update_time,
      </if>
      <if test="payState != null">
        pay_state,
      </if>
    </trim>
    <trim prefix="values (" suffix=")" suffixOverrides=",">
      <if test="id != null">
        #{id,jdbcType=VARCHAR},
      </if>
      <if test="loginId != null">
        #{loginId,jdbcType=VARCHAR},
      </if>
      <if test="phone != null">
        #{phone,jdbcType=VARCHAR},
      </if>
      <if test="createTime != null">
        #{createTime,jdbcType=VARCHAR},
      </if>
      <if test="money != null">
        #{money,jdbcType=DECIMAL},
      </if>
      <if test="areaState != null">
        #{areaState,jdbcType=VARCHAR},
      </if>
      <if test="goods != null">
        #{goods,jdbcType=VARCHAR},
      </if>
      <if test="total != null">
        #{total,jdbcType=VARCHAR},
      </if>
      <if test="updateTime != null">
        #{updateTime,jdbcType=VARCHAR},
      </if>
      <if test="payState != null">
        #{payState,jdbcType=VARCHAR},
      </if>
    </trim>
  </insert>
  <update id="updateByPrimaryKeySelective" parameterType="com.zng.model.TCompanyorder">
    update t_companyorder
    <set>
      <if test="loginId != null">
        login_id = #{loginId,jdbcType=VARCHAR},
      </if>
      <if test="phone != null">
        phone = #{phone,jdbcType=VARCHAR},
      </if>
      <if test="createTime != null">
        create_time = #{createTime,jdbcType=VARCHAR},
      </if>
      <if test="money != null">
        money = #{money,jdbcType=DECIMAL},
      </if>
      <if test="areaState != null">
        area_state = #{areaState,jdbcType=VARCHAR},
      </if>
      <if test="goods != null">
        goods = #{goods,jdbcType=VARCHAR},
      </if>
      <if test="total != null">
        total = #{total,jdbcType=VARCHAR},
      </if>
      <if test="updateTime != null">
        update_time = #{updateTime,jdbcType=VARCHAR},
      </if>
      <if test="payState != null">
        pay_state = #{payState,jdbcType=VARCHAR},
      </if>
    </set>
    where id = #{id,jdbcType=VARCHAR}
  </update>
  <update id="updateByPrimaryKey" parameterType="com.zng.model.TCompanyorder">
    update t_companyorder
    set login_id = #{loginId,jdbcType=VARCHAR},
      phone = #{phone,jdbcType=VARCHAR},
      create_time = #{createTime,jdbcType=VARCHAR},
      money = #{money,jdbcType=DECIMAL},
      area_state = #{areaState,jdbcType=VARCHAR},
      goods = #{goods,jdbcType=VARCHAR},
      total = #{total,jdbcType=VARCHAR},
      update_time = #{updateTime,jdbcType=VARCHAR},
      pay_state = #{payState,jdbcType=VARCHAR}
    where id = #{id,jdbcType=VARCHAR}
  </update>
</mapper>