<?xml version="1.0" encoding="UTF-8"?>
<!DOCTYPE mapper PUBLIC "-//mybatis.org//DTD Mapper 3.0//EN" "http://mybatis.org/dtd/mybatis-3-mapper.dtd">
<mapper namespace="com.zng.mapper.TCommodityMapper">
  <resultMap id="BaseResultMap" type="com.zng.model.TCommodity">
    <id column="id" jdbcType="VARCHAR" property="id" />
    <result column="rate_template_id" jdbcType="VARCHAR" property="rateTemplateId" />
    <result column="name" jdbcType="VARCHAR" property="name" />
    <result column="details" jdbcType="VARCHAR" property="details" />
    <result column="img_url" jdbcType="VARCHAR" property="imgUrl" />
    <result column="state" jdbcType="VARCHAR" property="state" />
    <result column="create_time" jdbcType="VARCHAR" property="createTime" />
    <result column="update_time" jdbcType="VARCHAR" property="updateTime" />
    <result column="details_url" jdbcType="VARCHAR" property="detailsUrl" />
    <result column="diagram" jdbcType="VARCHAR" property="diagram" />
    <result column="weight" jdbcType="VARCHAR" property="weight" />
    <result column="main_state" jdbcType="VARCHAR" property="mainState" />
    <result column="origin_place" jdbcType="VARCHAR" property="originPlace" />
    <result column="quality_level" jdbcType="VARCHAR" property="qualityLevel" />
    <result column="guarantee_period" jdbcType="VARCHAR" property="guaranteePeriod" />
    <result column="save_method" jdbcType="VARCHAR" property="saveMethod" />
    <result column="variety" jdbcType="VARCHAR" property="variety" />
    <result column="sales_type" jdbcType="VARCHAR" property="salesType" />
    <result column="token" jdbcType="DECIMAL" property="token" />
    <result column="packing" jdbcType="VARCHAR" property="packing" />
    <result column="group_url" jdbcType="VARCHAR" property="groupUrl" />
    <result column="sort" jdbcType="INTEGER" property="sort" />
    <result column="is_giftsbuy" jdbcType="VARCHAR" property="isGiftsbuy" />
    <result column="business_id" jdbcType="VARCHAR" property="businessId" />
    <result column="category_id" jdbcType="VARCHAR" property="categoryId" />
    <result column="min_buy_num" jdbcType="VARCHAR" property="minBuyNum" />
    <result column="is_month_commodity" jdbcType="VARCHAR" property="isMonthCommodity" />
    <result column="is_month_random" jdbcType="VARCHAR" property="isMonthRandom" />
    <result column="month_commodity_num" jdbcType="INTEGER" property="monthCommodityNum" />
    <result column="is_customization_commodity" jdbcType="VARCHAR" property="isCustomizationCommodity" />
    <result column="icon_type" jdbcType="VARCHAR" property="iconType" />
    <result column="customization_num" jdbcType="INTEGER" property="customizationNum" />
    <result column="detail_state" jdbcType="VARCHAR" property="detailState" />
    <result column="detail_type" jdbcType="VARCHAR" property="detailType" />
    <result column="is_cooperation" jdbcType="VARCHAR" property="isCooperation" />
    <result column="platform_type" jdbcType="VARCHAR" property="platformType" />
    <result column="upright_url" jdbcType="VARCHAR" property="uprightUrl" />
    <result column="limit_num" jdbcType="INTEGER" property="limitNum" />
    <result column="share_url" jdbcType="VARCHAR" property="shareUrl" />
  </resultMap>
  <sql id="Base_Column_List">
    id, rate_template_id, name, details, img_url, state, create_time, update_time, details_url, 
    diagram, weight, main_state, origin_place, quality_level, guarantee_period, save_method, 
    variety, sales_type, token, packing, group_url, sort, is_giftsbuy, business_id, category_id, 
    min_buy_num, is_month_commodity, is_month_random, month_commodity_num, is_customization_commodity, 
    icon_type, customization_num, detail_state, detail_type, is_cooperation, platform_type, 
    upright_url, limit_num, share_url
  </sql>
  <select id="selectByPrimaryKey" parameterType="java.lang.String" resultMap="BaseResultMap">
    select 
    <include refid="Base_Column_List" />
    from t_commodity
    where id = #{id,jdbcType=VARCHAR}
  </select>
  <delete id="deleteByPrimaryKey" parameterType="java.lang.String">
    delete from t_commodity
    where id = #{id,jdbcType=VARCHAR}
  </delete>
  <insert id="insert" parameterType="com.zng.model.TCommodity">
    insert into t_commodity (id, rate_template_id, name, 
      details, img_url, state, 
      create_time, update_time, details_url, 
      diagram, weight, main_state, 
      origin_place, quality_level, guarantee_period, 
      save_method, variety, sales_type, 
      token, packing, group_url, 
      sort, is_giftsbuy, business_id, 
      category_id, min_buy_num, is_month_commodity, 
      is_month_random, month_commodity_num, is_customization_commodity, 
      icon_type, customization_num, detail_state, 
      detail_type, is_cooperation, platform_type, 
      upright_url, limit_num, share_url
      )
    values (#{id,jdbcType=VARCHAR}, #{rateTemplateId,jdbcType=VARCHAR}, #{name,jdbcType=VARCHAR}, 
      #{details,jdbcType=VARCHAR}, #{imgUrl,jdbcType=VARCHAR}, #{state,jdbcType=VARCHAR}, 
      #{createTime,jdbcType=VARCHAR}, #{updateTime,jdbcType=VARCHAR}, #{detailsUrl,jdbcType=VARCHAR}, 
      #{diagram,jdbcType=VARCHAR}, #{weight,jdbcType=VARCHAR}, #{mainState,jdbcType=VARCHAR}, 
      #{originPlace,jdbcType=VARCHAR}, #{qualityLevel,jdbcType=VARCHAR}, #{guaranteePeriod,jdbcType=VARCHAR}, 
      #{saveMethod,jdbcType=VARCHAR}, #{variety,jdbcType=VARCHAR}, #{salesType,jdbcType=VARCHAR}, 
      #{token,jdbcType=DECIMAL}, #{packing,jdbcType=VARCHAR}, #{groupUrl,jdbcType=VARCHAR}, 
      #{sort,jdbcType=INTEGER}, #{isGiftsbuy,jdbcType=VARCHAR}, #{businessId,jdbcType=VARCHAR}, 
      #{categoryId,jdbcType=VARCHAR}, #{minBuyNum,jdbcType=VARCHAR}, #{isMonthCommodity,jdbcType=VARCHAR}, 
      #{isMonthRandom,jdbcType=VARCHAR}, #{monthCommodityNum,jdbcType=INTEGER}, #{isCustomizationCommodity,jdbcType=VARCHAR}, 
      #{iconType,jdbcType=VARCHAR}, #{customizationNum,jdbcType=INTEGER}, #{detailState,jdbcType=VARCHAR}, 
      #{detailType,jdbcType=VARCHAR}, #{isCooperation,jdbcType=VARCHAR}, #{platformType,jdbcType=VARCHAR}, 
      #{uprightUrl,jdbcType=VARCHAR}, #{limitNum,jdbcType=INTEGER}, #{shareUrl,jdbcType=VARCHAR}
      )
  </insert>
  <insert id="insertSelective" parameterType="com.zng.model.TCommodity">
    insert into t_commodity
    <trim prefix="(" suffix=")" suffixOverrides=",">
      <if test="id != null">
        id,
      </if>
      <if test="rateTemplateId != null">
        rate_template_id,
      </if>
      <if test="name != null">
        name,
      </if>
      <if test="details != null">
        details,
      </if>
      <if test="imgUrl != null">
        img_url,
      </if>
      <if test="state != null">
        state,
      </if>
      <if test="createTime != null">
        create_time,
      </if>
      <if test="updateTime != null">
        update_time,
      </if>
      <if test="detailsUrl != null">
        details_url,
      </if>
      <if test="diagram != null">
        diagram,
      </if>
      <if test="weight != null">
        weight,
      </if>
      <if test="mainState != null">
        main_state,
      </if>
      <if test="originPlace != null">
        origin_place,
      </if>
      <if test="qualityLevel != null">
        quality_level,
      </if>
      <if test="guaranteePeriod != null">
        guarantee_period,
      </if>
      <if test="saveMethod != null">
        save_method,
      </if>
      <if test="variety != null">
        variety,
      </if>
      <if test="salesType != null">
        sales_type,
      </if>
      <if test="token != null">
        token,
      </if>
      <if test="packing != null">
        packing,
      </if>
      <if test="groupUrl != null">
        group_url,
      </if>
      <if test="sort != null">
        sort,
      </if>
      <if test="isGiftsbuy != null">
        is_giftsbuy,
      </if>
      <if test="businessId != null">
        business_id,
      </if>
      <if test="categoryId != null">
        category_id,
      </if>
      <if test="minBuyNum != null">
        min_buy_num,
      </if>
      <if test="isMonthCommodity != null">
        is_month_commodity,
      </if>
      <if test="isMonthRandom != null">
        is_month_random,
      </if>
      <if test="monthCommodityNum != null">
        month_commodity_num,
      </if>
      <if test="isCustomizationCommodity != null">
        is_customization_commodity,
      </if>
      <if test="iconType != null">
        icon_type,
      </if>
      <if test="customizationNum != null">
        customization_num,
      </if>
      <if test="detailState != null">
        detail_state,
      </if>
      <if test="detailType != null">
        detail_type,
      </if>
      <if test="isCooperation != null">
        is_cooperation,
      </if>
      <if test="platformType != null">
        platform_type,
      </if>
      <if test="uprightUrl != null">
        upright_url,
      </if>
      <if test="limitNum != null">
        limit_num,
      </if>
      <if test="shareUrl != null">
        share_url,
      </if>
    </trim>
    <trim prefix="values (" suffix=")" suffixOverrides=",">
      <if test="id != null">
        #{id,jdbcType=VARCHAR},
      </if>
      <if test="rateTemplateId != null">
        #{rateTemplateId,jdbcType=VARCHAR},
      </if>
      <if test="name != null">
        #{name,jdbcType=VARCHAR},
      </if>
      <if test="details != null">
        #{details,jdbcType=VARCHAR},
      </if>
      <if test="imgUrl != null">
        #{imgUrl,jdbcType=VARCHAR},
      </if>
      <if test="state != null">
        #{state,jdbcType=VARCHAR},
      </if>
      <if test="createTime != null">
        #{createTime,jdbcType=VARCHAR},
      </if>
      <if test="updateTime != null">
        #{updateTime,jdbcType=VARCHAR},
      </if>
      <if test="detailsUrl != null">
        #{detailsUrl,jdbcType=VARCHAR},
      </if>
      <if test="diagram != null">
        #{diagram,jdbcType=VARCHAR},
      </if>
      <if test="weight != null">
        #{weight,jdbcType=VARCHAR},
      </if>
      <if test="mainState != null">
        #{mainState,jdbcType=VARCHAR},
      </if>
      <if test="originPlace != null">
        #{originPlace,jdbcType=VARCHAR},
      </if>
      <if test="qualityLevel != null">
        #{qualityLevel,jdbcType=VARCHAR},
      </if>
      <if test="guaranteePeriod != null">
        #{guaranteePeriod,jdbcType=VARCHAR},
      </if>
      <if test="saveMethod != null">
        #{saveMethod,jdbcType=VARCHAR},
      </if>
      <if test="variety != null">
        #{variety,jdbcType=VARCHAR},
      </if>
      <if test="salesType != null">
        #{salesType,jdbcType=VARCHAR},
      </if>
      <if test="token != null">
        #{token,jdbcType=DECIMAL},
      </if>
      <if test="packing != null">
        #{packing,jdbcType=VARCHAR},
      </if>
      <if test="groupUrl != null">
        #{groupUrl,jdbcType=VARCHAR},
      </if>
      <if test="sort != null">
        #{sort,jdbcType=INTEGER},
      </if>
      <if test="isGiftsbuy != null">
        #{isGiftsbuy,jdbcType=VARCHAR},
      </if>
      <if test="businessId != null">
        #{businessId,jdbcType=VARCHAR},
      </if>
      <if test="categoryId != null">
        #{categoryId,jdbcType=VARCHAR},
      </if>
      <if test="minBuyNum != null">
        #{minBuyNum,jdbcType=VARCHAR},
      </if>
      <if test="isMonthCommodity != null">
        #{isMonthCommodity,jdbcType=VARCHAR},
      </if>
      <if test="isMonthRandom != null">
        #{isMonthRandom,jdbcType=VARCHAR},
      </if>
      <if test="monthCommodityNum != null">
        #{monthCommodityNum,jdbcType=INTEGER},
      </if>
      <if test="isCustomizationCommodity != null">
        #{isCustomizationCommodity,jdbcType=VARCHAR},
      </if>
      <if test="iconType != null">
        #{iconType,jdbcType=VARCHAR},
      </if>
      <if test="customizationNum != null">
        #{customizationNum,jdbcType=INTEGER},
      </if>
      <if test="detailState != null">
        #{detailState,jdbcType=VARCHAR},
      </if>
      <if test="detailType != null">
        #{detailType,jdbcType=VARCHAR},
      </if>
      <if test="isCooperation != null">
        #{isCooperation,jdbcType=VARCHAR},
      </if>
      <if test="platformType != null">
        #{platformType,jdbcType=VARCHAR},
      </if>
      <if test="uprightUrl != null">
        #{uprightUrl,jdbcType=VARCHAR},
      </if>
      <if test="limitNum != null">
        #{limitNum,jdbcType=INTEGER},
      </if>
      <if test="shareUrl != null">
        #{shareUrl,jdbcType=VARCHAR},
      </if>
    </trim>
  </insert>
  <update id="updateByPrimaryKeySelective" parameterType="com.zng.model.TCommodity">
    update t_commodity
    <set>
      <if test="rateTemplateId != null">
        rate_template_id = #{rateTemplateId,jdbcType=VARCHAR},
      </if>
      <if test="name != null">
        name = #{name,jdbcType=VARCHAR},
      </if>
      <if test="details != null">
        details = #{details,jdbcType=VARCHAR},
      </if>
      <if test="imgUrl != null">
        img_url = #{imgUrl,jdbcType=VARCHAR},
      </if>
      <if test="state != null">
        state = #{state,jdbcType=VARCHAR},
      </if>
      <if test="createTime != null">
        create_time = #{createTime,jdbcType=VARCHAR},
      </if>
      <if test="updateTime != null">
        update_time = #{updateTime,jdbcType=VARCHAR},
      </if>
      <if test="detailsUrl != null">
        details_url = #{detailsUrl,jdbcType=VARCHAR},
      </if>
      <if test="diagram != null">
        diagram = #{diagram,jdbcType=VARCHAR},
      </if>
      <if test="weight != null">
        weight = #{weight,jdbcType=VARCHAR},
      </if>
      <if test="mainState != null">
        main_state = #{mainState,jdbcType=VARCHAR},
      </if>
      <if test="originPlace != null">
        origin_place = #{originPlace,jdbcType=VARCHAR},
      </if>
      <if test="qualityLevel != null">
        quality_level = #{qualityLevel,jdbcType=VARCHAR},
      </if>
      <if test="guaranteePeriod != null">
        guarantee_period = #{guaranteePeriod,jdbcType=VARCHAR},
      </if>
      <if test="saveMethod != null">
        save_method = #{saveMethod,jdbcType=VARCHAR},
      </if>
      <if test="variety != null">
        variety = #{variety,jdbcType=VARCHAR},
      </if>
      <if test="salesType != null">
        sales_type = #{salesType,jdbcType=VARCHAR},
      </if>
      <if test="token != null">
        token = #{token,jdbcType=DECIMAL},
      </if>
      <if test="packing != null">
        packing = #{packing,jdbcType=VARCHAR},
      </if>
      <if test="groupUrl != null">
        group_url = #{groupUrl,jdbcType=VARCHAR},
      </if>
      <if test="sort != null">
        sort = #{sort,jdbcType=INTEGER},
      </if>
      <if test="isGiftsbuy != null">
        is_giftsbuy = #{isGiftsbuy,jdbcType=VARCHAR},
      </if>
      <if test="businessId != null">
        business_id = #{businessId,jdbcType=VARCHAR},
      </if>
      <if test="categoryId != null">
        category_id = #{categoryId,jdbcType=VARCHAR},
      </if>
      <if test="minBuyNum != null">
        min_buy_num = #{minBuyNum,jdbcType=VARCHAR},
      </if>
      <if test="isMonthCommodity != null">
        is_month_commodity = #{isMonthCommodity,jdbcType=VARCHAR},
      </if>
      <if test="isMonthRandom != null">
        is_month_random = #{isMonthRandom,jdbcType=VARCHAR},
      </if>
      <if test="monthCommodityNum != null">
        month_commodity_num = #{monthCommodityNum,jdbcType=INTEGER},
      </if>
      <if test="isCustomizationCommodity != null">
        is_customization_commodity = #{isCustomizationCommodity,jdbcType=VARCHAR},
      </if>
      <if test="iconType != null">
        icon_type = #{iconType,jdbcType=VARCHAR},
      </if>
      <if test="customizationNum != null">
        customization_num = #{customizationNum,jdbcType=INTEGER},
      </if>
      <if test="detailState != null">
        detail_state = #{detailState,jdbcType=VARCHAR},
      </if>
      <if test="detailType != null">
        detail_type = #{detailType,jdbcType=VARCHAR},
      </if>
      <if test="isCooperation != null">
        is_cooperation = #{isCooperation,jdbcType=VARCHAR},
      </if>
      <if test="platformType != null">
        platform_type = #{platformType,jdbcType=VARCHAR},
      </if>
      <if test="uprightUrl != null">
        upright_url = #{uprightUrl,jdbcType=VARCHAR},
      </if>
      <if test="limitNum != null">
        limit_num = #{limitNum,jdbcType=INTEGER},
      </if>
      <if test="shareUrl != null">
        share_url = #{shareUrl,jdbcType=VARCHAR},
      </if>
    </set>
    where id = #{id,jdbcType=VARCHAR}
  </update>
  <update id="updateByPrimaryKey" parameterType="com.zng.model.TCommodity">
    update t_commodity
    set rate_template_id = #{rateTemplateId,jdbcType=VARCHAR},
      name = #{name,jdbcType=VARCHAR},
      details = #{details,jdbcType=VARCHAR},
      img_url = #{imgUrl,jdbcType=VARCHAR},
      state = #{state,jdbcType=VARCHAR},
      create_time = #{createTime,jdbcType=VARCHAR},
      update_time = #{updateTime,jdbcType=VARCHAR},
      details_url = #{detailsUrl,jdbcType=VARCHAR},
      diagram = #{diagram,jdbcType=VARCHAR},
      weight = #{weight,jdbcType=VARCHAR},
      main_state = #{mainState,jdbcType=VARCHAR},
      origin_place = #{originPlace,jdbcType=VARCHAR},
      quality_level = #{qualityLevel,jdbcType=VARCHAR},
      guarantee_period = #{guaranteePeriod,jdbcType=VARCHAR},
      save_method = #{saveMethod,jdbcType=VARCHAR},
      variety = #{variety,jdbcType=VARCHAR},
      sales_type = #{salesType,jdbcType=VARCHAR},
      token = #{token,jdbcType=DECIMAL},
      packing = #{packing,jdbcType=VARCHAR},
      group_url = #{groupUrl,jdbcType=VARCHAR},
      sort = #{sort,jdbcType=INTEGER},
      is_giftsbuy = #{isGiftsbuy,jdbcType=VARCHAR},
      business_id = #{businessId,jdbcType=VARCHAR},
      category_id = #{categoryId,jdbcType=VARCHAR},
      min_buy_num = #{minBuyNum,jdbcType=VARCHAR},
      is_month_commodity = #{isMonthCommodity,jdbcType=VARCHAR},
      is_month_random = #{isMonthRandom,jdbcType=VARCHAR},
      month_commodity_num = #{monthCommodityNum,jdbcType=INTEGER},
      is_customization_commodity = #{isCustomizationCommodity,jdbcType=VARCHAR},
      icon_type = #{iconType,jdbcType=VARCHAR},
      customization_num = #{customizationNum,jdbcType=INTEGER},
      detail_state = #{detailState,jdbcType=VARCHAR},
      detail_type = #{detailType,jdbcType=VARCHAR},
      is_cooperation = #{isCooperation,jdbcType=VARCHAR},
      platform_type = #{platformType,jdbcType=VARCHAR},
      upright_url = #{uprightUrl,jdbcType=VARCHAR},
      limit_num = #{limitNum,jdbcType=INTEGER},
      share_url = #{shareUrl,jdbcType=VARCHAR}
    where id = #{id,jdbcType=VARCHAR}
  </update>
</mapper>