<?xml version="1.0" encoding="UTF-8"?>
<!DOCTYPE mapper PUBLIC "-//mybatis.org//DTD Mapper 3.0//EN" "http://mybatis.org/dtd/mybatis-3-mapper.dtd">
<mapper namespace="com.zng.mapper.TCommunityshopMapper">
  <resultMap id="BaseResultMap" type="com.zng.model.TCommunityshop">
    <id column="id" jdbcType="VARCHAR" property="id" />
    <result column="login_id" jdbcType="VARCHAR" property="loginId" />
    <result column="start_time" jdbcType="VARCHAR" property="startTime" />
    <result column="end_time" jdbcType="VARCHAR" property="endTime" />
    <result column="price" jdbcType="DECIMAL" property="price" />
    <result column="token_num" jdbcType="DECIMAL" property="tokenNum" />
    <result column="parent_login_id" jdbcType="VARCHAR" property="parentLoginId" />
    <result column="is_upload_message" jdbcType="VARCHAR" property="isUploadMessage" />
    <result column="position" jdbcType="VARCHAR" property="position" />
    <result column="phone" jdbcType="VARCHAR" property="phone" />
    <result column="license_img" jdbcType="VARCHAR" property="licenseImg" />
    <result column="shop_img" jdbcType="VARCHAR" property="shopImg" />
    <result column="unlock_state_one" jdbcType="VARCHAR" property="unlockStateOne" />
    <result column="unlock_state_two" jdbcType="VARCHAR" property="unlockStateTwo" />
    <result column="promote_num" jdbcType="INTEGER" property="promoteNum" />
    <result column="oneself_performance" jdbcType="DECIMAL" property="oneselfPerformance" />
    <result column="promote_performance" jdbcType="DECIMAL" property="promotePerformance" />
    <result column="scan_code_performance" jdbcType="DECIMAL" property="scanCodePerformance" />
    <result column="unlock_token_num" jdbcType="DECIMAL" property="unlockTokenNum" />
    <result column="state" jdbcType="VARCHAR" property="state" />
    <result column="create_time" jdbcType="VARCHAR" property="createTime" />
    <result column="update_time" jdbcType="VARCHAR" property="updateTime" />
    <result column="city_id" jdbcType="VARCHAR" property="cityId" />
    <result column="longitude" jdbcType="VARCHAR" property="longitude" />
    <result column="latitude" jdbcType="VARCHAR" property="latitude" />
    <result column="store_type" jdbcType="VARCHAR" property="storeType" />
    <result column="store_name" jdbcType="VARCHAR" property="storeName" />
    <result column="percentage" jdbcType="INTEGER" property="percentage" />
    <result column="detail_position" jdbcType="VARCHAR" property="detailPosition" />
    <result column="store_id" jdbcType="INTEGER" property="storeId" />
  </resultMap>
  <sql id="Base_Column_List">
    id, login_id, start_time, end_time, price, token_num, parent_login_id, is_upload_message, 
    position, phone, license_img, shop_img, unlock_state_one, unlock_state_two, promote_num, 
    oneself_performance, promote_performance, scan_code_performance, unlock_token_num, 
    state, create_time, update_time, city_id, longitude, latitude, store_type, store_name, 
    percentage, detail_position, store_id
  </sql>
  <select id="selectByPrimaryKey" parameterType="java.lang.String" resultMap="BaseResultMap">
    select 
    <include refid="Base_Column_List" />
    from t_communityshop
    where id = #{id,jdbcType=VARCHAR}
  </select>
  <delete id="deleteByPrimaryKey" parameterType="java.lang.String">
    delete from t_communityshop
    where id = #{id,jdbcType=VARCHAR}
  </delete>
  <insert id="insert" parameterType="com.zng.model.TCommunityshop">
    insert into t_communityshop (id, login_id, start_time, 
      end_time, price, token_num, 
      parent_login_id, is_upload_message, position, 
      phone, license_img, shop_img, 
      unlock_state_one, unlock_state_two, promote_num, 
      oneself_performance, promote_performance, 
      scan_code_performance, unlock_token_num, state, 
      create_time, update_time, city_id, 
      longitude, latitude, store_type, 
      store_name, percentage, detail_position, 
      store_id)
    values (#{id,jdbcType=VARCHAR}, #{loginId,jdbcType=VARCHAR}, #{startTime,jdbcType=VARCHAR}, 
      #{endTime,jdbcType=VARCHAR}, #{price,jdbcType=DECIMAL}, #{tokenNum,jdbcType=DECIMAL}, 
      #{parentLoginId,jdbcType=VARCHAR}, #{isUploadMessage,jdbcType=VARCHAR}, #{position,jdbcType=VARCHAR}, 
      #{phone,jdbcType=VARCHAR}, #{licenseImg,jdbcType=VARCHAR}, #{shopImg,jdbcType=VARCHAR}, 
      #{unlockStateOne,jdbcType=VARCHAR}, #{unlockStateTwo,jdbcType=VARCHAR}, #{promoteNum,jdbcType=INTEGER}, 
      #{oneselfPerformance,jdbcType=DECIMAL}, #{promotePerformance,jdbcType=DECIMAL}, 
      #{scanCodePerformance,jdbcType=DECIMAL}, #{unlockTokenNum,jdbcType=DECIMAL}, #{state,jdbcType=VARCHAR}, 
      #{createTime,jdbcType=VARCHAR}, #{updateTime,jdbcType=VARCHAR}, #{cityId,jdbcType=VARCHAR}, 
      #{longitude,jdbcType=VARCHAR}, #{latitude,jdbcType=VARCHAR}, #{storeType,jdbcType=VARCHAR}, 
      #{storeName,jdbcType=VARCHAR}, #{percentage,jdbcType=INTEGER}, #{detailPosition,jdbcType=VARCHAR}, 
      #{storeId,jdbcType=INTEGER})
  </insert>
  <insert id="insertSelective" parameterType="com.zng.model.TCommunityshop">
    insert into t_communityshop
    <trim prefix="(" suffix=")" suffixOverrides=",">
      <if test="id != null">
        id,
      </if>
      <if test="loginId != null">
        login_id,
      </if>
      <if test="startTime != null">
        start_time,
      </if>
      <if test="endTime != null">
        end_time,
      </if>
      <if test="price != null">
        price,
      </if>
      <if test="tokenNum != null">
        token_num,
      </if>
      <if test="parentLoginId != null">
        parent_login_id,
      </if>
      <if test="isUploadMessage != null">
        is_upload_message,
      </if>
      <if test="position != null">
        position,
      </if>
      <if test="phone != null">
        phone,
      </if>
      <if test="licenseImg != null">
        license_img,
      </if>
      <if test="shopImg != null">
        shop_img,
      </if>
      <if test="unlockStateOne != null">
        unlock_state_one,
      </if>
      <if test="unlockStateTwo != null">
        unlock_state_two,
      </if>
      <if test="promoteNum != null">
        promote_num,
      </if>
      <if test="oneselfPerformance != null">
        oneself_performance,
      </if>
      <if test="promotePerformance != null">
        promote_performance,
      </if>
      <if test="scanCodePerformance != null">
        scan_code_performance,
      </if>
      <if test="unlockTokenNum != null">
        unlock_token_num,
      </if>
      <if test="state != null">
        state,
      </if>
      <if test="createTime != null">
        create_time,
      </if>
      <if test="updateTime != null">
        update_time,
      </if>
      <if test="cityId != null">
        city_id,
      </if>
      <if test="longitude != null">
        longitude,
      </if>
      <if test="latitude != null">
        latitude,
      </if>
      <if test="storeType != null">
        store_type,
      </if>
      <if test="storeName != null">
        store_name,
      </if>
      <if test="percentage != null">
        percentage,
      </if>
      <if test="detailPosition != null">
        detail_position,
      </if>
      <if test="storeId != null">
        store_id,
      </if>
    </trim>
    <trim prefix="values (" suffix=")" suffixOverrides=",">
      <if test="id != null">
        #{id,jdbcType=VARCHAR},
      </if>
      <if test="loginId != null">
        #{loginId,jdbcType=VARCHAR},
      </if>
      <if test="startTime != null">
        #{startTime,jdbcType=VARCHAR},
      </if>
      <if test="endTime != null">
        #{endTime,jdbcType=VARCHAR},
      </if>
      <if test="price != null">
        #{price,jdbcType=DECIMAL},
      </if>
      <if test="tokenNum != null">
        #{tokenNum,jdbcType=DECIMAL},
      </if>
      <if test="parentLoginId != null">
        #{parentLoginId,jdbcType=VARCHAR},
      </if>
      <if test="isUploadMessage != null">
        #{isUploadMessage,jdbcType=VARCHAR},
      </if>
      <if test="position != null">
        #{position,jdbcType=VARCHAR},
      </if>
      <if test="phone != null">
        #{phone,jdbcType=VARCHAR},
      </if>
      <if test="licenseImg != null">
        #{licenseImg,jdbcType=VARCHAR},
      </if>
      <if test="shopImg != null">
        #{shopImg,jdbcType=VARCHAR},
      </if>
      <if test="unlockStateOne != null">
        #{unlockStateOne,jdbcType=VARCHAR},
      </if>
      <if test="unlockStateTwo != null">
        #{unlockStateTwo,jdbcType=VARCHAR},
      </if>
      <if test="promoteNum != null">
        #{promoteNum,jdbcType=INTEGER},
      </if>
      <if test="oneselfPerformance != null">
        #{oneselfPerformance,jdbcType=DECIMAL},
      </if>
      <if test="promotePerformance != null">
        #{promotePerformance,jdbcType=DECIMAL},
      </if>
      <if test="scanCodePerformance != null">
        #{scanCodePerformance,jdbcType=DECIMAL},
      </if>
      <if test="unlockTokenNum != null">
        #{unlockTokenNum,jdbcType=DECIMAL},
      </if>
      <if test="state != null">
        #{state,jdbcType=VARCHAR},
      </if>
      <if test="createTime != null">
        #{createTime,jdbcType=VARCHAR},
      </if>
      <if test="updateTime != null">
        #{updateTime,jdbcType=VARCHAR},
      </if>
      <if test="cityId != null">
        #{cityId,jdbcType=VARCHAR},
      </if>
      <if test="longitude != null">
        #{longitude,jdbcType=VARCHAR},
      </if>
      <if test="latitude != null">
        #{latitude,jdbcType=VARCHAR},
      </if>
      <if test="storeType != null">
        #{storeType,jdbcType=VARCHAR},
      </if>
      <if test="storeName != null">
        #{storeName,jdbcType=VARCHAR},
      </if>
      <if test="percentage != null">
        #{percentage,jdbcType=INTEGER},
      </if>
      <if test="detailPosition != null">
        #{detailPosition,jdbcType=VARCHAR},
      </if>
      <if test="storeId != null">
        #{storeId,jdbcType=INTEGER},
      </if>
    </trim>
  </insert>
  <update id="updateByPrimaryKeySelective" parameterType="com.zng.model.TCommunityshop">
    update t_communityshop
    <set>
      <if test="loginId != null">
        login_id = #{loginId,jdbcType=VARCHAR},
      </if>
      <if test="startTime != null">
        start_time = #{startTime,jdbcType=VARCHAR},
      </if>
      <if test="endTime != null">
        end_time = #{endTime,jdbcType=VARCHAR},
      </if>
      <if test="price != null">
        price = #{price,jdbcType=DECIMAL},
      </if>
      <if test="tokenNum != null">
        token_num = #{tokenNum,jdbcType=DECIMAL},
      </if>
      <if test="parentLoginId != null">
        parent_login_id = #{parentLoginId,jdbcType=VARCHAR},
      </if>
      <if test="isUploadMessage != null">
        is_upload_message = #{isUploadMessage,jdbcType=VARCHAR},
      </if>
      <if test="position != null">
        position = #{position,jdbcType=VARCHAR},
      </if>
      <if test="phone != null">
        phone = #{phone,jdbcType=VARCHAR},
      </if>
      <if test="licenseImg != null">
        license_img = #{licenseImg,jdbcType=VARCHAR},
      </if>
      <if test="shopImg != null">
        shop_img = #{shopImg,jdbcType=VARCHAR},
      </if>
      <if test="unlockStateOne != null">
        unlock_state_one = #{unlockStateOne,jdbcType=VARCHAR},
      </if>
      <if test="unlockStateTwo != null">
        unlock_state_two = #{unlockStateTwo,jdbcType=VARCHAR},
      </if>
      <if test="promoteNum != null">
        promote_num = #{promoteNum,jdbcType=INTEGER},
      </if>
      <if test="oneselfPerformance != null">
        oneself_performance = #{oneselfPerformance,jdbcType=DECIMAL},
      </if>
      <if test="promotePerformance != null">
        promote_performance = #{promotePerformance,jdbcType=DECIMAL},
      </if>
      <if test="scanCodePerformance != null">
        scan_code_performance = #{scanCodePerformance,jdbcType=DECIMAL},
      </if>
      <if test="unlockTokenNum != null">
        unlock_token_num = #{unlockTokenNum,jdbcType=DECIMAL},
      </if>
      <if test="state != null">
        state = #{state,jdbcType=VARCHAR},
      </if>
      <if test="createTime != null">
        create_time = #{createTime,jdbcType=VARCHAR},
      </if>
      <if test="updateTime != null">
        update_time = #{updateTime,jdbcType=VARCHAR},
      </if>
      <if test="cityId != null">
        city_id = #{cityId,jdbcType=VARCHAR},
      </if>
      <if test="longitude != null">
        longitude = #{longitude,jdbcType=VARCHAR},
      </if>
      <if test="latitude != null">
        latitude = #{latitude,jdbcType=VARCHAR},
      </if>
      <if test="storeType != null">
        store_type = #{storeType,jdbcType=VARCHAR},
      </if>
      <if test="storeName != null">
        store_name = #{storeName,jdbcType=VARCHAR},
      </if>
      <if test="percentage != null">
        percentage = #{percentage,jdbcType=INTEGER},
      </if>
      <if test="detailPosition != null">
        detail_position = #{detailPosition,jdbcType=VARCHAR},
      </if>
      <if test="storeId != null">
        store_id = #{storeId,jdbcType=INTEGER},
      </if>
    </set>
    where id = #{id,jdbcType=VARCHAR}
  </update>
  <update id="updateByPrimaryKey" parameterType="com.zng.model.TCommunityshop">
    update t_communityshop
    set login_id = #{loginId,jdbcType=VARCHAR},
      start_time = #{startTime,jdbcType=VARCHAR},
      end_time = #{endTime,jdbcType=VARCHAR},
      price = #{price,jdbcType=DECIMAL},
      token_num = #{tokenNum,jdbcType=DECIMAL},
      parent_login_id = #{parentLoginId,jdbcType=VARCHAR},
      is_upload_message = #{isUploadMessage,jdbcType=VARCHAR},
      position = #{position,jdbcType=VARCHAR},
      phone = #{phone,jdbcType=VARCHAR},
      license_img = #{licenseImg,jdbcType=VARCHAR},
      shop_img = #{shopImg,jdbcType=VARCHAR},
      unlock_state_one = #{unlockStateOne,jdbcType=VARCHAR},
      unlock_state_two = #{unlockStateTwo,jdbcType=VARCHAR},
      promote_num = #{promoteNum,jdbcType=INTEGER},
      oneself_performance = #{oneselfPerformance,jdbcType=DECIMAL},
      promote_performance = #{promotePerformance,jdbcType=DECIMAL},
      scan_code_performance = #{scanCodePerformance,jdbcType=DECIMAL},
      unlock_token_num = #{unlockTokenNum,jdbcType=DECIMAL},
      state = #{state,jdbcType=VARCHAR},
      create_time = #{createTime,jdbcType=VARCHAR},
      update_time = #{updateTime,jdbcType=VARCHAR},
      city_id = #{cityId,jdbcType=VARCHAR},
      longitude = #{longitude,jdbcType=VARCHAR},
      latitude = #{latitude,jdbcType=VARCHAR},
      store_type = #{storeType,jdbcType=VARCHAR},
      store_name = #{storeName,jdbcType=VARCHAR},
      percentage = #{percentage,jdbcType=INTEGER},
      detail_position = #{detailPosition,jdbcType=VARCHAR},
      store_id = #{storeId,jdbcType=INTEGER}
    where id = #{id,jdbcType=VARCHAR}
  </update>
</mapper>