<?xml version="1.0" encoding="UTF-8"?>
<!DOCTYPE mapper PUBLIC "-//mybatis.org//DTD Mapper 3.0//EN" "http://mybatis.org/dtd/mybatis-3-mapper.dtd">
<mapper namespace="com.zng.mapper.TCommunityshopactivityMapper">
  <resultMap id="BaseResultMap" type="com.zng.model.TCommunityshopactivity">
    <id column="id" jdbcType="VARCHAR" property="id" />
    <result column="login_id" jdbcType="VARCHAR" property="loginId" />
    <result column="start_time" jdbcType="VARCHAR" property="startTime" />
    <result column="end_time" jdbcType="VARCHAR" property="endTime" />
    <result column="price" jdbcType="DECIMAL" property="price" />
    <result column="token_num" jdbcType="DECIMAL" property="tokenNum" />
    <result column="parent_login_id" jdbcType="VARCHAR" property="parentLoginId" />
    <result column="position" jdbcType="VARCHAR" property="position" />
    <result column="phone" jdbcType="VARCHAR" property="phone" />
    <result column="shop_img" jdbcType="VARCHAR" property="shopImg" />
    <result column="state" jdbcType="VARCHAR" property="state" />
    <result column="create_time" jdbcType="VARCHAR" property="createTime" />
    <result column="update_time" jdbcType="VARCHAR" property="updateTime" />
    <result column="city_id" jdbcType="VARCHAR" property="cityId" />
    <result column="store_type" jdbcType="VARCHAR" property="storeType" />
    <result column="store_name" jdbcType="VARCHAR" property="storeName" />
    <result column="detail_position" jdbcType="VARCHAR" property="detailPosition" />
    <result column="store_id" jdbcType="INTEGER" property="storeId" />
    <result column="name" jdbcType="VARCHAR" property="name" />
  </resultMap>
  <sql id="Base_Column_List">
    id, login_id, start_time, end_time, price, token_num, parent_login_id, position, 
    phone, shop_img, state, create_time, update_time, city_id, store_type, store_name, 
    detail_position, store_id, name
  </sql>
  <select id="selectByPrimaryKey" parameterType="java.lang.String" resultMap="BaseResultMap">
    select 
    <include refid="Base_Column_List" />
    from t_communityshopactivity
    where id = #{id,jdbcType=VARCHAR}
  </select>
  <delete id="deleteByPrimaryKey" parameterType="java.lang.String">
    delete from t_communityshopactivity
    where id = #{id,jdbcType=VARCHAR}
  </delete>
  <insert id="insert" parameterType="com.zng.model.TCommunityshopactivity">
    insert into t_communityshopactivity (id, login_id, start_time, 
      end_time, price, token_num, 
      parent_login_id, position, phone, 
      shop_img, state, create_time, 
      update_time, city_id, store_type, 
      store_name, detail_position, store_id, 
      name)
    values (#{id,jdbcType=VARCHAR}, #{loginId,jdbcType=VARCHAR}, #{startTime,jdbcType=VARCHAR}, 
      #{endTime,jdbcType=VARCHAR}, #{price,jdbcType=DECIMAL}, #{tokenNum,jdbcType=DECIMAL}, 
      #{parentLoginId,jdbcType=VARCHAR}, #{position,jdbcType=VARCHAR}, #{phone,jdbcType=VARCHAR}, 
      #{shopImg,jdbcType=VARCHAR}, #{state,jdbcType=VARCHAR}, #{createTime,jdbcType=VARCHAR}, 
      #{updateTime,jdbcType=VARCHAR}, #{cityId,jdbcType=VARCHAR}, #{storeType,jdbcType=VARCHAR}, 
      #{storeName,jdbcType=VARCHAR}, #{detailPosition,jdbcType=VARCHAR}, #{storeId,jdbcType=INTEGER}, 
      #{name,jdbcType=VARCHAR})
  </insert>
  <insert id="insertSelective" parameterType="com.zng.model.TCommunityshopactivity">
    insert into t_communityshopactivity
    <trim prefix="(" suffix=")" suffixOverrides=",">
      <if test="id != null">
        id,
      </if>
      <if test="loginId != null">
        login_id,
      </if>
      <if test="startTime != null">
        start_time,
      </if>
      <if test="endTime != null">
        end_time,
      </if>
      <if test="price != null">
        price,
      </if>
      <if test="tokenNum != null">
        token_num,
      </if>
      <if test="parentLoginId != null">
        parent_login_id,
      </if>
      <if test="position != null">
        position,
      </if>
      <if test="phone != null">
        phone,
      </if>
      <if test="shopImg != null">
        shop_img,
      </if>
      <if test="state != null">
        state,
      </if>
      <if test="createTime != null">
        create_time,
      </if>
      <if test="updateTime != null">
        update_time,
      </if>
      <if test="cityId != null">
        city_id,
      </if>
      <if test="storeType != null">
        store_type,
      </if>
      <if test="storeName != null">
        store_name,
      </if>
      <if test="detailPosition != null">
        detail_position,
      </if>
      <if test="storeId != null">
        store_id,
      </if>
      <if test="name != null">
        name,
      </if>
    </trim>
    <trim prefix="values (" suffix=")" suffixOverrides=",">
      <if test="id != null">
        #{id,jdbcType=VARCHAR},
      </if>
      <if test="loginId != null">
        #{loginId,jdbcType=VARCHAR},
      </if>
      <if test="startTime != null">
        #{startTime,jdbcType=VARCHAR},
      </if>
      <if test="endTime != null">
        #{endTime,jdbcType=VARCHAR},
      </if>
      <if test="price != null">
        #{price,jdbcType=DECIMAL},
      </if>
      <if test="tokenNum != null">
        #{tokenNum,jdbcType=DECIMAL},
      </if>
      <if test="parentLoginId != null">
        #{parentLoginId,jdbcType=VARCHAR},
      </if>
      <if test="position != null">
        #{position,jdbcType=VARCHAR},
      </if>
      <if test="phone != null">
        #{phone,jdbcType=VARCHAR},
      </if>
      <if test="shopImg != null">
        #{shopImg,jdbcType=VARCHAR},
      </if>
      <if test="state != null">
        #{state,jdbcType=VARCHAR},
      </if>
      <if test="createTime != null">
        #{createTime,jdbcType=VARCHAR},
      </if>
      <if test="updateTime != null">
        #{updateTime,jdbcType=VARCHAR},
      </if>
      <if test="cityId != null">
        #{cityId,jdbcType=VARCHAR},
      </if>
      <if test="storeType != null">
        #{storeType,jdbcType=VARCHAR},
      </if>
      <if test="storeName != null">
        #{storeName,jdbcType=VARCHAR},
      </if>
      <if test="detailPosition != null">
        #{detailPosition,jdbcType=VARCHAR},
      </if>
      <if test="storeId != null">
        #{storeId,jdbcType=INTEGER},
      </if>
      <if test="name != null">
        #{name,jdbcType=VARCHAR},
      </if>
    </trim>
  </insert>
  <update id="updateByPrimaryKeySelective" parameterType="com.zng.model.TCommunityshopactivity">
    update t_communityshopactivity
    <set>
      <if test="loginId != null">
        login_id = #{loginId,jdbcType=VARCHAR},
      </if>
      <if test="startTime != null">
        start_time = #{startTime,jdbcType=VARCHAR},
      </if>
      <if test="endTime != null">
        end_time = #{endTime,jdbcType=VARCHAR},
      </if>
      <if test="price != null">
        price = #{price,jdbcType=DECIMAL},
      </if>
      <if test="tokenNum != null">
        token_num = #{tokenNum,jdbcType=DECIMAL},
      </if>
      <if test="parentLoginId != null">
        parent_login_id = #{parentLoginId,jdbcType=VARCHAR},
      </if>
      <if test="position != null">
        position = #{position,jdbcType=VARCHAR},
      </if>
      <if test="phone != null">
        phone = #{phone,jdbcType=VARCHAR},
      </if>
      <if test="shopImg != null">
        shop_img = #{shopImg,jdbcType=VARCHAR},
      </if>
      <if test="state != null">
        state = #{state,jdbcType=VARCHAR},
      </if>
      <if test="createTime != null">
        create_time = #{createTime,jdbcType=VARCHAR},
      </if>
      <if test="updateTime != null">
        update_time = #{updateTime,jdbcType=VARCHAR},
      </if>
      <if test="cityId != null">
        city_id = #{cityId,jdbcType=VARCHAR},
      </if>
      <if test="storeType != null">
        store_type = #{storeType,jdbcType=VARCHAR},
      </if>
      <if test="storeName != null">
        store_name = #{storeName,jdbcType=VARCHAR},
      </if>
      <if test="detailPosition != null">
        detail_position = #{detailPosition,jdbcType=VARCHAR},
      </if>
      <if test="storeId != null">
        store_id = #{storeId,jdbcType=INTEGER},
      </if>
      <if test="name != null">
        name = #{name,jdbcType=VARCHAR},
      </if>
    </set>
    where id = #{id,jdbcType=VARCHAR}
  </update>
  <update id="updateByPrimaryKey" parameterType="com.zng.model.TCommunityshopactivity">
    update t_communityshopactivity
    set login_id = #{loginId,jdbcType=VARCHAR},
      start_time = #{startTime,jdbcType=VARCHAR},
      end_time = #{endTime,jdbcType=VARCHAR},
      price = #{price,jdbcType=DECIMAL},
      token_num = #{tokenNum,jdbcType=DECIMAL},
      parent_login_id = #{parentLoginId,jdbcType=VARCHAR},
      position = #{position,jdbcType=VARCHAR},
      phone = #{phone,jdbcType=VARCHAR},
      shop_img = #{shopImg,jdbcType=VARCHAR},
      state = #{state,jdbcType=VARCHAR},
      create_time = #{createTime,jdbcType=VARCHAR},
      update_time = #{updateTime,jdbcType=VARCHAR},
      city_id = #{cityId,jdbcType=VARCHAR},
      store_type = #{storeType,jdbcType=VARCHAR},
      store_name = #{storeName,jdbcType=VARCHAR},
      detail_position = #{detailPosition,jdbcType=VARCHAR},
      store_id = #{storeId,jdbcType=INTEGER},
      name = #{name,jdbcType=VARCHAR}
    where id = #{id,jdbcType=VARCHAR}
  </update>
</mapper>