<?xml version="1.0" encoding="UTF-8"?>
<!DOCTYPE mapper PUBLIC "-//mybatis.org//DTD Mapper 3.0//EN" "http://mybatis.org/dtd/mybatis-3-mapper.dtd">
<mapper namespace="com.zng.mapper.TCompanyinfoMapper">
  <resultMap id="BaseResultMap" type="com.zng.model.TCompanyinfo">
    <id column="id" jdbcType="VARCHAR" property="id" />
    <result column="login_id" jdbcType="VARCHAR" property="loginId" />
    <result column="company_name" jdbcType="VARCHAR" property="companyName" />
    <result column="behalf" jdbcType="VARCHAR" property="behalf" />
    <result column="phone" jdbcType="VARCHAR" property="phone" />
    <result column="id_card" jdbcType="VARCHAR" property="idCard" />
    <result column="business_license_url" jdbcType="VARCHAR" property="businessLicenseUrl" />
    <result column="bank" jdbcType="VARCHAR" property="bank" />
    <result column="account_name" jdbcType="VARCHAR" property="accountName" />
    <result column="account_number" jdbcType="VARCHAR" property="accountNumber" />
    <result column="area_state" jdbcType="VARCHAR" property="areaState" />
    <result column="registered_state" jdbcType="VARCHAR" property="registeredState" />
    <result column="create_time" jdbcType="VARCHAR" property="createTime" />
    <result column="social_code" jdbcType="VARCHAR" property="socialCode" />
    <result column="contract_state" jdbcType="VARCHAR" property="contractState" />
    <result column="cost" jdbcType="VARCHAR" property="cost" />
    <result column="place" jdbcType="VARCHAR" property="place" />
    <result column="state" jdbcType="VARCHAR" property="state" />
  </resultMap>
  <sql id="Base_Column_List">
    id, login_id, company_name, behalf, phone, id_card, business_license_url, bank, account_name, 
    account_number, area_state, registered_state, create_time, social_code, contract_state, 
    cost, place, state
  </sql>
  <select id="selectByPrimaryKey" parameterType="java.lang.String" resultMap="BaseResultMap">
    select 
    <include refid="Base_Column_List" />
    from t_companyinfo
    where id = #{id,jdbcType=VARCHAR}
  </select>
  <delete id="deleteByPrimaryKey" parameterType="java.lang.String">
    delete from t_companyinfo
    where id = #{id,jdbcType=VARCHAR}
  </delete>
  <insert id="insert" parameterType="com.zng.model.TCompanyinfo">
    insert into t_companyinfo (id, login_id, company_name, 
      behalf, phone, id_card, 
      business_license_url, bank, account_name, 
      account_number, area_state, registered_state, 
      create_time, social_code, contract_state, 
      cost, place, state)
    values (#{id,jdbcType=VARCHAR}, #{loginId,jdbcType=VARCHAR}, #{companyName,jdbcType=VARCHAR}, 
      #{behalf,jdbcType=VARCHAR}, #{phone,jdbcType=VARCHAR}, #{idCard,jdbcType=VARCHAR}, 
      #{businessLicenseUrl,jdbcType=VARCHAR}, #{bank,jdbcType=VARCHAR}, #{accountName,jdbcType=VARCHAR}, 
      #{accountNumber,jdbcType=VARCHAR}, #{areaState,jdbcType=VARCHAR}, #{registeredState,jdbcType=VARCHAR}, 
      #{createTime,jdbcType=VARCHAR}, #{socialCode,jdbcType=VARCHAR}, #{contractState,jdbcType=VARCHAR}, 
      #{cost,jdbcType=VARCHAR}, #{place,jdbcType=VARCHAR}, #{state,jdbcType=VARCHAR})
  </insert>
  <insert id="insertSelective" parameterType="com.zng.model.TCompanyinfo">
    insert into t_companyinfo
    <trim prefix="(" suffix=")" suffixOverrides=",">
      <if test="id != null">
        id,
      </if>
      <if test="loginId != null">
        login_id,
      </if>
      <if test="companyName != null">
        company_name,
      </if>
      <if test="behalf != null">
        behalf,
      </if>
      <if test="phone != null">
        phone,
      </if>
      <if test="idCard != null">
        id_card,
      </if>
      <if test="businessLicenseUrl != null">
        business_license_url,
      </if>
      <if test="bank != null">
        bank,
      </if>
      <if test="accountName != null">
        account_name,
      </if>
      <if test="accountNumber != null">
        account_number,
      </if>
      <if test="areaState != null">
        area_state,
      </if>
      <if test="registeredState != null">
        registered_state,
      </if>
      <if test="createTime != null">
        create_time,
      </if>
      <if test="socialCode != null">
        social_code,
      </if>
      <if test="contractState != null">
        contract_state,
      </if>
      <if test="cost != null">
        cost,
      </if>
      <if test="place != null">
        place,
      </if>
      <if test="state != null">
        state,
      </if>
    </trim>
    <trim prefix="values (" suffix=")" suffixOverrides=",">
      <if test="id != null">
        #{id,jdbcType=VARCHAR},
      </if>
      <if test="loginId != null">
        #{loginId,jdbcType=VARCHAR},
      </if>
      <if test="companyName != null">
        #{companyName,jdbcType=VARCHAR},
      </if>
      <if test="behalf != null">
        #{behalf,jdbcType=VARCHAR},
      </if>
      <if test="phone != null">
        #{phone,jdbcType=VARCHAR},
      </if>
      <if test="idCard != null">
        #{idCard,jdbcType=VARCHAR},
      </if>
      <if test="businessLicenseUrl != null">
        #{businessLicenseUrl,jdbcType=VARCHAR},
      </if>
      <if test="bank != null">
        #{bank,jdbcType=VARCHAR},
      </if>
      <if test="accountName != null">
        #{accountName,jdbcType=VARCHAR},
      </if>
      <if test="accountNumber != null">
        #{accountNumber,jdbcType=VARCHAR},
      </if>
      <if test="areaState != null">
        #{areaState,jdbcType=VARCHAR},
      </if>
      <if test="registeredState != null">
        #{registeredState,jdbcType=VARCHAR},
      </if>
      <if test="createTime != null">
        #{createTime,jdbcType=VARCHAR},
      </if>
      <if test="socialCode != null">
        #{socialCode,jdbcType=VARCHAR},
      </if>
      <if test="contractState != null">
        #{contractState,jdbcType=VARCHAR},
      </if>
      <if test="cost != null">
        #{cost,jdbcType=VARCHAR},
      </if>
      <if test="place != null">
        #{place,jdbcType=VARCHAR},
      </if>
      <if test="state != null">
        #{state,jdbcType=VARCHAR},
      </if>
    </trim>
  </insert>
  <update id="updateByPrimaryKeySelective" parameterType="com.zng.model.TCompanyinfo">
    update t_companyinfo
    <set>
      <if test="loginId != null">
        login_id = #{loginId,jdbcType=VARCHAR},
      </if>
      <if test="companyName != null">
        company_name = #{companyName,jdbcType=VARCHAR},
      </if>
      <if test="behalf != null">
        behalf = #{behalf,jdbcType=VARCHAR},
      </if>
      <if test="phone != null">
        phone = #{phone,jdbcType=VARCHAR},
      </if>
      <if test="idCard != null">
        id_card = #{idCard,jdbcType=VARCHAR},
      </if>
      <if test="businessLicenseUrl != null">
        business_license_url = #{businessLicenseUrl,jdbcType=VARCHAR},
      </if>
      <if test="bank != null">
        bank = #{bank,jdbcType=VARCHAR},
      </if>
      <if test="accountName != null">
        account_name = #{accountName,jdbcType=VARCHAR},
      </if>
      <if test="accountNumber != null">
        account_number = #{accountNumber,jdbcType=VARCHAR},
      </if>
      <if test="areaState != null">
        area_state = #{areaState,jdbcType=VARCHAR},
      </if>
      <if test="registeredState != null">
        registered_state = #{registeredState,jdbcType=VARCHAR},
      </if>
      <if test="createTime != null">
        create_time = #{createTime,jdbcType=VARCHAR},
      </if>
      <if test="socialCode != null">
        social_code = #{socialCode,jdbcType=VARCHAR},
      </if>
      <if test="contractState != null">
        contract_state = #{contractState,jdbcType=VARCHAR},
      </if>
      <if test="cost != null">
        cost = #{cost,jdbcType=VARCHAR},
      </if>
      <if test="place != null">
        place = #{place,jdbcType=VARCHAR},
      </if>
      <if test="state != null">
        state = #{state,jdbcType=VARCHAR},
      </if>
    </set>
    where id = #{id,jdbcType=VARCHAR}
  </update>
  <update id="updateByPrimaryKey" parameterType="com.zng.model.TCompanyinfo">
    update t_companyinfo
    set login_id = #{loginId,jdbcType=VARCHAR},
      company_name = #{companyName,jdbcType=VARCHAR},
      behalf = #{behalf,jdbcType=VARCHAR},
      phone = #{phone,jdbcType=VARCHAR},
      id_card = #{idCard,jdbcType=VARCHAR},
      business_license_url = #{businessLicenseUrl,jdbcType=VARCHAR},
      bank = #{bank,jdbcType=VARCHAR},
      account_name = #{accountName,jdbcType=VARCHAR},
      account_number = #{accountNumber,jdbcType=VARCHAR},
      area_state = #{areaState,jdbcType=VARCHAR},
      registered_state = #{registeredState,jdbcType=VARCHAR},
      create_time = #{createTime,jdbcType=VARCHAR},
      social_code = #{socialCode,jdbcType=VARCHAR},
      contract_state = #{contractState,jdbcType=VARCHAR},
      cost = #{cost,jdbcType=VARCHAR},
      place = #{place,jdbcType=VARCHAR},
      state = #{state,jdbcType=VARCHAR}
    where id = #{id,jdbcType=VARCHAR}
  </update>
</mapper>