<?xml version="1.0" encoding="UTF-8"?>
<!DOCTYPE mapper PUBLIC "-//mybatis.org//DTD Mapper 3.0//EN" "http://mybatis.org/dtd/mybatis-3-mapper.dtd">
<mapper namespace="com.zng.mapper.TCourseinformationMapper">
  <resultMap id="BaseResultMap" type="com.zng.model.TCourseinformation">
    <id column="id" jdbcType="VARCHAR" property="id" />
    <result column="login_id" jdbcType="VARCHAR" property="loginId" />
    <result column="state" jdbcType="VARCHAR" property="state" />
    <result column="create_time" jdbcType="VARCHAR" property="createTime" />
    <result column="update_time" jdbcType="VARCHAR" property="updateTime" />
    <result column="type" jdbcType="VARCHAR" property="type" />
    <result column="title" jdbcType="VARCHAR" property="title" />
    <result column="detail" jdbcType="VARCHAR" property="detail" />
    <result column="area" jdbcType="VARCHAR" property="area" />
    <result column="area_id" jdbcType="VARCHAR" property="areaId" />
    <result column="begin_time" jdbcType="VARCHAR" property="beginTime" />
    <result column="end_time" jdbcType="VARCHAR" property="endTime" />
    <result column="area_details" jdbcType="VARCHAR" property="areaDetails" />
    <result column="class_imgurl" jdbcType="VARCHAR" property="classImgurl" />
    <result column="province_id" jdbcType="VARCHAR" property="provinceId" />
    <result column="theme" jdbcType="VARCHAR" property="theme" />
    <result column="theme_imgurl" jdbcType="VARCHAR" property="themeImgurl" />
    <result column="committee_phone" jdbcType="VARCHAR" property="committeePhone" />
    <result column="preside_phone" jdbcType="VARCHAR" property="presidePhone" />
    <result column="catering_phone" jdbcType="VARCHAR" property="cateringPhone" />
    <result column="profit_state" jdbcType="VARCHAR" property="profitState" />
    <result column="theme_id" jdbcType="VARCHAR" property="themeId" />
  </resultMap>
  <sql id="Base_Column_List">
    id, login_id, state, create_time, update_time, type, title, detail, area, area_id, 
    begin_time, end_time, area_details, class_imgurl, province_id, theme, theme_imgurl, 
    committee_phone, preside_phone, catering_phone, profit_state, theme_id
  </sql>
  <select id="selectByPrimaryKey" parameterType="java.lang.String" resultMap="BaseResultMap">
    select 
    <include refid="Base_Column_List" />
    from t_courseinformation
    where id = #{id,jdbcType=VARCHAR}
  </select>
  <delete id="deleteByPrimaryKey" parameterType="java.lang.String">
    delete from t_courseinformation
    where id = #{id,jdbcType=VARCHAR}
  </delete>
  <insert id="insert" parameterType="com.zng.model.TCourseinformation">
    insert into t_courseinformation (id, login_id, state, 
      create_time, update_time, type, 
      title, detail, area, 
      area_id, begin_time, end_time, 
      area_details, class_imgurl, province_id, 
      theme, theme_imgurl, committee_phone, 
      preside_phone, catering_phone, profit_state, 
      theme_id)
    values (#{id,jdbcType=VARCHAR}, #{loginId,jdbcType=VARCHAR}, #{state,jdbcType=VARCHAR}, 
      #{createTime,jdbcType=VARCHAR}, #{updateTime,jdbcType=VARCHAR}, #{type,jdbcType=VARCHAR}, 
      #{title,jdbcType=VARCHAR}, #{detail,jdbcType=VARCHAR}, #{area,jdbcType=VARCHAR}, 
      #{areaId,jdbcType=VARCHAR}, #{beginTime,jdbcType=VARCHAR}, #{endTime,jdbcType=VARCHAR}, 
      #{areaDetails,jdbcType=VARCHAR}, #{classImgurl,jdbcType=VARCHAR}, #{provinceId,jdbcType=VARCHAR}, 
      #{theme,jdbcType=VARCHAR}, #{themeImgurl,jdbcType=VARCHAR}, #{committeePhone,jdbcType=VARCHAR}, 
      #{presidePhone,jdbcType=VARCHAR}, #{cateringPhone,jdbcType=VARCHAR}, #{profitState,jdbcType=VARCHAR}, 
      #{themeId,jdbcType=VARCHAR})
  </insert>
  <insert id="insertSelective" parameterType="com.zng.model.TCourseinformation">
    insert into t_courseinformation
    <trim prefix="(" suffix=")" suffixOverrides=",">
      <if test="id != null">
        id,
      </if>
      <if test="loginId != null">
        login_id,
      </if>
      <if test="state != null">
        state,
      </if>
      <if test="createTime != null">
        create_time,
      </if>
      <if test="updateTime != null">
        update_time,
      </if>
      <if test="type != null">
        type,
      </if>
      <if test="title != null">
        title,
      </if>
      <if test="detail != null">
        detail,
      </if>
      <if test="area != null">
        area,
      </if>
      <if test="areaId != null">
        area_id,
      </if>
      <if test="beginTime != null">
        begin_time,
      </if>
      <if test="endTime != null">
        end_time,
      </if>
      <if test="areaDetails != null">
        area_details,
      </if>
      <if test="classImgurl != null">
        class_imgurl,
      </if>
      <if test="provinceId != null">
        province_id,
      </if>
      <if test="theme != null">
        theme,
      </if>
      <if test="themeImgurl != null">
        theme_imgurl,
      </if>
      <if test="committeePhone != null">
        committee_phone,
      </if>
      <if test="presidePhone != null">
        preside_phone,
      </if>
      <if test="cateringPhone != null">
        catering_phone,
      </if>
      <if test="profitState != null">
        profit_state,
      </if>
      <if test="themeId != null">
        theme_id,
      </if>
    </trim>
    <trim prefix="values (" suffix=")" suffixOverrides=",">
      <if test="id != null">
        #{id,jdbcType=VARCHAR},
      </if>
      <if test="loginId != null">
        #{loginId,jdbcType=VARCHAR},
      </if>
      <if test="state != null">
        #{state,jdbcType=VARCHAR},
      </if>
      <if test="createTime != null">
        #{createTime,jdbcType=VARCHAR},
      </if>
      <if test="updateTime != null">
        #{updateTime,jdbcType=VARCHAR},
      </if>
      <if test="type != null">
        #{type,jdbcType=VARCHAR},
      </if>
      <if test="title != null">
        #{title,jdbcType=VARCHAR},
      </if>
      <if test="detail != null">
        #{detail,jdbcType=VARCHAR},
      </if>
      <if test="area != null">
        #{area,jdbcType=VARCHAR},
      </if>
      <if test="areaId != null">
        #{areaId,jdbcType=VARCHAR},
      </if>
      <if test="beginTime != null">
        #{beginTime,jdbcType=VARCHAR},
      </if>
      <if test="endTime != null">
        #{endTime,jdbcType=VARCHAR},
      </if>
      <if test="areaDetails != null">
        #{areaDetails,jdbcType=VARCHAR},
      </if>
      <if test="classImgurl != null">
        #{classImgurl,jdbcType=VARCHAR},
      </if>
      <if test="provinceId != null">
        #{provinceId,jdbcType=VARCHAR},
      </if>
      <if test="theme != null">
        #{theme,jdbcType=VARCHAR},
      </if>
      <if test="themeImgurl != null">
        #{themeImgurl,jdbcType=VARCHAR},
      </if>
      <if test="committeePhone != null">
        #{committeePhone,jdbcType=VARCHAR},
      </if>
      <if test="presidePhone != null">
        #{presidePhone,jdbcType=VARCHAR},
      </if>
      <if test="cateringPhone != null">
        #{cateringPhone,jdbcType=VARCHAR},
      </if>
      <if test="profitState != null">
        #{profitState,jdbcType=VARCHAR},
      </if>
      <if test="themeId != null">
        #{themeId,jdbcType=VARCHAR},
      </if>
    </trim>
  </insert>
  <update id="updateByPrimaryKeySelective" parameterType="com.zng.model.TCourseinformation">
    update t_courseinformation
    <set>
      <if test="loginId != null">
        login_id = #{loginId,jdbcType=VARCHAR},
      </if>
      <if test="state != null">
        state = #{state,jdbcType=VARCHAR},
      </if>
      <if test="createTime != null">
        create_time = #{createTime,jdbcType=VARCHAR},
      </if>
      <if test="updateTime != null">
        update_time = #{updateTime,jdbcType=VARCHAR},
      </if>
      <if test="type != null">
        type = #{type,jdbcType=VARCHAR},
      </if>
      <if test="title != null">
        title = #{title,jdbcType=VARCHAR},
      </if>
      <if test="detail != null">
        detail = #{detail,jdbcType=VARCHAR},
      </if>
      <if test="area != null">
        area = #{area,jdbcType=VARCHAR},
      </if>
      <if test="areaId != null">
        area_id = #{areaId,jdbcType=VARCHAR},
      </if>
      <if test="beginTime != null">
        begin_time = #{beginTime,jdbcType=VARCHAR},
      </if>
      <if test="endTime != null">
        end_time = #{endTime,jdbcType=VARCHAR},
      </if>
      <if test="areaDetails != null">
        area_details = #{areaDetails,jdbcType=VARCHAR},
      </if>
      <if test="classImgurl != null">
        class_imgurl = #{classImgurl,jdbcType=VARCHAR},
      </if>
      <if test="provinceId != null">
        province_id = #{provinceId,jdbcType=VARCHAR},
      </if>
      <if test="theme != null">
        theme = #{theme,jdbcType=VARCHAR},
      </if>
      <if test="themeImgurl != null">
        theme_imgurl = #{themeImgurl,jdbcType=VARCHAR},
      </if>
      <if test="committeePhone != null">
        committee_phone = #{committeePhone,jdbcType=VARCHAR},
      </if>
      <if test="presidePhone != null">
        preside_phone = #{presidePhone,jdbcType=VARCHAR},
      </if>
      <if test="cateringPhone != null">
        catering_phone = #{cateringPhone,jdbcType=VARCHAR},
      </if>
      <if test="profitState != null">
        profit_state = #{profitState,jdbcType=VARCHAR},
      </if>
      <if test="themeId != null">
        theme_id = #{themeId,jdbcType=VARCHAR},
      </if>
    </set>
    where id = #{id,jdbcType=VARCHAR}
  </update>
  <update id="updateByPrimaryKey" parameterType="com.zng.model.TCourseinformation">
    update t_courseinformation
    set login_id = #{loginId,jdbcType=VARCHAR},
      state = #{state,jdbcType=VARCHAR},
      create_time = #{createTime,jdbcType=VARCHAR},
      update_time = #{updateTime,jdbcType=VARCHAR},
      type = #{type,jdbcType=VARCHAR},
      title = #{title,jdbcType=VARCHAR},
      detail = #{detail,jdbcType=VARCHAR},
      area = #{area,jdbcType=VARCHAR},
      area_id = #{areaId,jdbcType=VARCHAR},
      begin_time = #{beginTime,jdbcType=VARCHAR},
      end_time = #{endTime,jdbcType=VARCHAR},
      area_details = #{areaDetails,jdbcType=VARCHAR},
      class_imgurl = #{classImgurl,jdbcType=VARCHAR},
      province_id = #{provinceId,jdbcType=VARCHAR},
      theme = #{theme,jdbcType=VARCHAR},
      theme_imgurl = #{themeImgurl,jdbcType=VARCHAR},
      committee_phone = #{committeePhone,jdbcType=VARCHAR},
      preside_phone = #{presidePhone,jdbcType=VARCHAR},
      catering_phone = #{cateringPhone,jdbcType=VARCHAR},
      profit_state = #{profitState,jdbcType=VARCHAR},
      theme_id = #{themeId,jdbcType=VARCHAR}
    where id = #{id,jdbcType=VARCHAR}
  </update>
</mapper>