<?xml version="1.0" encoding="UTF-8"?>
<!DOCTYPE mapper PUBLIC "-//mybatis.org//DTD Mapper 3.0//EN" "http://mybatis.org/dtd/mybatis-3-mapper.dtd">
<mapper namespace="com.zng.mapper.TCreationcardMapper">
  <resultMap id="BaseResultMap" type="com.zng.model.TCreationcard">
    <id column="id" jdbcType="VARCHAR" property="id" />
    <result column="work" jdbcType="VARCHAR" property="work" />
    <result column="creation_id" jdbcType="VARCHAR" property="creationId" />
    <result column="first_matching" jdbcType="VARCHAR" property="firstMatching" />
    <result column="second_matching" jdbcType="VARCHAR" property="secondMatching" />
    <result column="phone" jdbcType="VARCHAR" property="phone" />
    <result column="location" jdbcType="VARCHAR" property="location" />
    <result column="resources" jdbcType="VARCHAR" property="resources" />
    <result column="good_at" jdbcType="VARCHAR" property="goodAt" />
    <result column="mind" jdbcType="VARCHAR" property="mind" />
    <result column="advantage" jdbcType="VARCHAR" property="advantage" />
    <result column="experience" jdbcType="VARCHAR" property="experience" />
    <result column="login_id" jdbcType="VARCHAR" property="loginId" />
    <result column="role" jdbcType="VARCHAR" property="role" />
    <result column="honours" jdbcType="VARCHAR" property="honours" />
    <result column="state" jdbcType="VARCHAR" property="state" />
    <result column="create_time" jdbcType="VARCHAR" property="createTime" />
    <result column="update_time" jdbcType="VARCHAR" property="updateTime" />
  </resultMap>
  <sql id="Base_Column_List">
    id, work, creation_id, first_matching, second_matching, phone, location, resources, 
    good_at, mind, advantage, experience, login_id, role, honours, state, create_time, 
    update_time
  </sql>
  <select id="selectByPrimaryKey" parameterType="java.lang.String" resultMap="BaseResultMap">
    select 
    <include refid="Base_Column_List" />
    from t_creationcard
    where id = #{id,jdbcType=VARCHAR}
  </select>
  <delete id="deleteByPrimaryKey" parameterType="java.lang.String">
    delete from t_creationcard
    where id = #{id,jdbcType=VARCHAR}
  </delete>
  <insert id="insert" parameterType="com.zng.model.TCreationcard">
    insert into t_creationcard (id, work, creation_id, 
      first_matching, second_matching, phone, 
      location, resources, good_at, 
      mind, advantage, experience, 
      login_id, role, honours, 
      state, create_time, update_time
      )
    values (#{id,jdbcType=VARCHAR}, #{work,jdbcType=VARCHAR}, #{creationId,jdbcType=VARCHAR}, 
      #{firstMatching,jdbcType=VARCHAR}, #{secondMatching,jdbcType=VARCHAR}, #{phone,jdbcType=VARCHAR}, 
      #{location,jdbcType=VARCHAR}, #{resources,jdbcType=VARCHAR}, #{goodAt,jdbcType=VARCHAR}, 
      #{mind,jdbcType=VARCHAR}, #{advantage,jdbcType=VARCHAR}, #{experience,jdbcType=VARCHAR}, 
      #{loginId,jdbcType=VARCHAR}, #{role,jdbcType=VARCHAR}, #{honours,jdbcType=VARCHAR}, 
      #{state,jdbcType=VARCHAR}, #{createTime,jdbcType=VARCHAR}, #{updateTime,jdbcType=VARCHAR}
      )
  </insert>
  <insert id="insertSelective" parameterType="com.zng.model.TCreationcard">
    insert into t_creationcard
    <trim prefix="(" suffix=")" suffixOverrides=",">
      <if test="id != null">
        id,
      </if>
      <if test="work != null">
        work,
      </if>
      <if test="creationId != null">
        creation_id,
      </if>
      <if test="firstMatching != null">
        first_matching,
      </if>
      <if test="secondMatching != null">
        second_matching,
      </if>
      <if test="phone != null">
        phone,
      </if>
      <if test="location != null">
        location,
      </if>
      <if test="resources != null">
        resources,
      </if>
      <if test="goodAt != null">
        good_at,
      </if>
      <if test="mind != null">
        mind,
      </if>
      <if test="advantage != null">
        advantage,
      </if>
      <if test="experience != null">
        experience,
      </if>
      <if test="loginId != null">
        login_id,
      </if>
      <if test="role != null">
        role,
      </if>
      <if test="honours != null">
        honours,
      </if>
      <if test="state != null">
        state,
      </if>
      <if test="createTime != null">
        create_time,
      </if>
      <if test="updateTime != null">
        update_time,
      </if>
    </trim>
    <trim prefix="values (" suffix=")" suffixOverrides=",">
      <if test="id != null">
        #{id,jdbcType=VARCHAR},
      </if>
      <if test="work != null">
        #{work,jdbcType=VARCHAR},
      </if>
      <if test="creationId != null">
        #{creationId,jdbcType=VARCHAR},
      </if>
      <if test="firstMatching != null">
        #{firstMatching,jdbcType=VARCHAR},
      </if>
      <if test="secondMatching != null">
        #{secondMatching,jdbcType=VARCHAR},
      </if>
      <if test="phone != null">
        #{phone,jdbcType=VARCHAR},
      </if>
      <if test="location != null">
        #{location,jdbcType=VARCHAR},
      </if>
      <if test="resources != null">
        #{resources,jdbcType=VARCHAR},
      </if>
      <if test="goodAt != null">
        #{goodAt,jdbcType=VARCHAR},
      </if>
      <if test="mind != null">
        #{mind,jdbcType=VARCHAR},
      </if>
      <if test="advantage != null">
        #{advantage,jdbcType=VARCHAR},
      </if>
      <if test="experience != null">
        #{experience,jdbcType=VARCHAR},
      </if>
      <if test="loginId != null">
        #{loginId,jdbcType=VARCHAR},
      </if>
      <if test="role != null">
        #{role,jdbcType=VARCHAR},
      </if>
      <if test="honours != null">
        #{honours,jdbcType=VARCHAR},
      </if>
      <if test="state != null">
        #{state,jdbcType=VARCHAR},
      </if>
      <if test="createTime != null">
        #{createTime,jdbcType=VARCHAR},
      </if>
      <if test="updateTime != null">
        #{updateTime,jdbcType=VARCHAR},
      </if>
    </trim>
  </insert>
  <update id="updateByPrimaryKeySelective" parameterType="com.zng.model.TCreationcard">
    update t_creationcard
    <set>
      <if test="work != null">
        work = #{work,jdbcType=VARCHAR},
      </if>
      <if test="creationId != null">
        creation_id = #{creationId,jdbcType=VARCHAR},
      </if>
      <if test="firstMatching != null">
        first_matching = #{firstMatching,jdbcType=VARCHAR},
      </if>
      <if test="secondMatching != null">
        second_matching = #{secondMatching,jdbcType=VARCHAR},
      </if>
      <if test="phone != null">
        phone = #{phone,jdbcType=VARCHAR},
      </if>
      <if test="location != null">
        location = #{location,jdbcType=VARCHAR},
      </if>
      <if test="resources != null">
        resources = #{resources,jdbcType=VARCHAR},
      </if>
      <if test="goodAt != null">
        good_at = #{goodAt,jdbcType=VARCHAR},
      </if>
      <if test="mind != null">
        mind = #{mind,jdbcType=VARCHAR},
      </if>
      <if test="advantage != null">
        advantage = #{advantage,jdbcType=VARCHAR},
      </if>
      <if test="experience != null">
        experience = #{experience,jdbcType=VARCHAR},
      </if>
      <if test="loginId != null">
        login_id = #{loginId,jdbcType=VARCHAR},
      </if>
      <if test="role != null">
        role = #{role,jdbcType=VARCHAR},
      </if>
      <if test="honours != null">
        honours = #{honours,jdbcType=VARCHAR},
      </if>
      <if test="state != null">
        state = #{state,jdbcType=VARCHAR},
      </if>
      <if test="createTime != null">
        create_time = #{createTime,jdbcType=VARCHAR},
      </if>
      <if test="updateTime != null">
        update_time = #{updateTime,jdbcType=VARCHAR},
      </if>
    </set>
    where id = #{id,jdbcType=VARCHAR}
  </update>
  <update id="updateByPrimaryKey" parameterType="com.zng.model.TCreationcard">
    update t_creationcard
    set work = #{work,jdbcType=VARCHAR},
      creation_id = #{creationId,jdbcType=VARCHAR},
      first_matching = #{firstMatching,jdbcType=VARCHAR},
      second_matching = #{secondMatching,jdbcType=VARCHAR},
      phone = #{phone,jdbcType=VARCHAR},
      location = #{location,jdbcType=VARCHAR},
      resources = #{resources,jdbcType=VARCHAR},
      good_at = #{goodAt,jdbcType=VARCHAR},
      mind = #{mind,jdbcType=VARCHAR},
      advantage = #{advantage,jdbcType=VARCHAR},
      experience = #{experience,jdbcType=VARCHAR},
      login_id = #{loginId,jdbcType=VARCHAR},
      role = #{role,jdbcType=VARCHAR},
      honours = #{honours,jdbcType=VARCHAR},
      state = #{state,jdbcType=VARCHAR},
      create_time = #{createTime,jdbcType=VARCHAR},
      update_time = #{updateTime,jdbcType=VARCHAR}
    where id = #{id,jdbcType=VARCHAR}
  </update>
</mapper>