<?xml version="1.0" encoding="UTF-8"?>
<!DOCTYPE mapper PUBLIC "-//mybatis.org//DTD Mapper 3.0//EN" "http://mybatis.org/dtd/mybatis-3-mapper.dtd">
<mapper namespace="com.zng.mapper.TDailytaskMapper">
  <resultMap id="BaseResultMap" type="com.zng.model.TDailytask">
    <id column="id" jdbcType="VARCHAR" property="id" />
    <result column="login_id" jdbcType="VARCHAR" property="loginId" />
    <result column="read_state" jdbcType="VARCHAR" property="readState" />
    <result column="like_state" jdbcType="VARCHAR" property="likeState" />
    <result column="comment_state" jdbcType="VARCHAR" property="commentState" />
    <result column="forward_state" jdbcType="VARCHAR" property="forwardState" />
    <result column="attention_state" jdbcType="VARCHAR" property="attentionState" />
    <result column="create_time" jdbcType="VARCHAR" property="createTime" />
    <result column="update_time" jdbcType="VARCHAR" property="updateTime" />
    <result column="state" jdbcType="VARCHAR" property="state" />
    <result column="active_value" jdbcType="INTEGER" property="activeValue" />
    <result column="days" jdbcType="INTEGER" property="days" />
    <result column="active_number" jdbcType="INTEGER" property="activeNumber" />
    <result column="forward_num" jdbcType="INTEGER" property="forwardNum" />
    <result column="share_data" jdbcType="VARCHAR" property="shareData" />
    <result column="share_state" jdbcType="INTEGER" property="shareState" />
  </resultMap>
  <sql id="Base_Column_List">
    id, login_id, read_state, like_state, comment_state, forward_state, attention_state, 
    create_time, update_time, state, active_value, days, active_number, forward_num, 
    share_data, share_state
  </sql>
  <select id="selectByPrimaryKey" parameterType="java.lang.String" resultMap="BaseResultMap">
    select 
    <include refid="Base_Column_List" />
    from t_dailytask
    where id = #{id,jdbcType=VARCHAR}
  </select>
  <delete id="deleteByPrimaryKey" parameterType="java.lang.String">
    delete from t_dailytask
    where id = #{id,jdbcType=VARCHAR}
  </delete>
  <insert id="insert" parameterType="com.zng.model.TDailytask">
    insert into t_dailytask (id, login_id, read_state, 
      like_state, comment_state, forward_state, 
      attention_state, create_time, update_time, 
      state, active_value, days, 
      active_number, forward_num, share_data, 
      share_state)
    values (#{id,jdbcType=VARCHAR}, #{loginId,jdbcType=VARCHAR}, #{readState,jdbcType=VARCHAR}, 
      #{likeState,jdbcType=VARCHAR}, #{commentState,jdbcType=VARCHAR}, #{forwardState,jdbcType=VARCHAR}, 
      #{attentionState,jdbcType=VARCHAR}, #{createTime,jdbcType=VARCHAR}, #{updateTime,jdbcType=VARCHAR}, 
      #{state,jdbcType=VARCHAR}, #{activeValue,jdbcType=INTEGER}, #{days,jdbcType=INTEGER}, 
      #{activeNumber,jdbcType=INTEGER}, #{forwardNum,jdbcType=INTEGER}, #{shareData,jdbcType=VARCHAR}, 
      #{shareState,jdbcType=INTEGER})
  </insert>
  <insert id="insertSelective" parameterType="com.zng.model.TDailytask">
    insert into t_dailytask
    <trim prefix="(" suffix=")" suffixOverrides=",">
      <if test="id != null">
        id,
      </if>
      <if test="loginId != null">
        login_id,
      </if>
      <if test="readState != null">
        read_state,
      </if>
      <if test="likeState != null">
        like_state,
      </if>
      <if test="commentState != null">
        comment_state,
      </if>
      <if test="forwardState != null">
        forward_state,
      </if>
      <if test="attentionState != null">
        attention_state,
      </if>
      <if test="createTime != null">
        create_time,
      </if>
      <if test="updateTime != null">
        update_time,
      </if>
      <if test="state != null">
        state,
      </if>
      <if test="activeValue != null">
        active_value,
      </if>
      <if test="days != null">
        days,
      </if>
      <if test="activeNumber != null">
        active_number,
      </if>
      <if test="forwardNum != null">
        forward_num,
      </if>
      <if test="shareData != null">
        share_data,
      </if>
      <if test="shareState != null">
        share_state,
      </if>
    </trim>
    <trim prefix="values (" suffix=")" suffixOverrides=",">
      <if test="id != null">
        #{id,jdbcType=VARCHAR},
      </if>
      <if test="loginId != null">
        #{loginId,jdbcType=VARCHAR},
      </if>
      <if test="readState != null">
        #{readState,jdbcType=VARCHAR},
      </if>
      <if test="likeState != null">
        #{likeState,jdbcType=VARCHAR},
      </if>
      <if test="commentState != null">
        #{commentState,jdbcType=VARCHAR},
      </if>
      <if test="forwardState != null">
        #{forwardState,jdbcType=VARCHAR},
      </if>
      <if test="attentionState != null">
        #{attentionState,jdbcType=VARCHAR},
      </if>
      <if test="createTime != null">
        #{createTime,jdbcType=VARCHAR},
      </if>
      <if test="updateTime != null">
        #{updateTime,jdbcType=VARCHAR},
      </if>
      <if test="state != null">
        #{state,jdbcType=VARCHAR},
      </if>
      <if test="activeValue != null">
        #{activeValue,jdbcType=INTEGER},
      </if>
      <if test="days != null">
        #{days,jdbcType=INTEGER},
      </if>
      <if test="activeNumber != null">
        #{activeNumber,jdbcType=INTEGER},
      </if>
      <if test="forwardNum != null">
        #{forwardNum,jdbcType=INTEGER},
      </if>
      <if test="shareData != null">
        #{shareData,jdbcType=VARCHAR},
      </if>
      <if test="shareState != null">
        #{shareState,jdbcType=INTEGER},
      </if>
    </trim>
  </insert>
  <update id="updateByPrimaryKeySelective" parameterType="com.zng.model.TDailytask">
    update t_dailytask
    <set>
      <if test="loginId != null">
        login_id = #{loginId,jdbcType=VARCHAR},
      </if>
      <if test="readState != null">
        read_state = #{readState,jdbcType=VARCHAR},
      </if>
      <if test="likeState != null">
        like_state = #{likeState,jdbcType=VARCHAR},
      </if>
      <if test="commentState != null">
        comment_state = #{commentState,jdbcType=VARCHAR},
      </if>
      <if test="forwardState != null">
        forward_state = #{forwardState,jdbcType=VARCHAR},
      </if>
      <if test="attentionState != null">
        attention_state = #{attentionState,jdbcType=VARCHAR},
      </if>
      <if test="createTime != null">
        create_time = #{createTime,jdbcType=VARCHAR},
      </if>
      <if test="updateTime != null">
        update_time = #{updateTime,jdbcType=VARCHAR},
      </if>
      <if test="state != null">
        state = #{state,jdbcType=VARCHAR},
      </if>
      <if test="activeValue != null">
        active_value = #{activeValue,jdbcType=INTEGER},
      </if>
      <if test="days != null">
        days = #{days,jdbcType=INTEGER},
      </if>
      <if test="activeNumber != null">
        active_number = #{activeNumber,jdbcType=INTEGER},
      </if>
      <if test="forwardNum != null">
        forward_num = #{forwardNum,jdbcType=INTEGER},
      </if>
      <if test="shareData != null">
        share_data = #{shareData,jdbcType=VARCHAR},
      </if>
      <if test="shareState != null">
        share_state = #{shareState,jdbcType=INTEGER},
      </if>
    </set>
    where id = #{id,jdbcType=VARCHAR}
  </update>
  <update id="updateByPrimaryKey" parameterType="com.zng.model.TDailytask">
    update t_dailytask
    set login_id = #{loginId,jdbcType=VARCHAR},
      read_state = #{readState,jdbcType=VARCHAR},
      like_state = #{likeState,jdbcType=VARCHAR},
      comment_state = #{commentState,jdbcType=VARCHAR},
      forward_state = #{forwardState,jdbcType=VARCHAR},
      attention_state = #{attentionState,jdbcType=VARCHAR},
      create_time = #{createTime,jdbcType=VARCHAR},
      update_time = #{updateTime,jdbcType=VARCHAR},
      state = #{state,jdbcType=VARCHAR},
      active_value = #{activeValue,jdbcType=INTEGER},
      days = #{days,jdbcType=INTEGER},
      active_number = #{activeNumber,jdbcType=INTEGER},
      forward_num = #{forwardNum,jdbcType=INTEGER},
      share_data = #{shareData,jdbcType=VARCHAR},
      share_state = #{shareState,jdbcType=INTEGER}
    where id = #{id,jdbcType=VARCHAR}
  </update>
</mapper>