<?xml version="1.0" encoding="UTF-8"?>
<!DOCTYPE mapper PUBLIC "-//mybatis.org//DTD Mapper 3.0//EN" "http://mybatis.org/dtd/mybatis-3-mapper.dtd">
<mapper namespace="com.zng.mapper.TDelayedMapper">
  <resultMap id="BaseResultMap" type="com.zng.model.TDelayed">
    <id column="id" jdbcType="VARCHAR" property="id" />
    <result column="create_time" jdbcType="VARCHAR" property="createTime" />
    <result column="update_time" jdbcType="VARCHAR" property="updateTime" />
    <result column="state" jdbcType="VARCHAR" property="state" />
    <result column="type" jdbcType="VARCHAR" property="type" />
    <result column="object" jdbcType="VARCHAR" property="object" />
    <result column="expire" jdbcType="BIGINT" property="expire" />
  </resultMap>
  <sql id="Base_Column_List">
    id, create_time, update_time, state, type, object, expire
  </sql>
  <select id="selectByPrimaryKey" parameterType="java.lang.String" resultMap="BaseResultMap">
    select 
    <include refid="Base_Column_List" />
    from t_delayed
    where id = #{id,jdbcType=VARCHAR}
  </select>
  <delete id="deleteByPrimaryKey" parameterType="java.lang.String">
    delete from t_delayed
    where id = #{id,jdbcType=VARCHAR}
  </delete>
  <insert id="insert" parameterType="com.zng.model.TDelayed">
    insert into t_delayed (id, create_time, update_time, 
      state, type, object, 
      expire)
    values (#{id,jdbcType=VARCHAR}, #{createTime,jdbcType=VARCHAR}, #{updateTime,jdbcType=VARCHAR}, 
      #{state,jdbcType=VARCHAR}, #{type,jdbcType=VARCHAR}, #{object,jdbcType=VARCHAR}, 
      #{expire,jdbcType=BIGINT})
  </insert>
  <insert id="insertSelective" parameterType="com.zng.model.TDelayed">
    insert into t_delayed
    <trim prefix="(" suffix=")" suffixOverrides=",">
      <if test="id != null">
        id,
      </if>
      <if test="createTime != null">
        create_time,
      </if>
      <if test="updateTime != null">
        update_time,
      </if>
      <if test="state != null">
        state,
      </if>
      <if test="type != null">
        type,
      </if>
      <if test="object != null">
        object,
      </if>
      <if test="expire != null">
        expire,
      </if>
    </trim>
    <trim prefix="values (" suffix=")" suffixOverrides=",">
      <if test="id != null">
        #{id,jdbcType=VARCHAR},
      </if>
      <if test="createTime != null">
        #{createTime,jdbcType=VARCHAR},
      </if>
      <if test="updateTime != null">
        #{updateTime,jdbcType=VARCHAR},
      </if>
      <if test="state != null">
        #{state,jdbcType=VARCHAR},
      </if>
      <if test="type != null">
        #{type,jdbcType=VARCHAR},
      </if>
      <if test="object != null">
        #{object,jdbcType=VARCHAR},
      </if>
      <if test="expire != null">
        #{expire,jdbcType=BIGINT},
      </if>
    </trim>
  </insert>
  <update id="updateByPrimaryKeySelective" parameterType="com.zng.model.TDelayed">
    update t_delayed
    <set>
      <if test="createTime != null">
        create_time = #{createTime,jdbcType=VARCHAR},
      </if>
      <if test="updateTime != null">
        update_time = #{updateTime,jdbcType=VARCHAR},
      </if>
      <if test="state != null">
        state = #{state,jdbcType=VARCHAR},
      </if>
      <if test="type != null">
        type = #{type,jdbcType=VARCHAR},
      </if>
      <if test="object != null">
        object = #{object,jdbcType=VARCHAR},
      </if>
      <if test="expire != null">
        expire = #{expire,jdbcType=BIGINT},
      </if>
    </set>
    where id = #{id,jdbcType=VARCHAR}
  </update>
  <update id="updateByPrimaryKey" parameterType="com.zng.model.TDelayed">
    update t_delayed
    set create_time = #{createTime,jdbcType=VARCHAR},
      update_time = #{updateTime,jdbcType=VARCHAR},
      state = #{state,jdbcType=VARCHAR},
      type = #{type,jdbcType=VARCHAR},
      object = #{object,jdbcType=VARCHAR},
      expire = #{expire,jdbcType=BIGINT}
    where id = #{id,jdbcType=VARCHAR}
  </update>
</mapper>