<?xml version="1.0" encoding="UTF-8"?>
<!DOCTYPE mapper PUBLIC "-//mybatis.org//DTD Mapper 3.0//EN" "http://mybatis.org/dtd/mybatis-3-mapper.dtd">
<mapper namespace="com.zng.mapper.TDistributionprofitparamsMapper">
  <resultMap id="BaseResultMap" type="com.zng.model.TDistributionprofitparams">
    <id column="id" jdbcType="VARCHAR" property="id" />
    <result column="average_price" jdbcType="VARCHAR" property="averagePrice" />
    <result column="together_welfare" jdbcType="VARCHAR" property="togetherWelfare" />
    <result column="together_welfare_two" jdbcType="VARCHAR" property="togetherWelfareTwo" />
    <result column="together_buy_oneself" jdbcType="VARCHAR" property="togetherBuyOneself" />
    <result column="together_buy_first" jdbcType="VARCHAR" property="togetherBuyFirst" />
    <result column="together_buy_two" jdbcType="VARCHAR" property="togetherBuyTwo" />
    <result column="excellence_buy_oneself" jdbcType="VARCHAR" property="excellenceBuyOneself" />
    <result column="excellence_buy_first" jdbcType="VARCHAR" property="excellenceBuyFirst" />
    <result column="excellence_buy_two" jdbcType="VARCHAR" property="excellenceBuyTwo" />
    <result column="head_token" jdbcType="VARCHAR" property="headToken" />
    <result column="group_buy_cash" jdbcType="VARCHAR" property="groupBuyCash" />
    <result column="class_committee_fate" jdbcType="VARCHAR" property="classCommitteeFate" />
    <result column="tutor_fate" jdbcType="VARCHAR" property="tutorFate" />
    <result column="repeat_buy_one" jdbcType="VARCHAR" property="repeatBuyOne" />
    <result column="repeat_buy_two" jdbcType="VARCHAR" property="repeatBuyTwo" />
    <result column="repeat_buy_three" jdbcType="VARCHAR" property="repeatBuyThree" />
    <result column="auth_together_fate" jdbcType="VARCHAR" property="authTogetherFate" />
    <result column="state" jdbcType="VARCHAR" property="state" />
    <result column="create_time" jdbcType="VARCHAR" property="createTime" />
    <result column="update_time" jdbcType="VARCHAR" property="updateTime" />
    <result column="score_ratio" jdbcType="VARCHAR" property="scoreRatio" />
    <result column="you_xuan_rate" jdbcType="VARCHAR" property="youXuanRate" />
    <result column="hui_xuan_rate" jdbcType="VARCHAR" property="huiXuanRate" />
    <result column="team_reward" jdbcType="VARCHAR" property="teamReward" />
    <result column="game_reward" jdbcType="VARCHAR" property="gameReward" />
    <result column="operation" jdbcType="VARCHAR" property="operation" />
    <result column="production" jdbcType="VARCHAR" property="production" />
    <result column="platform" jdbcType="VARCHAR" property="platform" />
    <result column="technology" jdbcType="VARCHAR" property="technology" />
    <result column="reward" jdbcType="VARCHAR" property="reward" />
    <result column="gong" jdbcType="VARCHAR" property="gong" />
    <result column="hou" jdbcType="VARCHAR" property="hou" />
    <result column="bo" jdbcType="VARCHAR" property="bo" />
    <result column="zi" jdbcType="VARCHAR" property="zi" />
    <result column="nan" jdbcType="VARCHAR" property="nan" />
    <result column="token_reduce_multiple" jdbcType="VARCHAR" property="tokenReduceMultiple" />
  </resultMap>
  <sql id="Base_Column_List">
    id, average_price, together_welfare, together_welfare_two, together_buy_oneself, 
    together_buy_first, together_buy_two, excellence_buy_oneself, excellence_buy_first, 
    excellence_buy_two, head_token, group_buy_cash, class_committee_fate, tutor_fate, 
    repeat_buy_one, repeat_buy_two, repeat_buy_three, auth_together_fate, state, create_time, 
    update_time, score_ratio, you_xuan_rate, hui_xuan_rate, team_reward, game_reward, 
    operation, production, platform, technology, reward, gong, hou, bo, zi, nan, token_reduce_multiple
  </sql>
  <select id="selectByPrimaryKey" parameterType="java.lang.String" resultMap="BaseResultMap">
    select 
    <include refid="Base_Column_List" />
    from t_distributionprofitparams
    where id = #{id,jdbcType=VARCHAR}
  </select>
  <delete id="deleteByPrimaryKey" parameterType="java.lang.String">
    delete from t_distributionprofitparams
    where id = #{id,jdbcType=VARCHAR}
  </delete>
  <insert id="insert" parameterType="com.zng.model.TDistributionprofitparams">
    insert into t_distributionprofitparams (id, average_price, together_welfare, 
      together_welfare_two, together_buy_oneself, 
      together_buy_first, together_buy_two, excellence_buy_oneself, 
      excellence_buy_first, excellence_buy_two, head_token, 
      group_buy_cash, class_committee_fate, tutor_fate, 
      repeat_buy_one, repeat_buy_two, repeat_buy_three, 
      auth_together_fate, state, create_time, 
      update_time, score_ratio, you_xuan_rate, 
      hui_xuan_rate, team_reward, game_reward, 
      operation, production, platform, 
      technology, reward, gong, 
      hou, bo, zi, nan, 
      token_reduce_multiple)
    values (#{id,jdbcType=VARCHAR}, #{averagePrice,jdbcType=VARCHAR}, #{togetherWelfare,jdbcType=VARCHAR}, 
      #{togetherWelfareTwo,jdbcType=VARCHAR}, #{togetherBuyOneself,jdbcType=VARCHAR}, 
      #{togetherBuyFirst,jdbcType=VARCHAR}, #{togetherBuyTwo,jdbcType=VARCHAR}, #{excellenceBuyOneself,jdbcType=VARCHAR}, 
      #{excellenceBuyFirst,jdbcType=VARCHAR}, #{excellenceBuyTwo,jdbcType=VARCHAR}, #{headToken,jdbcType=VARCHAR}, 
      #{groupBuyCash,jdbcType=VARCHAR}, #{classCommitteeFate,jdbcType=VARCHAR}, #{tutorFate,jdbcType=VARCHAR}, 
      #{repeatBuyOne,jdbcType=VARCHAR}, #{repeatBuyTwo,jdbcType=VARCHAR}, #{repeatBuyThree,jdbcType=VARCHAR}, 
      #{authTogetherFate,jdbcType=VARCHAR}, #{state,jdbcType=VARCHAR}, #{createTime,jdbcType=VARCHAR}, 
      #{updateTime,jdbcType=VARCHAR}, #{scoreRatio,jdbcType=VARCHAR}, #{youXuanRate,jdbcType=VARCHAR}, 
      #{huiXuanRate,jdbcType=VARCHAR}, #{teamReward,jdbcType=VARCHAR}, #{gameReward,jdbcType=VARCHAR}, 
      #{operation,jdbcType=VARCHAR}, #{production,jdbcType=VARCHAR}, #{platform,jdbcType=VARCHAR}, 
      #{technology,jdbcType=VARCHAR}, #{reward,jdbcType=VARCHAR}, #{gong,jdbcType=VARCHAR}, 
      #{hou,jdbcType=VARCHAR}, #{bo,jdbcType=VARCHAR}, #{zi,jdbcType=VARCHAR}, #{nan,jdbcType=VARCHAR}, 
      #{tokenReduceMultiple,jdbcType=VARCHAR})
  </insert>
  <insert id="insertSelective" parameterType="com.zng.model.TDistributionprofitparams">
    insert into t_distributionprofitparams
    <trim prefix="(" suffix=")" suffixOverrides=",">
      <if test="id != null">
        id,
      </if>
      <if test="averagePrice != null">
        average_price,
      </if>
      <if test="togetherWelfare != null">
        together_welfare,
      </if>
      <if test="togetherWelfareTwo != null">
        together_welfare_two,
      </if>
      <if test="togetherBuyOneself != null">
        together_buy_oneself,
      </if>
      <if test="togetherBuyFirst != null">
        together_buy_first,
      </if>
      <if test="togetherBuyTwo != null">
        together_buy_two,
      </if>
      <if test="excellenceBuyOneself != null">
        excellence_buy_oneself,
      </if>
      <if test="excellenceBuyFirst != null">
        excellence_buy_first,
      </if>
      <if test="excellenceBuyTwo != null">
        excellence_buy_two,
      </if>
      <if test="headToken != null">
        head_token,
      </if>
      <if test="groupBuyCash != null">
        group_buy_cash,
      </if>
      <if test="classCommitteeFate != null">
        class_committee_fate,
      </if>
      <if test="tutorFate != null">
        tutor_fate,
      </if>
      <if test="repeatBuyOne != null">
        repeat_buy_one,
      </if>
      <if test="repeatBuyTwo != null">
        repeat_buy_two,
      </if>
      <if test="repeatBuyThree != null">
        repeat_buy_three,
      </if>
      <if test="authTogetherFate != null">
        auth_together_fate,
      </if>
      <if test="state != null">
        state,
      </if>
      <if test="createTime != null">
        create_time,
      </if>
      <if test="updateTime != null">
        update_time,
      </if>
      <if test="scoreRatio != null">
        score_ratio,
      </if>
      <if test="youXuanRate != null">
        you_xuan_rate,
      </if>
      <if test="huiXuanRate != null">
        hui_xuan_rate,
      </if>
      <if test="teamReward != null">
        team_reward,
      </if>
      <if test="gameReward != null">
        game_reward,
      </if>
      <if test="operation != null">
        operation,
      </if>
      <if test="production != null">
        production,
      </if>
      <if test="platform != null">
        platform,
      </if>
      <if test="technology != null">
        technology,
      </if>
      <if test="reward != null">
        reward,
      </if>
      <if test="gong != null">
        gong,
      </if>
      <if test="hou != null">
        hou,
      </if>
      <if test="bo != null">
        bo,
      </if>
      <if test="zi != null">
        zi,
      </if>
      <if test="nan != null">
        nan,
      </if>
      <if test="tokenReduceMultiple != null">
        token_reduce_multiple,
      </if>
    </trim>
    <trim prefix="values (" suffix=")" suffixOverrides=",">
      <if test="id != null">
        #{id,jdbcType=VARCHAR},
      </if>
      <if test="averagePrice != null">
        #{averagePrice,jdbcType=VARCHAR},
      </if>
      <if test="togetherWelfare != null">
        #{togetherWelfare,jdbcType=VARCHAR},
      </if>
      <if test="togetherWelfareTwo != null">
        #{togetherWelfareTwo,jdbcType=VARCHAR},
      </if>
      <if test="togetherBuyOneself != null">
        #{togetherBuyOneself,jdbcType=VARCHAR},
      </if>
      <if test="togetherBuyFirst != null">
        #{togetherBuyFirst,jdbcType=VARCHAR},
      </if>
      <if test="togetherBuyTwo != null">
        #{togetherBuyTwo,jdbcType=VARCHAR},
      </if>
      <if test="excellenceBuyOneself != null">
        #{excellenceBuyOneself,jdbcType=VARCHAR},
      </if>
      <if test="excellenceBuyFirst != null">
        #{excellenceBuyFirst,jdbcType=VARCHAR},
      </if>
      <if test="excellenceBuyTwo != null">
        #{excellenceBuyTwo,jdbcType=VARCHAR},
      </if>
      <if test="headToken != null">
        #{headToken,jdbcType=VARCHAR},
      </if>
      <if test="groupBuyCash != null">
        #{groupBuyCash,jdbcType=VARCHAR},
      </if>
      <if test="classCommitteeFate != null">
        #{classCommitteeFate,jdbcType=VARCHAR},
      </if>
      <if test="tutorFate != null">
        #{tutorFate,jdbcType=VARCHAR},
      </if>
      <if test="repeatBuyOne != null">
        #{repeatBuyOne,jdbcType=VARCHAR},
      </if>
      <if test="repeatBuyTwo != null">
        #{repeatBuyTwo,jdbcType=VARCHAR},
      </if>
      <if test="repeatBuyThree != null">
        #{repeatBuyThree,jdbcType=VARCHAR},
      </if>
      <if test="authTogetherFate != null">
        #{authTogetherFate,jdbcType=VARCHAR},
      </if>
      <if test="state != null">
        #{state,jdbcType=VARCHAR},
      </if>
      <if test="createTime != null">
        #{createTime,jdbcType=VARCHAR},
      </if>
      <if test="updateTime != null">
        #{updateTime,jdbcType=VARCHAR},
      </if>
      <if test="scoreRatio != null">
        #{scoreRatio,jdbcType=VARCHAR},
      </if>
      <if test="youXuanRate != null">
        #{youXuanRate,jdbcType=VARCHAR},
      </if>
      <if test="huiXuanRate != null">
        #{huiXuanRate,jdbcType=VARCHAR},
      </if>
      <if test="teamReward != null">
        #{teamReward,jdbcType=VARCHAR},
      </if>
      <if test="gameReward != null">
        #{gameReward,jdbcType=VARCHAR},
      </if>
      <if test="operation != null">
        #{operation,jdbcType=VARCHAR},
      </if>
      <if test="production != null">
        #{production,jdbcType=VARCHAR},
      </if>
      <if test="platform != null">
        #{platform,jdbcType=VARCHAR},
      </if>
      <if test="technology != null">
        #{technology,jdbcType=VARCHAR},
      </if>
      <if test="reward != null">
        #{reward,jdbcType=VARCHAR},
      </if>
      <if test="gong != null">
        #{gong,jdbcType=VARCHAR},
      </if>
      <if test="hou != null">
        #{hou,jdbcType=VARCHAR},
      </if>
      <if test="bo != null">
        #{bo,jdbcType=VARCHAR},
      </if>
      <if test="zi != null">
        #{zi,jdbcType=VARCHAR},
      </if>
      <if test="nan != null">
        #{nan,jdbcType=VARCHAR},
      </if>
      <if test="tokenReduceMultiple != null">
        #{tokenReduceMultiple,jdbcType=VARCHAR},
      </if>
    </trim>
  </insert>
  <update id="updateByPrimaryKeySelective" parameterType="com.zng.model.TDistributionprofitparams">
    update t_distributionprofitparams
    <set>
      <if test="averagePrice != null">
        average_price = #{averagePrice,jdbcType=VARCHAR},
      </if>
      <if test="togetherWelfare != null">
        together_welfare = #{togetherWelfare,jdbcType=VARCHAR},
      </if>
      <if test="togetherWelfareTwo != null">
        together_welfare_two = #{togetherWelfareTwo,jdbcType=VARCHAR},
      </if>
      <if test="togetherBuyOneself != null">
        together_buy_oneself = #{togetherBuyOneself,jdbcType=VARCHAR},
      </if>
      <if test="togetherBuyFirst != null">
        together_buy_first = #{togetherBuyFirst,jdbcType=VARCHAR},
      </if>
      <if test="togetherBuyTwo != null">
        together_buy_two = #{togetherBuyTwo,jdbcType=VARCHAR},
      </if>
      <if test="excellenceBuyOneself != null">
        excellence_buy_oneself = #{excellenceBuyOneself,jdbcType=VARCHAR},
      </if>
      <if test="excellenceBuyFirst != null">
        excellence_buy_first = #{excellenceBuyFirst,jdbcType=VARCHAR},
      </if>
      <if test="excellenceBuyTwo != null">
        excellence_buy_two = #{excellenceBuyTwo,jdbcType=VARCHAR},
      </if>
      <if test="headToken != null">
        head_token = #{headToken,jdbcType=VARCHAR},
      </if>
      <if test="groupBuyCash != null">
        group_buy_cash = #{groupBuyCash,jdbcType=VARCHAR},
      </if>
      <if test="classCommitteeFate != null">
        class_committee_fate = #{classCommitteeFate,jdbcType=VARCHAR},
      </if>
      <if test="tutorFate != null">
        tutor_fate = #{tutorFate,jdbcType=VARCHAR},
      </if>
      <if test="repeatBuyOne != null">
        repeat_buy_one = #{repeatBuyOne,jdbcType=VARCHAR},
      </if>
      <if test="repeatBuyTwo != null">
        repeat_buy_two = #{repeatBuyTwo,jdbcType=VARCHAR},
      </if>
      <if test="repeatBuyThree != null">
        repeat_buy_three = #{repeatBuyThree,jdbcType=VARCHAR},
      </if>
      <if test="authTogetherFate != null">
        auth_together_fate = #{authTogetherFate,jdbcType=VARCHAR},
      </if>
      <if test="state != null">
        state = #{state,jdbcType=VARCHAR},
      </if>
      <if test="createTime != null">
        create_time = #{createTime,jdbcType=VARCHAR},
      </if>
      <if test="updateTime != null">
        update_time = #{updateTime,jdbcType=VARCHAR},
      </if>
      <if test="scoreRatio != null">
        score_ratio = #{scoreRatio,jdbcType=VARCHAR},
      </if>
      <if test="youXuanRate != null">
        you_xuan_rate = #{youXuanRate,jdbcType=VARCHAR},
      </if>
      <if test="huiXuanRate != null">
        hui_xuan_rate = #{huiXuanRate,jdbcType=VARCHAR},
      </if>
      <if test="teamReward != null">
        team_reward = #{teamReward,jdbcType=VARCHAR},
      </if>
      <if test="gameReward != null">
        game_reward = #{gameReward,jdbcType=VARCHAR},
      </if>
      <if test="operation != null">
        operation = #{operation,jdbcType=VARCHAR},
      </if>
      <if test="production != null">
        production = #{production,jdbcType=VARCHAR},
      </if>
      <if test="platform != null">
        platform = #{platform,jdbcType=VARCHAR},
      </if>
      <if test="technology != null">
        technology = #{technology,jdbcType=VARCHAR},
      </if>
      <if test="reward != null">
        reward = #{reward,jdbcType=VARCHAR},
      </if>
      <if test="gong != null">
        gong = #{gong,jdbcType=VARCHAR},
      </if>
      <if test="hou != null">
        hou = #{hou,jdbcType=VARCHAR},
      </if>
      <if test="bo != null">
        bo = #{bo,jdbcType=VARCHAR},
      </if>
      <if test="zi != null">
        zi = #{zi,jdbcType=VARCHAR},
      </if>
      <if test="nan != null">
        nan = #{nan,jdbcType=VARCHAR},
      </if>
      <if test="tokenReduceMultiple != null">
        token_reduce_multiple = #{tokenReduceMultiple,jdbcType=VARCHAR},
      </if>
    </set>
    where id = #{id,jdbcType=VARCHAR}
  </update>
  <update id="updateByPrimaryKey" parameterType="com.zng.model.TDistributionprofitparams">
    update t_distributionprofitparams
    set average_price = #{averagePrice,jdbcType=VARCHAR},
      together_welfare = #{togetherWelfare,jdbcType=VARCHAR},
      together_welfare_two = #{togetherWelfareTwo,jdbcType=VARCHAR},
      together_buy_oneself = #{togetherBuyOneself,jdbcType=VARCHAR},
      together_buy_first = #{togetherBuyFirst,jdbcType=VARCHAR},
      together_buy_two = #{togetherBuyTwo,jdbcType=VARCHAR},
      excellence_buy_oneself = #{excellenceBuyOneself,jdbcType=VARCHAR},
      excellence_buy_first = #{excellenceBuyFirst,jdbcType=VARCHAR},
      excellence_buy_two = #{excellenceBuyTwo,jdbcType=VARCHAR},
      head_token = #{headToken,jdbcType=VARCHAR},
      group_buy_cash = #{groupBuyCash,jdbcType=VARCHAR},
      class_committee_fate = #{classCommitteeFate,jdbcType=VARCHAR},
      tutor_fate = #{tutorFate,jdbcType=VARCHAR},
      repeat_buy_one = #{repeatBuyOne,jdbcType=VARCHAR},
      repeat_buy_two = #{repeatBuyTwo,jdbcType=VARCHAR},
      repeat_buy_three = #{repeatBuyThree,jdbcType=VARCHAR},
      auth_together_fate = #{authTogetherFate,jdbcType=VARCHAR},
      state = #{state,jdbcType=VARCHAR},
      create_time = #{createTime,jdbcType=VARCHAR},
      update_time = #{updateTime,jdbcType=VARCHAR},
      score_ratio = #{scoreRatio,jdbcType=VARCHAR},
      you_xuan_rate = #{youXuanRate,jdbcType=VARCHAR},
      hui_xuan_rate = #{huiXuanRate,jdbcType=VARCHAR},
      team_reward = #{teamReward,jdbcType=VARCHAR},
      game_reward = #{gameReward,jdbcType=VARCHAR},
      operation = #{operation,jdbcType=VARCHAR},
      production = #{production,jdbcType=VARCHAR},
      platform = #{platform,jdbcType=VARCHAR},
      technology = #{technology,jdbcType=VARCHAR},
      reward = #{reward,jdbcType=VARCHAR},
      gong = #{gong,jdbcType=VARCHAR},
      hou = #{hou,jdbcType=VARCHAR},
      bo = #{bo,jdbcType=VARCHAR},
      zi = #{zi,jdbcType=VARCHAR},
      nan = #{nan,jdbcType=VARCHAR},
      token_reduce_multiple = #{tokenReduceMultiple,jdbcType=VARCHAR}
    where id = #{id,jdbcType=VARCHAR}
  </update>
</mapper>