<?xml version="1.0" encoding="UTF-8"?>
<!DOCTYPE mapper PUBLIC "-//mybatis.org//DTD Mapper 3.0//EN" "http://mybatis.org/dtd/mybatis-3-mapper.dtd">
<mapper namespace="com.zng.mapper.TEnterpriseclassMapper">
  <resultMap id="BaseResultMap" type="com.zng.model.TEnterpriseclass">
    <id column="id" jdbcType="VARCHAR" property="id" />
    <result column="state" jdbcType="VARCHAR" property="state" />
    <result column="create_time" jdbcType="VARCHAR" property="createTime" />
    <result column="update_time" jdbcType="VARCHAR" property="updateTime" />
    <result column="login_id" jdbcType="VARCHAR" property="loginId" />
    <result column="type" jdbcType="VARCHAR" property="type" />
    <result column="people_number" jdbcType="VARCHAR" property="peopleNumber" />
    <result column="area" jdbcType="VARCHAR" property="area" />
    <result column="area_id" jdbcType="VARCHAR" property="areaId" />
    <result column="now_number" jdbcType="VARCHAR" property="nowNumber" />
    <result column="begin_time" jdbcType="VARCHAR" property="beginTime" />
    <result column="end_time" jdbcType="VARCHAR" property="endTime" />
    <result column="title" jdbcType="VARCHAR" property="title" />
    <result column="role" jdbcType="VARCHAR" property="role" />
    <result column="group_qrcode" jdbcType="VARCHAR" property="groupQrcode" />
    <result column="live_qrcode" jdbcType="VARCHAR" property="liveQrcode" />
    <result column="area_details" jdbcType="VARCHAR" property="areaDetails" />
    <result column="class_details" jdbcType="VARCHAR" property="classDetails" />
    <result column="class_imgurl" jdbcType="VARCHAR" property="classImgurl" />
    <result column="temporary" jdbcType="VARCHAR" property="temporary" />
    <result column="join_off" jdbcType="VARCHAR" property="joinOff" />
    <result column="tutor_id" jdbcType="VARCHAR" property="tutorId" />
    <result column="room_id" jdbcType="VARCHAR" property="roomId" />
  </resultMap>
  <sql id="Base_Column_List">
    id, state, create_time, update_time, login_id, type, people_number, area, area_id, 
    now_number, begin_time, end_time, title, role, group_qrcode, live_qrcode, area_details, 
    class_details, class_imgurl, temporary, join_off, tutor_id, room_id
  </sql>
  <select id="selectByPrimaryKey" parameterType="java.lang.String" resultMap="BaseResultMap">
    select 
    <include refid="Base_Column_List" />
    from t_enterpriseclass
    where id = #{id,jdbcType=VARCHAR}
  </select>
  <delete id="deleteByPrimaryKey" parameterType="java.lang.String">
    delete from t_enterpriseclass
    where id = #{id,jdbcType=VARCHAR}
  </delete>
  <insert id="insert" parameterType="com.zng.model.TEnterpriseclass">
    insert into t_enterpriseclass (id, state, create_time, 
      update_time, login_id, type, 
      people_number, area, area_id, 
      now_number, begin_time, end_time, 
      title, role, group_qrcode, 
      live_qrcode, area_details, class_details, 
      class_imgurl, temporary, join_off, 
      tutor_id, room_id)
    values (#{id,jdbcType=VARCHAR}, #{state,jdbcType=VARCHAR}, #{createTime,jdbcType=VARCHAR}, 
      #{updateTime,jdbcType=VARCHAR}, #{loginId,jdbcType=VARCHAR}, #{type,jdbcType=VARCHAR}, 
      #{peopleNumber,jdbcType=VARCHAR}, #{area,jdbcType=VARCHAR}, #{areaId,jdbcType=VARCHAR}, 
      #{nowNumber,jdbcType=VARCHAR}, #{beginTime,jdbcType=VARCHAR}, #{endTime,jdbcType=VARCHAR}, 
      #{title,jdbcType=VARCHAR}, #{role,jdbcType=VARCHAR}, #{groupQrcode,jdbcType=VARCHAR}, 
      #{liveQrcode,jdbcType=VARCHAR}, #{areaDetails,jdbcType=VARCHAR}, #{classDetails,jdbcType=VARCHAR}, 
      #{classImgurl,jdbcType=VARCHAR}, #{temporary,jdbcType=VARCHAR}, #{joinOff,jdbcType=VARCHAR}, 
      #{tutorId,jdbcType=VARCHAR}, #{roomId,jdbcType=VARCHAR})
  </insert>
  <insert id="insertSelective" parameterType="com.zng.model.TEnterpriseclass">
    insert into t_enterpriseclass
    <trim prefix="(" suffix=")" suffixOverrides=",">
      <if test="id != null">
        id,
      </if>
      <if test="state != null">
        state,
      </if>
      <if test="createTime != null">
        create_time,
      </if>
      <if test="updateTime != null">
        update_time,
      </if>
      <if test="loginId != null">
        login_id,
      </if>
      <if test="type != null">
        type,
      </if>
      <if test="peopleNumber != null">
        people_number,
      </if>
      <if test="area != null">
        area,
      </if>
      <if test="areaId != null">
        area_id,
      </if>
      <if test="nowNumber != null">
        now_number,
      </if>
      <if test="beginTime != null">
        begin_time,
      </if>
      <if test="endTime != null">
        end_time,
      </if>
      <if test="title != null">
        title,
      </if>
      <if test="role != null">
        role,
      </if>
      <if test="groupQrcode != null">
        group_qrcode,
      </if>
      <if test="liveQrcode != null">
        live_qrcode,
      </if>
      <if test="areaDetails != null">
        area_details,
      </if>
      <if test="classDetails != null">
        class_details,
      </if>
      <if test="classImgurl != null">
        class_imgurl,
      </if>
      <if test="temporary != null">
        temporary,
      </if>
      <if test="joinOff != null">
        join_off,
      </if>
      <if test="tutorId != null">
        tutor_id,
      </if>
      <if test="roomId != null">
        room_id,
      </if>
    </trim>
    <trim prefix="values (" suffix=")" suffixOverrides=",">
      <if test="id != null">
        #{id,jdbcType=VARCHAR},
      </if>
      <if test="state != null">
        #{state,jdbcType=VARCHAR},
      </if>
      <if test="createTime != null">
        #{createTime,jdbcType=VARCHAR},
      </if>
      <if test="updateTime != null">
        #{updateTime,jdbcType=VARCHAR},
      </if>
      <if test="loginId != null">
        #{loginId,jdbcType=VARCHAR},
      </if>
      <if test="type != null">
        #{type,jdbcType=VARCHAR},
      </if>
      <if test="peopleNumber != null">
        #{peopleNumber,jdbcType=VARCHAR},
      </if>
      <if test="area != null">
        #{area,jdbcType=VARCHAR},
      </if>
      <if test="areaId != null">
        #{areaId,jdbcType=VARCHAR},
      </if>
      <if test="nowNumber != null">
        #{nowNumber,jdbcType=VARCHAR},
      </if>
      <if test="beginTime != null">
        #{beginTime,jdbcType=VARCHAR},
      </if>
      <if test="endTime != null">
        #{endTime,jdbcType=VARCHAR},
      </if>
      <if test="title != null">
        #{title,jdbcType=VARCHAR},
      </if>
      <if test="role != null">
        #{role,jdbcType=VARCHAR},
      </if>
      <if test="groupQrcode != null">
        #{groupQrcode,jdbcType=VARCHAR},
      </if>
      <if test="liveQrcode != null">
        #{liveQrcode,jdbcType=VARCHAR},
      </if>
      <if test="areaDetails != null">
        #{areaDetails,jdbcType=VARCHAR},
      </if>
      <if test="classDetails != null">
        #{classDetails,jdbcType=VARCHAR},
      </if>
      <if test="classImgurl != null">
        #{classImgurl,jdbcType=VARCHAR},
      </if>
      <if test="temporary != null">
        #{temporary,jdbcType=VARCHAR},
      </if>
      <if test="joinOff != null">
        #{joinOff,jdbcType=VARCHAR},
      </if>
      <if test="tutorId != null">
        #{tutorId,jdbcType=VARCHAR},
      </if>
      <if test="roomId != null">
        #{roomId,jdbcType=VARCHAR},
      </if>
    </trim>
  </insert>
  <update id="updateByPrimaryKeySelective" parameterType="com.zng.model.TEnterpriseclass">
    update t_enterpriseclass
    <set>
      <if test="state != null">
        state = #{state,jdbcType=VARCHAR},
      </if>
      <if test="createTime != null">
        create_time = #{createTime,jdbcType=VARCHAR},
      </if>
      <if test="updateTime != null">
        update_time = #{updateTime,jdbcType=VARCHAR},
      </if>
      <if test="loginId != null">
        login_id = #{loginId,jdbcType=VARCHAR},
      </if>
      <if test="type != null">
        type = #{type,jdbcType=VARCHAR},
      </if>
      <if test="peopleNumber != null">
        people_number = #{peopleNumber,jdbcType=VARCHAR},
      </if>
      <if test="area != null">
        area = #{area,jdbcType=VARCHAR},
      </if>
      <if test="areaId != null">
        area_id = #{areaId,jdbcType=VARCHAR},
      </if>
      <if test="nowNumber != null">
        now_number = #{nowNumber,jdbcType=VARCHAR},
      </if>
      <if test="beginTime != null">
        begin_time = #{beginTime,jdbcType=VARCHAR},
      </if>
      <if test="endTime != null">
        end_time = #{endTime,jdbcType=VARCHAR},
      </if>
      <if test="title != null">
        title = #{title,jdbcType=VARCHAR},
      </if>
      <if test="role != null">
        role = #{role,jdbcType=VARCHAR},
      </if>
      <if test="groupQrcode != null">
        group_qrcode = #{groupQrcode,jdbcType=VARCHAR},
      </if>
      <if test="liveQrcode != null">
        live_qrcode = #{liveQrcode,jdbcType=VARCHAR},
      </if>
      <if test="areaDetails != null">
        area_details = #{areaDetails,jdbcType=VARCHAR},
      </if>
      <if test="classDetails != null">
        class_details = #{classDetails,jdbcType=VARCHAR},
      </if>
      <if test="classImgurl != null">
        class_imgurl = #{classImgurl,jdbcType=VARCHAR},
      </if>
      <if test="temporary != null">
        temporary = #{temporary,jdbcType=VARCHAR},
      </if>
      <if test="joinOff != null">
        join_off = #{joinOff,jdbcType=VARCHAR},
      </if>
      <if test="tutorId != null">
        tutor_id = #{tutorId,jdbcType=VARCHAR},
      </if>
      <if test="roomId != null">
        room_id = #{roomId,jdbcType=VARCHAR},
      </if>
    </set>
    where id = #{id,jdbcType=VARCHAR}
  </update>
  <update id="updateByPrimaryKey" parameterType="com.zng.model.TEnterpriseclass">
    update t_enterpriseclass
    set state = #{state,jdbcType=VARCHAR},
      create_time = #{createTime,jdbcType=VARCHAR},
      update_time = #{updateTime,jdbcType=VARCHAR},
      login_id = #{loginId,jdbcType=VARCHAR},
      type = #{type,jdbcType=VARCHAR},
      people_number = #{peopleNumber,jdbcType=VARCHAR},
      area = #{area,jdbcType=VARCHAR},
      area_id = #{areaId,jdbcType=VARCHAR},
      now_number = #{nowNumber,jdbcType=VARCHAR},
      begin_time = #{beginTime,jdbcType=VARCHAR},
      end_time = #{endTime,jdbcType=VARCHAR},
      title = #{title,jdbcType=VARCHAR},
      role = #{role,jdbcType=VARCHAR},
      group_qrcode = #{groupQrcode,jdbcType=VARCHAR},
      live_qrcode = #{liveQrcode,jdbcType=VARCHAR},
      area_details = #{areaDetails,jdbcType=VARCHAR},
      class_details = #{classDetails,jdbcType=VARCHAR},
      class_imgurl = #{classImgurl,jdbcType=VARCHAR},
      temporary = #{temporary,jdbcType=VARCHAR},
      join_off = #{joinOff,jdbcType=VARCHAR},
      tutor_id = #{tutorId,jdbcType=VARCHAR},
      room_id = #{roomId,jdbcType=VARCHAR}
    where id = #{id,jdbcType=VARCHAR}
  </update>
</mapper>