<?xml version="1.0" encoding="UTF-8"?>
<!DOCTYPE mapper PUBLIC "-//mybatis.org//DTD Mapper 3.0//EN" "http://mybatis.org/dtd/mybatis-3-mapper.dtd">
<mapper namespace="com.zng.mapper.TEverydaycommodityMapper">
  <resultMap id="BaseResultMap" type="com.zng.model.TEverydaycommodity">
    <id column="id" jdbcType="VARCHAR" property="id" />
    <result column="rate_template_id" jdbcType="VARCHAR" property="rateTemplateId" />
    <result column="name" jdbcType="VARCHAR" property="name" />
    <result column="details" jdbcType="VARCHAR" property="details" />
    <result column="img_url" jdbcType="VARCHAR" property="imgUrl" />
    <result column="state" jdbcType="VARCHAR" property="state" />
    <result column="create_time" jdbcType="VARCHAR" property="createTime" />
    <result column="update_time" jdbcType="VARCHAR" property="updateTime" />
    <result column="details_url" jdbcType="VARCHAR" property="detailsUrl" />
    <result column="diagram" jdbcType="VARCHAR" property="diagram" />
    <result column="weight" jdbcType="VARCHAR" property="weight" />
    <result column="origin_place" jdbcType="VARCHAR" property="originPlace" />
    <result column="quality_level" jdbcType="VARCHAR" property="qualityLevel" />
    <result column="guarantee_period" jdbcType="VARCHAR" property="guaranteePeriod" />
    <result column="save_method" jdbcType="VARCHAR" property="saveMethod" />
    <result column="variety" jdbcType="VARCHAR" property="variety" />
    <result column="sales_type" jdbcType="VARCHAR" property="salesType" />
    <result column="token" jdbcType="DECIMAL" property="token" />
    <result column="packing" jdbcType="VARCHAR" property="packing" />
    <result column="business_id" jdbcType="VARCHAR" property="businessId" />
    <result column="min_buy_num" jdbcType="VARCHAR" property="minBuyNum" />
    <result column="total_sales_num" jdbcType="INTEGER" property="totalSalesNum" />
    <result column="remaining_stock" jdbcType="INTEGER" property="remainingStock" />
    <result column="is_tomorrow_notice" jdbcType="INTEGER" property="isTomorrowNotice" />
    <result column="rank" jdbcType="INTEGER" property="rank" />
  </resultMap>
  <sql id="Base_Column_List">
    id, rate_template_id, name, details, img_url, state, create_time, update_time, details_url, 
    diagram, weight, origin_place, quality_level, guarantee_period, save_method, variety, 
    sales_type, token, packing, business_id, min_buy_num, total_sales_num, remaining_stock, 
    is_tomorrow_notice, rank
  </sql>
  <select id="selectByPrimaryKey" parameterType="java.lang.String" resultMap="BaseResultMap">
    select 
    <include refid="Base_Column_List" />
    from t_everydaycommodity
    where id = #{id,jdbcType=VARCHAR}
  </select>
  <delete id="deleteByPrimaryKey" parameterType="java.lang.String">
    delete from t_everydaycommodity
    where id = #{id,jdbcType=VARCHAR}
  </delete>
  <insert id="insert" parameterType="com.zng.model.TEverydaycommodity">
    insert into t_everydaycommodity (id, rate_template_id, name, 
      details, img_url, state, 
      create_time, update_time, details_url, 
      diagram, weight, origin_place, 
      quality_level, guarantee_period, save_method, 
      variety, sales_type, token, 
      packing, business_id, min_buy_num, 
      total_sales_num, remaining_stock, is_tomorrow_notice, 
      rank)
    values (#{id,jdbcType=VARCHAR}, #{rateTemplateId,jdbcType=VARCHAR}, #{name,jdbcType=VARCHAR}, 
      #{details,jdbcType=VARCHAR}, #{imgUrl,jdbcType=VARCHAR}, #{state,jdbcType=VARCHAR}, 
      #{createTime,jdbcType=VARCHAR}, #{updateTime,jdbcType=VARCHAR}, #{detailsUrl,jdbcType=VARCHAR}, 
      #{diagram,jdbcType=VARCHAR}, #{weight,jdbcType=VARCHAR}, #{originPlace,jdbcType=VARCHAR}, 
      #{qualityLevel,jdbcType=VARCHAR}, #{guaranteePeriod,jdbcType=VARCHAR}, #{saveMethod,jdbcType=VARCHAR}, 
      #{variety,jdbcType=VARCHAR}, #{salesType,jdbcType=VARCHAR}, #{token,jdbcType=DECIMAL}, 
      #{packing,jdbcType=VARCHAR}, #{businessId,jdbcType=VARCHAR}, #{minBuyNum,jdbcType=VARCHAR}, 
      #{totalSalesNum,jdbcType=INTEGER}, #{remainingStock,jdbcType=INTEGER}, #{isTomorrowNotice,jdbcType=INTEGER}, 
      #{rank,jdbcType=INTEGER})
  </insert>
  <insert id="insertSelective" parameterType="com.zng.model.TEverydaycommodity">
    insert into t_everydaycommodity
    <trim prefix="(" suffix=")" suffixOverrides=",">
      <if test="id != null">
        id,
      </if>
      <if test="rateTemplateId != null">
        rate_template_id,
      </if>
      <if test="name != null">
        name,
      </if>
      <if test="details != null">
        details,
      </if>
      <if test="imgUrl != null">
        img_url,
      </if>
      <if test="state != null">
        state,
      </if>
      <if test="createTime != null">
        create_time,
      </if>
      <if test="updateTime != null">
        update_time,
      </if>
      <if test="detailsUrl != null">
        details_url,
      </if>
      <if test="diagram != null">
        diagram,
      </if>
      <if test="weight != null">
        weight,
      </if>
      <if test="originPlace != null">
        origin_place,
      </if>
      <if test="qualityLevel != null">
        quality_level,
      </if>
      <if test="guaranteePeriod != null">
        guarantee_period,
      </if>
      <if test="saveMethod != null">
        save_method,
      </if>
      <if test="variety != null">
        variety,
      </if>
      <if test="salesType != null">
        sales_type,
      </if>
      <if test="token != null">
        token,
      </if>
      <if test="packing != null">
        packing,
      </if>
      <if test="businessId != null">
        business_id,
      </if>
      <if test="minBuyNum != null">
        min_buy_num,
      </if>
      <if test="totalSalesNum != null">
        total_sales_num,
      </if>
      <if test="remainingStock != null">
        remaining_stock,
      </if>
      <if test="isTomorrowNotice != null">
        is_tomorrow_notice,
      </if>
      <if test="rank != null">
        rank,
      </if>
    </trim>
    <trim prefix="values (" suffix=")" suffixOverrides=",">
      <if test="id != null">
        #{id,jdbcType=VARCHAR},
      </if>
      <if test="rateTemplateId != null">
        #{rateTemplateId,jdbcType=VARCHAR},
      </if>
      <if test="name != null">
        #{name,jdbcType=VARCHAR},
      </if>
      <if test="details != null">
        #{details,jdbcType=VARCHAR},
      </if>
      <if test="imgUrl != null">
        #{imgUrl,jdbcType=VARCHAR},
      </if>
      <if test="state != null">
        #{state,jdbcType=VARCHAR},
      </if>
      <if test="createTime != null">
        #{createTime,jdbcType=VARCHAR},
      </if>
      <if test="updateTime != null">
        #{updateTime,jdbcType=VARCHAR},
      </if>
      <if test="detailsUrl != null">
        #{detailsUrl,jdbcType=VARCHAR},
      </if>
      <if test="diagram != null">
        #{diagram,jdbcType=VARCHAR},
      </if>
      <if test="weight != null">
        #{weight,jdbcType=VARCHAR},
      </if>
      <if test="originPlace != null">
        #{originPlace,jdbcType=VARCHAR},
      </if>
      <if test="qualityLevel != null">
        #{qualityLevel,jdbcType=VARCHAR},
      </if>
      <if test="guaranteePeriod != null">
        #{guaranteePeriod,jdbcType=VARCHAR},
      </if>
      <if test="saveMethod != null">
        #{saveMethod,jdbcType=VARCHAR},
      </if>
      <if test="variety != null">
        #{variety,jdbcType=VARCHAR},
      </if>
      <if test="salesType != null">
        #{salesType,jdbcType=VARCHAR},
      </if>
      <if test="token != null">
        #{token,jdbcType=DECIMAL},
      </if>
      <if test="packing != null">
        #{packing,jdbcType=VARCHAR},
      </if>
      <if test="businessId != null">
        #{businessId,jdbcType=VARCHAR},
      </if>
      <if test="minBuyNum != null">
        #{minBuyNum,jdbcType=VARCHAR},
      </if>
      <if test="totalSalesNum != null">
        #{totalSalesNum,jdbcType=INTEGER},
      </if>
      <if test="remainingStock != null">
        #{remainingStock,jdbcType=INTEGER},
      </if>
      <if test="isTomorrowNotice != null">
        #{isTomorrowNotice,jdbcType=INTEGER},
      </if>
      <if test="rank != null">
        #{rank,jdbcType=INTEGER},
      </if>
    </trim>
  </insert>
  <update id="updateByPrimaryKeySelective" parameterType="com.zng.model.TEverydaycommodity">
    update t_everydaycommodity
    <set>
      <if test="rateTemplateId != null">
        rate_template_id = #{rateTemplateId,jdbcType=VARCHAR},
      </if>
      <if test="name != null">
        name = #{name,jdbcType=VARCHAR},
      </if>
      <if test="details != null">
        details = #{details,jdbcType=VARCHAR},
      </if>
      <if test="imgUrl != null">
        img_url = #{imgUrl,jdbcType=VARCHAR},
      </if>
      <if test="state != null">
        state = #{state,jdbcType=VARCHAR},
      </if>
      <if test="createTime != null">
        create_time = #{createTime,jdbcType=VARCHAR},
      </if>
      <if test="updateTime != null">
        update_time = #{updateTime,jdbcType=VARCHAR},
      </if>
      <if test="detailsUrl != null">
        details_url = #{detailsUrl,jdbcType=VARCHAR},
      </if>
      <if test="diagram != null">
        diagram = #{diagram,jdbcType=VARCHAR},
      </if>
      <if test="weight != null">
        weight = #{weight,jdbcType=VARCHAR},
      </if>
      <if test="originPlace != null">
        origin_place = #{originPlace,jdbcType=VARCHAR},
      </if>
      <if test="qualityLevel != null">
        quality_level = #{qualityLevel,jdbcType=VARCHAR},
      </if>
      <if test="guaranteePeriod != null">
        guarantee_period = #{guaranteePeriod,jdbcType=VARCHAR},
      </if>
      <if test="saveMethod != null">
        save_method = #{saveMethod,jdbcType=VARCHAR},
      </if>
      <if test="variety != null">
        variety = #{variety,jdbcType=VARCHAR},
      </if>
      <if test="salesType != null">
        sales_type = #{salesType,jdbcType=VARCHAR},
      </if>
      <if test="token != null">
        token = #{token,jdbcType=DECIMAL},
      </if>
      <if test="packing != null">
        packing = #{packing,jdbcType=VARCHAR},
      </if>
      <if test="businessId != null">
        business_id = #{businessId,jdbcType=VARCHAR},
      </if>
      <if test="minBuyNum != null">
        min_buy_num = #{minBuyNum,jdbcType=VARCHAR},
      </if>
      <if test="totalSalesNum != null">
        total_sales_num = #{totalSalesNum,jdbcType=INTEGER},
      </if>
      <if test="remainingStock != null">
        remaining_stock = #{remainingStock,jdbcType=INTEGER},
      </if>
      <if test="isTomorrowNotice != null">
        is_tomorrow_notice = #{isTomorrowNotice,jdbcType=INTEGER},
      </if>
      <if test="rank != null">
        rank = #{rank,jdbcType=INTEGER},
      </if>
    </set>
    where id = #{id,jdbcType=VARCHAR}
  </update>
  <update id="updateByPrimaryKey" parameterType="com.zng.model.TEverydaycommodity">
    update t_everydaycommodity
    set rate_template_id = #{rateTemplateId,jdbcType=VARCHAR},
      name = #{name,jdbcType=VARCHAR},
      details = #{details,jdbcType=VARCHAR},
      img_url = #{imgUrl,jdbcType=VARCHAR},
      state = #{state,jdbcType=VARCHAR},
      create_time = #{createTime,jdbcType=VARCHAR},
      update_time = #{updateTime,jdbcType=VARCHAR},
      details_url = #{detailsUrl,jdbcType=VARCHAR},
      diagram = #{diagram,jdbcType=VARCHAR},
      weight = #{weight,jdbcType=VARCHAR},
      origin_place = #{originPlace,jdbcType=VARCHAR},
      quality_level = #{qualityLevel,jdbcType=VARCHAR},
      guarantee_period = #{guaranteePeriod,jdbcType=VARCHAR},
      save_method = #{saveMethod,jdbcType=VARCHAR},
      variety = #{variety,jdbcType=VARCHAR},
      sales_type = #{salesType,jdbcType=VARCHAR},
      token = #{token,jdbcType=DECIMAL},
      packing = #{packing,jdbcType=VARCHAR},
      business_id = #{businessId,jdbcType=VARCHAR},
      min_buy_num = #{minBuyNum,jdbcType=VARCHAR},
      total_sales_num = #{totalSalesNum,jdbcType=INTEGER},
      remaining_stock = #{remainingStock,jdbcType=INTEGER},
      is_tomorrow_notice = #{isTomorrowNotice,jdbcType=INTEGER},
      rank = #{rank,jdbcType=INTEGER}
    where id = #{id,jdbcType=VARCHAR}
  </update>
</mapper>