<?xml version="1.0" encoding="UTF-8"?>
<!DOCTYPE mapper PUBLIC "-//mybatis.org//DTD Mapper 3.0//EN" "http://mybatis.org/dtd/mybatis-3-mapper.dtd">
<mapper namespace="com.zng.mapper.TExpertinformationMapper">
  <resultMap id="BaseResultMap" type="com.zng.model.TExpertinformation">
    <id column="id" jdbcType="VARCHAR" property="id" />
    <result column="login_id" jdbcType="VARCHAR" property="loginId" />
    <result column="image_url" jdbcType="VARCHAR" property="imageUrl" />
    <result column="name" jdbcType="VARCHAR" property="name" />
    <result column="goods" jdbcType="VARCHAR" property="goods" />
    <result column="state" jdbcType="VARCHAR" property="state" />
    <result column="create_time" jdbcType="VARCHAR" property="createTime" />
    <result column="update_time" jdbcType="VARCHAR" property="updateTime" />
    <result column="price" jdbcType="DECIMAL" property="price" />
    <result column="role" jdbcType="VARCHAR" property="role" />
    <result column="office" jdbcType="VARCHAR" property="office" />
    <result column="affiliate" jdbcType="VARCHAR" property="affiliate" />
    <result column="reputation" jdbcType="VARCHAR" property="reputation" />
    <result column="num" jdbcType="INTEGER" property="num" />
    <result column="portrait_url" jdbcType="VARCHAR" property="portraitUrl" />
  </resultMap>
  <sql id="Base_Column_List">
    id, login_id, image_url, name, goods, state, create_time, update_time, price, role, 
    office, affiliate, reputation, num, portrait_url
  </sql>
  <select id="selectByPrimaryKey" parameterType="java.lang.String" resultMap="BaseResultMap">
    select 
    <include refid="Base_Column_List" />
    from t_expertinformation
    where id = #{id,jdbcType=VARCHAR}
  </select>
  <delete id="deleteByPrimaryKey" parameterType="java.lang.String">
    delete from t_expertinformation
    where id = #{id,jdbcType=VARCHAR}
  </delete>
  <insert id="insert" parameterType="com.zng.model.TExpertinformation">
    insert into t_expertinformation (id, login_id, image_url, 
      name, goods, state, 
      create_time, update_time, price, 
      role, office, affiliate, 
      reputation, num, portrait_url
      )
    values (#{id,jdbcType=VARCHAR}, #{loginId,jdbcType=VARCHAR}, #{imageUrl,jdbcType=VARCHAR}, 
      #{name,jdbcType=VARCHAR}, #{goods,jdbcType=VARCHAR}, #{state,jdbcType=VARCHAR}, 
      #{createTime,jdbcType=VARCHAR}, #{updateTime,jdbcType=VARCHAR}, #{price,jdbcType=DECIMAL}, 
      #{role,jdbcType=VARCHAR}, #{office,jdbcType=VARCHAR}, #{affiliate,jdbcType=VARCHAR}, 
      #{reputation,jdbcType=VARCHAR}, #{num,jdbcType=INTEGER}, #{portraitUrl,jdbcType=VARCHAR}
      )
  </insert>
  <insert id="insertSelective" parameterType="com.zng.model.TExpertinformation">
    insert into t_expertinformation
    <trim prefix="(" suffix=")" suffixOverrides=",">
      <if test="id != null">
        id,
      </if>
      <if test="loginId != null">
        login_id,
      </if>
      <if test="imageUrl != null">
        image_url,
      </if>
      <if test="name != null">
        name,
      </if>
      <if test="goods != null">
        goods,
      </if>
      <if test="state != null">
        state,
      </if>
      <if test="createTime != null">
        create_time,
      </if>
      <if test="updateTime != null">
        update_time,
      </if>
      <if test="price != null">
        price,
      </if>
      <if test="role != null">
        role,
      </if>
      <if test="office != null">
        office,
      </if>
      <if test="affiliate != null">
        affiliate,
      </if>
      <if test="reputation != null">
        reputation,
      </if>
      <if test="num != null">
        num,
      </if>
      <if test="portraitUrl != null">
        portrait_url,
      </if>
    </trim>
    <trim prefix="values (" suffix=")" suffixOverrides=",">
      <if test="id != null">
        #{id,jdbcType=VARCHAR},
      </if>
      <if test="loginId != null">
        #{loginId,jdbcType=VARCHAR},
      </if>
      <if test="imageUrl != null">
        #{imageUrl,jdbcType=VARCHAR},
      </if>
      <if test="name != null">
        #{name,jdbcType=VARCHAR},
      </if>
      <if test="goods != null">
        #{goods,jdbcType=VARCHAR},
      </if>
      <if test="state != null">
        #{state,jdbcType=VARCHAR},
      </if>
      <if test="createTime != null">
        #{createTime,jdbcType=VARCHAR},
      </if>
      <if test="updateTime != null">
        #{updateTime,jdbcType=VARCHAR},
      </if>
      <if test="price != null">
        #{price,jdbcType=DECIMAL},
      </if>
      <if test="role != null">
        #{role,jdbcType=VARCHAR},
      </if>
      <if test="office != null">
        #{office,jdbcType=VARCHAR},
      </if>
      <if test="affiliate != null">
        #{affiliate,jdbcType=VARCHAR},
      </if>
      <if test="reputation != null">
        #{reputation,jdbcType=VARCHAR},
      </if>
      <if test="num != null">
        #{num,jdbcType=INTEGER},
      </if>
      <if test="portraitUrl != null">
        #{portraitUrl,jdbcType=VARCHAR},
      </if>
    </trim>
  </insert>
  <update id="updateByPrimaryKeySelective" parameterType="com.zng.model.TExpertinformation">
    update t_expertinformation
    <set>
      <if test="loginId != null">
        login_id = #{loginId,jdbcType=VARCHAR},
      </if>
      <if test="imageUrl != null">
        image_url = #{imageUrl,jdbcType=VARCHAR},
      </if>
      <if test="name != null">
        name = #{name,jdbcType=VARCHAR},
      </if>
      <if test="goods != null">
        goods = #{goods,jdbcType=VARCHAR},
      </if>
      <if test="state != null">
        state = #{state,jdbcType=VARCHAR},
      </if>
      <if test="createTime != null">
        create_time = #{createTime,jdbcType=VARCHAR},
      </if>
      <if test="updateTime != null">
        update_time = #{updateTime,jdbcType=VARCHAR},
      </if>
      <if test="price != null">
        price = #{price,jdbcType=DECIMAL},
      </if>
      <if test="role != null">
        role = #{role,jdbcType=VARCHAR},
      </if>
      <if test="office != null">
        office = #{office,jdbcType=VARCHAR},
      </if>
      <if test="affiliate != null">
        affiliate = #{affiliate,jdbcType=VARCHAR},
      </if>
      <if test="reputation != null">
        reputation = #{reputation,jdbcType=VARCHAR},
      </if>
      <if test="num != null">
        num = #{num,jdbcType=INTEGER},
      </if>
      <if test="portraitUrl != null">
        portrait_url = #{portraitUrl,jdbcType=VARCHAR},
      </if>
    </set>
    where id = #{id,jdbcType=VARCHAR}
  </update>
  <update id="updateByPrimaryKey" parameterType="com.zng.model.TExpertinformation">
    update t_expertinformation
    set login_id = #{loginId,jdbcType=VARCHAR},
      image_url = #{imageUrl,jdbcType=VARCHAR},
      name = #{name,jdbcType=VARCHAR},
      goods = #{goods,jdbcType=VARCHAR},
      state = #{state,jdbcType=VARCHAR},
      create_time = #{createTime,jdbcType=VARCHAR},
      update_time = #{updateTime,jdbcType=VARCHAR},
      price = #{price,jdbcType=DECIMAL},
      role = #{role,jdbcType=VARCHAR},
      office = #{office,jdbcType=VARCHAR},
      affiliate = #{affiliate,jdbcType=VARCHAR},
      reputation = #{reputation,jdbcType=VARCHAR},
      num = #{num,jdbcType=INTEGER},
      portrait_url = #{portraitUrl,jdbcType=VARCHAR}
    where id = #{id,jdbcType=VARCHAR}
  </update>
</mapper>