<?xml version="1.0" encoding="UTF-8"?>
<!DOCTYPE mapper PUBLIC "-//mybatis.org//DTD Mapper 3.0//EN" "http://mybatis.org/dtd/mybatis-3-mapper.dtd">
<mapper namespace="com.zng.mapper.TFadadaMapper">
  <resultMap id="BaseResultMap" type="com.zng.model.TFadada">
    <id column="id" jdbcType="VARCHAR" property="id" />
    <result column="login_id" jdbcType="VARCHAR" property="loginId" />
    <result column="create_time" jdbcType="VARCHAR" property="createTime" />
    <result column="update_time" jdbcType="VARCHAR" property="updateTime" />
    <result column="state" jdbcType="VARCHAR" property="state" />
    <result column="customer_id" jdbcType="VARCHAR" property="customerId" />
    <result column="transaction_no" jdbcType="VARCHAR" property="transactionNo" />
    <result column="contract_id1" jdbcType="VARCHAR" property="contractId1" />
    <result column="contract_id2" jdbcType="VARCHAR" property="contractId2" />
    <result column="contract_id3" jdbcType="VARCHAR" property="contractId3" />
    <result column="contract_id4" jdbcType="VARCHAR" property="contractId4" />
    <result column="batch_id" jdbcType="VARCHAR" property="batchId" />
  </resultMap>
  <sql id="Base_Column_List">
    id, login_id, create_time, update_time, state, customer_id, transaction_no, contract_id1, 
    contract_id2, contract_id3, contract_id4, batch_id
  </sql>
  <select id="selectByPrimaryKey" parameterType="java.lang.String" resultMap="BaseResultMap">
    select 
    <include refid="Base_Column_List" />
    from t_fadada
    where id = #{id,jdbcType=VARCHAR}
  </select>
  <delete id="deleteByPrimaryKey" parameterType="java.lang.String">
    delete from t_fadada
    where id = #{id,jdbcType=VARCHAR}
  </delete>
  <insert id="insert" parameterType="com.zng.model.TFadada">
    insert into t_fadada (id, login_id, create_time, 
      update_time, state, customer_id, 
      transaction_no, contract_id1, contract_id2, 
      contract_id3, contract_id4, batch_id
      )
    values (#{id,jdbcType=VARCHAR}, #{loginId,jdbcType=VARCHAR}, #{createTime,jdbcType=VARCHAR}, 
      #{updateTime,jdbcType=VARCHAR}, #{state,jdbcType=VARCHAR}, #{customerId,jdbcType=VARCHAR}, 
      #{transactionNo,jdbcType=VARCHAR}, #{contractId1,jdbcType=VARCHAR}, #{contractId2,jdbcType=VARCHAR}, 
      #{contractId3,jdbcType=VARCHAR}, #{contractId4,jdbcType=VARCHAR}, #{batchId,jdbcType=VARCHAR}
      )
  </insert>
  <insert id="insertSelective" parameterType="com.zng.model.TFadada">
    insert into t_fadada
    <trim prefix="(" suffix=")" suffixOverrides=",">
      <if test="id != null">
        id,
      </if>
      <if test="loginId != null">
        login_id,
      </if>
      <if test="createTime != null">
        create_time,
      </if>
      <if test="updateTime != null">
        update_time,
      </if>
      <if test="state != null">
        state,
      </if>
      <if test="customerId != null">
        customer_id,
      </if>
      <if test="transactionNo != null">
        transaction_no,
      </if>
      <if test="contractId1 != null">
        contract_id1,
      </if>
      <if test="contractId2 != null">
        contract_id2,
      </if>
      <if test="contractId3 != null">
        contract_id3,
      </if>
      <if test="contractId4 != null">
        contract_id4,
      </if>
      <if test="batchId != null">
        batch_id,
      </if>
    </trim>
    <trim prefix="values (" suffix=")" suffixOverrides=",">
      <if test="id != null">
        #{id,jdbcType=VARCHAR},
      </if>
      <if test="loginId != null">
        #{loginId,jdbcType=VARCHAR},
      </if>
      <if test="createTime != null">
        #{createTime,jdbcType=VARCHAR},
      </if>
      <if test="updateTime != null">
        #{updateTime,jdbcType=VARCHAR},
      </if>
      <if test="state != null">
        #{state,jdbcType=VARCHAR},
      </if>
      <if test="customerId != null">
        #{customerId,jdbcType=VARCHAR},
      </if>
      <if test="transactionNo != null">
        #{transactionNo,jdbcType=VARCHAR},
      </if>
      <if test="contractId1 != null">
        #{contractId1,jdbcType=VARCHAR},
      </if>
      <if test="contractId2 != null">
        #{contractId2,jdbcType=VARCHAR},
      </if>
      <if test="contractId3 != null">
        #{contractId3,jdbcType=VARCHAR},
      </if>
      <if test="contractId4 != null">
        #{contractId4,jdbcType=VARCHAR},
      </if>
      <if test="batchId != null">
        #{batchId,jdbcType=VARCHAR},
      </if>
    </trim>
  </insert>
  <update id="updateByPrimaryKeySelective" parameterType="com.zng.model.TFadada">
    update t_fadada
    <set>
      <if test="loginId != null">
        login_id = #{loginId,jdbcType=VARCHAR},
      </if>
      <if test="createTime != null">
        create_time = #{createTime,jdbcType=VARCHAR},
      </if>
      <if test="updateTime != null">
        update_time = #{updateTime,jdbcType=VARCHAR},
      </if>
      <if test="state != null">
        state = #{state,jdbcType=VARCHAR},
      </if>
      <if test="customerId != null">
        customer_id = #{customerId,jdbcType=VARCHAR},
      </if>
      <if test="transactionNo != null">
        transaction_no = #{transactionNo,jdbcType=VARCHAR},
      </if>
      <if test="contractId1 != null">
        contract_id1 = #{contractId1,jdbcType=VARCHAR},
      </if>
      <if test="contractId2 != null">
        contract_id2 = #{contractId2,jdbcType=VARCHAR},
      </if>
      <if test="contractId3 != null">
        contract_id3 = #{contractId3,jdbcType=VARCHAR},
      </if>
      <if test="contractId4 != null">
        contract_id4 = #{contractId4,jdbcType=VARCHAR},
      </if>
      <if test="batchId != null">
        batch_id = #{batchId,jdbcType=VARCHAR},
      </if>
    </set>
    where id = #{id,jdbcType=VARCHAR}
  </update>
  <update id="updateByPrimaryKey" parameterType="com.zng.model.TFadada">
    update t_fadada
    set login_id = #{loginId,jdbcType=VARCHAR},
      create_time = #{createTime,jdbcType=VARCHAR},
      update_time = #{updateTime,jdbcType=VARCHAR},
      state = #{state,jdbcType=VARCHAR},
      customer_id = #{customerId,jdbcType=VARCHAR},
      transaction_no = #{transactionNo,jdbcType=VARCHAR},
      contract_id1 = #{contractId1,jdbcType=VARCHAR},
      contract_id2 = #{contractId2,jdbcType=VARCHAR},
      contract_id3 = #{contractId3,jdbcType=VARCHAR},
      contract_id4 = #{contractId4,jdbcType=VARCHAR},
      batch_id = #{batchId,jdbcType=VARCHAR}
    where id = #{id,jdbcType=VARCHAR}
  </update>
</mapper>