<?xml version="1.0" encoding="UTF-8"?>
<!DOCTYPE mapper PUBLIC "-//mybatis.org//DTD Mapper 3.0//EN" "http://mybatis.org/dtd/mybatis-3-mapper.dtd">
<mapper namespace="com.zng.mapper.TFinancialstatementMapper">
  <resultMap id="BaseResultMap" type="com.zng.model.TFinancialstatement">
    <id column="id" jdbcType="VARCHAR" property="id" />
    <result column="login_id" jdbcType="VARCHAR" property="loginId" />
    <result column="query_url" jdbcType="VARCHAR" property="queryUrl" />
    <result column="create_time" jdbcType="VARCHAR" property="createTime" />
    <result column="update_time" jdbcType="VARCHAR" property="updateTime" />
    <result column="title" jdbcType="VARCHAR" property="title" />
  </resultMap>
  <sql id="Base_Column_List">
    id, login_id, query_url, create_time, update_time, title
  </sql>
  <select id="selectByPrimaryKey" parameterType="java.lang.String" resultMap="BaseResultMap">
    select 
    <include refid="Base_Column_List" />
    from t_financialstatement
    where id = #{id,jdbcType=VARCHAR}
  </select>
  <delete id="deleteByPrimaryKey" parameterType="java.lang.String">
    delete from t_financialstatement
    where id = #{id,jdbcType=VARCHAR}
  </delete>
  <insert id="insert" parameterType="com.zng.model.TFinancialstatement">
    insert into t_financialstatement (id, login_id, query_url, 
      create_time, update_time, title
      )
    values (#{id,jdbcType=VARCHAR}, #{loginId,jdbcType=VARCHAR}, #{queryUrl,jdbcType=VARCHAR}, 
      #{createTime,jdbcType=VARCHAR}, #{updateTime,jdbcType=VARCHAR}, #{title,jdbcType=VARCHAR}
      )
  </insert>
  <insert id="insertSelective" parameterType="com.zng.model.TFinancialstatement">
    insert into t_financialstatement
    <trim prefix="(" suffix=")" suffixOverrides=",">
      <if test="id != null">
        id,
      </if>
      <if test="loginId != null">
        login_id,
      </if>
      <if test="queryUrl != null">
        query_url,
      </if>
      <if test="createTime != null">
        create_time,
      </if>
      <if test="updateTime != null">
        update_time,
      </if>
      <if test="title != null">
        title,
      </if>
    </trim>
    <trim prefix="values (" suffix=")" suffixOverrides=",">
      <if test="id != null">
        #{id,jdbcType=VARCHAR},
      </if>
      <if test="loginId != null">
        #{loginId,jdbcType=VARCHAR},
      </if>
      <if test="queryUrl != null">
        #{queryUrl,jdbcType=VARCHAR},
      </if>
      <if test="createTime != null">
        #{createTime,jdbcType=VARCHAR},
      </if>
      <if test="updateTime != null">
        #{updateTime,jdbcType=VARCHAR},
      </if>
      <if test="title != null">
        #{title,jdbcType=VARCHAR},
      </if>
    </trim>
  </insert>
  <update id="updateByPrimaryKeySelective" parameterType="com.zng.model.TFinancialstatement">
    update t_financialstatement
    <set>
      <if test="loginId != null">
        login_id = #{loginId,jdbcType=VARCHAR},
      </if>
      <if test="queryUrl != null">
        query_url = #{queryUrl,jdbcType=VARCHAR},
      </if>
      <if test="createTime != null">
        create_time = #{createTime,jdbcType=VARCHAR},
      </if>
      <if test="updateTime != null">
        update_time = #{updateTime,jdbcType=VARCHAR},
      </if>
      <if test="title != null">
        title = #{title,jdbcType=VARCHAR},
      </if>
    </set>
    where id = #{id,jdbcType=VARCHAR}
  </update>
  <update id="updateByPrimaryKey" parameterType="com.zng.model.TFinancialstatement">
    update t_financialstatement
    set login_id = #{loginId,jdbcType=VARCHAR},
      query_url = #{queryUrl,jdbcType=VARCHAR},
      create_time = #{createTime,jdbcType=VARCHAR},
      update_time = #{updateTime,jdbcType=VARCHAR},
      title = #{title,jdbcType=VARCHAR}
    where id = #{id,jdbcType=VARCHAR}
  </update>
</mapper>