<?xml version="1.0" encoding="UTF-8"?>
<!DOCTYPE mapper PUBLIC "-//mybatis.org//DTD Mapper 3.0//EN" "http://mybatis.org/dtd/mybatis-3-mapper.dtd">
<mapper namespace="com.zng.mapper.TFrozenMapper">
  <resultMap id="BaseResultMap" type="com.zng.model.TFrozen">
    <id column="id" jdbcType="VARCHAR" property="id" />
    <result column="name" jdbcType="VARCHAR" property="name" />
    <result column="phone" jdbcType="VARCHAR" property="phone" />
    <result column="token" jdbcType="DECIMAL" property="token" />
    <result column="money" jdbcType="DECIMAL" property="money" />
    <result column="cycle" jdbcType="VARCHAR" property="cycle" />
    <result column="type" jdbcType="VARCHAR" property="type" />
    <result column="state" jdbcType="VARCHAR" property="state" />
    <result column="start_time" jdbcType="VARCHAR" property="startTime" />
    <result column="end_time" jdbcType="VARCHAR" property="endTime" />
    <result column="create_time" jdbcType="VARCHAR" property="createTime" />
    <result column="update_time" jdbcType="VARCHAR" property="updateTime" />
    <result column="item_id" jdbcType="VARCHAR" property="itemId" />
    <result column="login_id" jdbcType="VARCHAR" property="loginId" />
    <result column="token_value" jdbcType="DECIMAL" property="tokenValue" />
    <result column="order_id" jdbcType="VARCHAR" property="orderId" />
    <result column="total" jdbcType="DECIMAL" property="total" />
    <result column="pay_style" jdbcType="VARCHAR" property="payStyle" />
  </resultMap>
  <sql id="Base_Column_List">
    id, name, phone, token, money, cycle, type, state, start_time, end_time, create_time, 
    update_time, item_id, login_id, token_value, order_id, total, pay_style
  </sql>
  <select id="selectByPrimaryKey" parameterType="java.lang.String" resultMap="BaseResultMap">
    select 
    <include refid="Base_Column_List" />
    from t_frozen
    where id = #{id,jdbcType=VARCHAR}
  </select>
  <delete id="deleteByPrimaryKey" parameterType="java.lang.String">
    delete from t_frozen
    where id = #{id,jdbcType=VARCHAR}
  </delete>
  <insert id="insert" parameterType="com.zng.model.TFrozen">
    insert into t_frozen (id, name, phone, 
      token, money, cycle, 
      type, state, start_time, 
      end_time, create_time, update_time, 
      item_id, login_id, token_value, 
      order_id, total, pay_style
      )
    values (#{id,jdbcType=VARCHAR}, #{name,jdbcType=VARCHAR}, #{phone,jdbcType=VARCHAR}, 
      #{token,jdbcType=DECIMAL}, #{money,jdbcType=DECIMAL}, #{cycle,jdbcType=VARCHAR}, 
      #{type,jdbcType=VARCHAR}, #{state,jdbcType=VARCHAR}, #{startTime,jdbcType=VARCHAR}, 
      #{endTime,jdbcType=VARCHAR}, #{createTime,jdbcType=VARCHAR}, #{updateTime,jdbcType=VARCHAR}, 
      #{itemId,jdbcType=VARCHAR}, #{loginId,jdbcType=VARCHAR}, #{tokenValue,jdbcType=DECIMAL}, 
      #{orderId,jdbcType=VARCHAR}, #{total,jdbcType=DECIMAL}, #{payStyle,jdbcType=VARCHAR}
      )
  </insert>
  <insert id="insertSelective" parameterType="com.zng.model.TFrozen">
    insert into t_frozen
    <trim prefix="(" suffix=")" suffixOverrides=",">
      <if test="id != null">
        id,
      </if>
      <if test="name != null">
        name,
      </if>
      <if test="phone != null">
        phone,
      </if>
      <if test="token != null">
        token,
      </if>
      <if test="money != null">
        money,
      </if>
      <if test="cycle != null">
        cycle,
      </if>
      <if test="type != null">
        type,
      </if>
      <if test="state != null">
        state,
      </if>
      <if test="startTime != null">
        start_time,
      </if>
      <if test="endTime != null">
        end_time,
      </if>
      <if test="createTime != null">
        create_time,
      </if>
      <if test="updateTime != null">
        update_time,
      </if>
      <if test="itemId != null">
        item_id,
      </if>
      <if test="loginId != null">
        login_id,
      </if>
      <if test="tokenValue != null">
        token_value,
      </if>
      <if test="orderId != null">
        order_id,
      </if>
      <if test="total != null">
        total,
      </if>
      <if test="payStyle != null">
        pay_style,
      </if>
    </trim>
    <trim prefix="values (" suffix=")" suffixOverrides=",">
      <if test="id != null">
        #{id,jdbcType=VARCHAR},
      </if>
      <if test="name != null">
        #{name,jdbcType=VARCHAR},
      </if>
      <if test="phone != null">
        #{phone,jdbcType=VARCHAR},
      </if>
      <if test="token != null">
        #{token,jdbcType=DECIMAL},
      </if>
      <if test="money != null">
        #{money,jdbcType=DECIMAL},
      </if>
      <if test="cycle != null">
        #{cycle,jdbcType=VARCHAR},
      </if>
      <if test="type != null">
        #{type,jdbcType=VARCHAR},
      </if>
      <if test="state != null">
        #{state,jdbcType=VARCHAR},
      </if>
      <if test="startTime != null">
        #{startTime,jdbcType=VARCHAR},
      </if>
      <if test="endTime != null">
        #{endTime,jdbcType=VARCHAR},
      </if>
      <if test="createTime != null">
        #{createTime,jdbcType=VARCHAR},
      </if>
      <if test="updateTime != null">
        #{updateTime,jdbcType=VARCHAR},
      </if>
      <if test="itemId != null">
        #{itemId,jdbcType=VARCHAR},
      </if>
      <if test="loginId != null">
        #{loginId,jdbcType=VARCHAR},
      </if>
      <if test="tokenValue != null">
        #{tokenValue,jdbcType=DECIMAL},
      </if>
      <if test="orderId != null">
        #{orderId,jdbcType=VARCHAR},
      </if>
      <if test="total != null">
        #{total,jdbcType=DECIMAL},
      </if>
      <if test="payStyle != null">
        #{payStyle,jdbcType=VARCHAR},
      </if>
    </trim>
  </insert>
  <update id="updateByPrimaryKeySelective" parameterType="com.zng.model.TFrozen">
    update t_frozen
    <set>
      <if test="name != null">
        name = #{name,jdbcType=VARCHAR},
      </if>
      <if test="phone != null">
        phone = #{phone,jdbcType=VARCHAR},
      </if>
      <if test="token != null">
        token = #{token,jdbcType=DECIMAL},
      </if>
      <if test="money != null">
        money = #{money,jdbcType=DECIMAL},
      </if>
      <if test="cycle != null">
        cycle = #{cycle,jdbcType=VARCHAR},
      </if>
      <if test="type != null">
        type = #{type,jdbcType=VARCHAR},
      </if>
      <if test="state != null">
        state = #{state,jdbcType=VARCHAR},
      </if>
      <if test="startTime != null">
        start_time = #{startTime,jdbcType=VARCHAR},
      </if>
      <if test="endTime != null">
        end_time = #{endTime,jdbcType=VARCHAR},
      </if>
      <if test="createTime != null">
        create_time = #{createTime,jdbcType=VARCHAR},
      </if>
      <if test="updateTime != null">
        update_time = #{updateTime,jdbcType=VARCHAR},
      </if>
      <if test="itemId != null">
        item_id = #{itemId,jdbcType=VARCHAR},
      </if>
      <if test="loginId != null">
        login_id = #{loginId,jdbcType=VARCHAR},
      </if>
      <if test="tokenValue != null">
        token_value = #{tokenValue,jdbcType=DECIMAL},
      </if>
      <if test="orderId != null">
        order_id = #{orderId,jdbcType=VARCHAR},
      </if>
      <if test="total != null">
        total = #{total,jdbcType=DECIMAL},
      </if>
      <if test="payStyle != null">
        pay_style = #{payStyle,jdbcType=VARCHAR},
      </if>
    </set>
    where id = #{id,jdbcType=VARCHAR}
  </update>
  <update id="updateByPrimaryKey" parameterType="com.zng.model.TFrozen">
    update t_frozen
    set name = #{name,jdbcType=VARCHAR},
      phone = #{phone,jdbcType=VARCHAR},
      token = #{token,jdbcType=DECIMAL},
      money = #{money,jdbcType=DECIMAL},
      cycle = #{cycle,jdbcType=VARCHAR},
      type = #{type,jdbcType=VARCHAR},
      state = #{state,jdbcType=VARCHAR},
      start_time = #{startTime,jdbcType=VARCHAR},
      end_time = #{endTime,jdbcType=VARCHAR},
      create_time = #{createTime,jdbcType=VARCHAR},
      update_time = #{updateTime,jdbcType=VARCHAR},
      item_id = #{itemId,jdbcType=VARCHAR},
      login_id = #{loginId,jdbcType=VARCHAR},
      token_value = #{tokenValue,jdbcType=DECIMAL},
      order_id = #{orderId,jdbcType=VARCHAR},
      total = #{total,jdbcType=DECIMAL},
      pay_style = #{payStyle,jdbcType=VARCHAR}
    where id = #{id,jdbcType=VARCHAR}
  </update>
</mapper>