<?xml version="1.0" encoding="UTF-8"?>
<!DOCTYPE mapper PUBLIC "-//mybatis.org//DTD Mapper 3.0//EN" "http://mybatis.org/dtd/mybatis-3-mapper.dtd">
<mapper namespace="com.zng.mapper.TGiftsbuyinformationMapper">
  <resultMap id="BaseResultMap" type="com.zng.model.TGiftsbuyinformation">
    <id column="id" jdbcType="VARCHAR" property="id" />
    <result column="create_time" jdbcType="VARCHAR" property="createTime" />
    <result column="login_id" jdbcType="VARCHAR" property="loginId" />
    <result column="state" jdbcType="VARCHAR" property="state" />
    <result column="update_time" jdbcType="VARCHAR" property="updateTime" />
    <result column="giftsbuy_id" jdbcType="VARCHAR" property="giftsbuyId" />
  </resultMap>
  <sql id="Base_Column_List">
    id, create_time, login_id, state, update_time, giftsbuy_id
  </sql>
  <select id="selectByPrimaryKey" parameterType="java.lang.String" resultMap="BaseResultMap">
    select 
    <include refid="Base_Column_List" />
    from t_giftsbuyinformation
    where id = #{id,jdbcType=VARCHAR}
  </select>
  <delete id="deleteByPrimaryKey" parameterType="java.lang.String">
    delete from t_giftsbuyinformation
    where id = #{id,jdbcType=VARCHAR}
  </delete>
  <insert id="insert" parameterType="com.zng.model.TGiftsbuyinformation">
    insert into t_giftsbuyinformation (id, create_time, login_id, 
      state, update_time, giftsbuy_id
      )
    values (#{id,jdbcType=VARCHAR}, #{createTime,jdbcType=VARCHAR}, #{loginId,jdbcType=VARCHAR}, 
      #{state,jdbcType=VARCHAR}, #{updateTime,jdbcType=VARCHAR}, #{giftsbuyId,jdbcType=VARCHAR}
      )
  </insert>
  <insert id="insertSelective" parameterType="com.zng.model.TGiftsbuyinformation">
    insert into t_giftsbuyinformation
    <trim prefix="(" suffix=")" suffixOverrides=",">
      <if test="id != null">
        id,
      </if>
      <if test="createTime != null">
        create_time,
      </if>
      <if test="loginId != null">
        login_id,
      </if>
      <if test="state != null">
        state,
      </if>
      <if test="updateTime != null">
        update_time,
      </if>
      <if test="giftsbuyId != null">
        giftsbuy_id,
      </if>
    </trim>
    <trim prefix="values (" suffix=")" suffixOverrides=",">
      <if test="id != null">
        #{id,jdbcType=VARCHAR},
      </if>
      <if test="createTime != null">
        #{createTime,jdbcType=VARCHAR},
      </if>
      <if test="loginId != null">
        #{loginId,jdbcType=VARCHAR},
      </if>
      <if test="state != null">
        #{state,jdbcType=VARCHAR},
      </if>
      <if test="updateTime != null">
        #{updateTime,jdbcType=VARCHAR},
      </if>
      <if test="giftsbuyId != null">
        #{giftsbuyId,jdbcType=VARCHAR},
      </if>
    </trim>
  </insert>
  <update id="updateByPrimaryKeySelective" parameterType="com.zng.model.TGiftsbuyinformation">
    update t_giftsbuyinformation
    <set>
      <if test="createTime != null">
        create_time = #{createTime,jdbcType=VARCHAR},
      </if>
      <if test="loginId != null">
        login_id = #{loginId,jdbcType=VARCHAR},
      </if>
      <if test="state != null">
        state = #{state,jdbcType=VARCHAR},
      </if>
      <if test="updateTime != null">
        update_time = #{updateTime,jdbcType=VARCHAR},
      </if>
      <if test="giftsbuyId != null">
        giftsbuy_id = #{giftsbuyId,jdbcType=VARCHAR},
      </if>
    </set>
    where id = #{id,jdbcType=VARCHAR}
  </update>
  <update id="updateByPrimaryKey" parameterType="com.zng.model.TGiftsbuyinformation">
    update t_giftsbuyinformation
    set create_time = #{createTime,jdbcType=VARCHAR},
      login_id = #{loginId,jdbcType=VARCHAR},
      state = #{state,jdbcType=VARCHAR},
      update_time = #{updateTime,jdbcType=VARCHAR},
      giftsbuy_id = #{giftsbuyId,jdbcType=VARCHAR}
    where id = #{id,jdbcType=VARCHAR}
  </update>
</mapper>