<?xml version="1.0" encoding="UTF-8"?>
<!DOCTYPE mapper PUBLIC "-//mybatis.org//DTD Mapper 3.0//EN" "http://mybatis.org/dtd/mybatis-3-mapper.dtd">
<mapper namespace="com.zng.mapper.TGiftsbuyteamMapper">
  <resultMap id="BaseResultMap" type="com.zng.model.TGiftsbuyteam">
    <id column="id" jdbcType="VARCHAR" property="id" />
    <result column="login_id" jdbcType="VARCHAR" property="loginId" />
    <result column="inviter_login" jdbcType="VARCHAR" property="inviterLogin" />
    <result column="state" jdbcType="VARCHAR" property="state" />
    <result column="create_time" jdbcType="VARCHAR" property="createTime" />
    <result column="update_time" jdbcType="VARCHAR" property="updateTime" />
  </resultMap>
  <sql id="Base_Column_List">
    id, login_id, inviter_login, state, create_time, update_time
  </sql>
  <select id="selectByPrimaryKey" parameterType="java.lang.String" resultMap="BaseResultMap">
    select 
    <include refid="Base_Column_List" />
    from t_giftsbuyteam
    where id = #{id,jdbcType=VARCHAR}
  </select>
  <delete id="deleteByPrimaryKey" parameterType="java.lang.String">
    delete from t_giftsbuyteam
    where id = #{id,jdbcType=VARCHAR}
  </delete>
  <insert id="insert" parameterType="com.zng.model.TGiftsbuyteam">
    insert into t_giftsbuyteam (id, login_id, inviter_login, 
      state, create_time, update_time
      )
    values (#{id,jdbcType=VARCHAR}, #{loginId,jdbcType=VARCHAR}, #{inviterLogin,jdbcType=VARCHAR}, 
      #{state,jdbcType=VARCHAR}, #{createTime,jdbcType=VARCHAR}, #{updateTime,jdbcType=VARCHAR}
      )
  </insert>
  <insert id="insertSelective" parameterType="com.zng.model.TGiftsbuyteam">
    insert into t_giftsbuyteam
    <trim prefix="(" suffix=")" suffixOverrides=",">
      <if test="id != null">
        id,
      </if>
      <if test="loginId != null">
        login_id,
      </if>
      <if test="inviterLogin != null">
        inviter_login,
      </if>
      <if test="state != null">
        state,
      </if>
      <if test="createTime != null">
        create_time,
      </if>
      <if test="updateTime != null">
        update_time,
      </if>
    </trim>
    <trim prefix="values (" suffix=")" suffixOverrides=",">
      <if test="id != null">
        #{id,jdbcType=VARCHAR},
      </if>
      <if test="loginId != null">
        #{loginId,jdbcType=VARCHAR},
      </if>
      <if test="inviterLogin != null">
        #{inviterLogin,jdbcType=VARCHAR},
      </if>
      <if test="state != null">
        #{state,jdbcType=VARCHAR},
      </if>
      <if test="createTime != null">
        #{createTime,jdbcType=VARCHAR},
      </if>
      <if test="updateTime != null">
        #{updateTime,jdbcType=VARCHAR},
      </if>
    </trim>
  </insert>
  <update id="updateByPrimaryKeySelective" parameterType="com.zng.model.TGiftsbuyteam">
    update t_giftsbuyteam
    <set>
      <if test="loginId != null">
        login_id = #{loginId,jdbcType=VARCHAR},
      </if>
      <if test="inviterLogin != null">
        inviter_login = #{inviterLogin,jdbcType=VARCHAR},
      </if>
      <if test="state != null">
        state = #{state,jdbcType=VARCHAR},
      </if>
      <if test="createTime != null">
        create_time = #{createTime,jdbcType=VARCHAR},
      </if>
      <if test="updateTime != null">
        update_time = #{updateTime,jdbcType=VARCHAR},
      </if>
    </set>
    where id = #{id,jdbcType=VARCHAR}
  </update>
  <update id="updateByPrimaryKey" parameterType="com.zng.model.TGiftsbuyteam">
    update t_giftsbuyteam
    set login_id = #{loginId,jdbcType=VARCHAR},
      inviter_login = #{inviterLogin,jdbcType=VARCHAR},
      state = #{state,jdbcType=VARCHAR},
      create_time = #{createTime,jdbcType=VARCHAR},
      update_time = #{updateTime,jdbcType=VARCHAR}
    where id = #{id,jdbcType=VARCHAR}
  </update>
</mapper>