<?xml version="1.0" encoding="UTF-8"?>
<!DOCTYPE mapper PUBLIC "-//mybatis.org//DTD Mapper 3.0//EN" "http://mybatis.org/dtd/mybatis-3-mapper.dtd">
<mapper namespace="com.zng.mapper.TIncomedisburseMapper">
  <resultMap id="BaseResultMap" type="com.zng.model.TIncomedisburse">
    <id column="id" jdbcType="VARCHAR" property="id" />
    <result column="user_login_id" jdbcType="VARCHAR" property="userLoginId" />
    <result column="user_name" jdbcType="VARCHAR" property="userName" />
    <result column="user_phone" jdbcType="VARCHAR" property="userPhone" />
    <result column="out_user_id" jdbcType="VARCHAR" property="outUserId" />
    <result column="out_user_name" jdbcType="VARCHAR" property="outUserName" />
    <result column="out_user_phone" jdbcType="VARCHAR" property="outUserPhone" />
    <result column="money" jdbcType="DECIMAL" property="money" />
    <result column="service_charge" jdbcType="DECIMAL" property="serviceCharge" />
    <result column="state" jdbcType="VARCHAR" property="state" />
    <result column="create_time" jdbcType="VARCHAR" property="createTime" />
    <result column="update_time" jdbcType="VARCHAR" property="updateTime" />
  </resultMap>
  <sql id="Base_Column_List">
    id, user_login_id, user_name, user_phone, out_user_id, out_user_name, out_user_phone, 
    money, service_charge, state, create_time, update_time
  </sql>
  <select id="selectByPrimaryKey" parameterType="java.lang.String" resultMap="BaseResultMap">
    select 
    <include refid="Base_Column_List" />
    from t_incomedisburse
    where id = #{id,jdbcType=VARCHAR}
  </select>
  <delete id="deleteByPrimaryKey" parameterType="java.lang.String">
    delete from t_incomedisburse
    where id = #{id,jdbcType=VARCHAR}
  </delete>
  <insert id="insert" parameterType="com.zng.model.TIncomedisburse">
    insert into t_incomedisburse (id, user_login_id, user_name, 
      user_phone, out_user_id, out_user_name, 
      out_user_phone, money, service_charge, 
      state, create_time, update_time
      )
    values (#{id,jdbcType=VARCHAR}, #{userLoginId,jdbcType=VARCHAR}, #{userName,jdbcType=VARCHAR}, 
      #{userPhone,jdbcType=VARCHAR}, #{outUserId,jdbcType=VARCHAR}, #{outUserName,jdbcType=VARCHAR}, 
      #{outUserPhone,jdbcType=VARCHAR}, #{money,jdbcType=DECIMAL}, #{serviceCharge,jdbcType=DECIMAL}, 
      #{state,jdbcType=VARCHAR}, #{createTime,jdbcType=VARCHAR}, #{updateTime,jdbcType=VARCHAR}
      )
  </insert>
  <insert id="insertSelective" parameterType="com.zng.model.TIncomedisburse">
    insert into t_incomedisburse
    <trim prefix="(" suffix=")" suffixOverrides=",">
      <if test="id != null">
        id,
      </if>
      <if test="userLoginId != null">
        user_login_id,
      </if>
      <if test="userName != null">
        user_name,
      </if>
      <if test="userPhone != null">
        user_phone,
      </if>
      <if test="outUserId != null">
        out_user_id,
      </if>
      <if test="outUserName != null">
        out_user_name,
      </if>
      <if test="outUserPhone != null">
        out_user_phone,
      </if>
      <if test="money != null">
        money,
      </if>
      <if test="serviceCharge != null">
        service_charge,
      </if>
      <if test="state != null">
        state,
      </if>
      <if test="createTime != null">
        create_time,
      </if>
      <if test="updateTime != null">
        update_time,
      </if>
    </trim>
    <trim prefix="values (" suffix=")" suffixOverrides=",">
      <if test="id != null">
        #{id,jdbcType=VARCHAR},
      </if>
      <if test="userLoginId != null">
        #{userLoginId,jdbcType=VARCHAR},
      </if>
      <if test="userName != null">
        #{userName,jdbcType=VARCHAR},
      </if>
      <if test="userPhone != null">
        #{userPhone,jdbcType=VARCHAR},
      </if>
      <if test="outUserId != null">
        #{outUserId,jdbcType=VARCHAR},
      </if>
      <if test="outUserName != null">
        #{outUserName,jdbcType=VARCHAR},
      </if>
      <if test="outUserPhone != null">
        #{outUserPhone,jdbcType=VARCHAR},
      </if>
      <if test="money != null">
        #{money,jdbcType=DECIMAL},
      </if>
      <if test="serviceCharge != null">
        #{serviceCharge,jdbcType=DECIMAL},
      </if>
      <if test="state != null">
        #{state,jdbcType=VARCHAR},
      </if>
      <if test="createTime != null">
        #{createTime,jdbcType=VARCHAR},
      </if>
      <if test="updateTime != null">
        #{updateTime,jdbcType=VARCHAR},
      </if>
    </trim>
  </insert>
  <update id="updateByPrimaryKeySelective" parameterType="com.zng.model.TIncomedisburse">
    update t_incomedisburse
    <set>
      <if test="userLoginId != null">
        user_login_id = #{userLoginId,jdbcType=VARCHAR},
      </if>
      <if test="userName != null">
        user_name = #{userName,jdbcType=VARCHAR},
      </if>
      <if test="userPhone != null">
        user_phone = #{userPhone,jdbcType=VARCHAR},
      </if>
      <if test="outUserId != null">
        out_user_id = #{outUserId,jdbcType=VARCHAR},
      </if>
      <if test="outUserName != null">
        out_user_name = #{outUserName,jdbcType=VARCHAR},
      </if>
      <if test="outUserPhone != null">
        out_user_phone = #{outUserPhone,jdbcType=VARCHAR},
      </if>
      <if test="money != null">
        money = #{money,jdbcType=DECIMAL},
      </if>
      <if test="serviceCharge != null">
        service_charge = #{serviceCharge,jdbcType=DECIMAL},
      </if>
      <if test="state != null">
        state = #{state,jdbcType=VARCHAR},
      </if>
      <if test="createTime != null">
        create_time = #{createTime,jdbcType=VARCHAR},
      </if>
      <if test="updateTime != null">
        update_time = #{updateTime,jdbcType=VARCHAR},
      </if>
    </set>
    where id = #{id,jdbcType=VARCHAR}
  </update>
  <update id="updateByPrimaryKey" parameterType="com.zng.model.TIncomedisburse">
    update t_incomedisburse
    set user_login_id = #{userLoginId,jdbcType=VARCHAR},
      user_name = #{userName,jdbcType=VARCHAR},
      user_phone = #{userPhone,jdbcType=VARCHAR},
      out_user_id = #{outUserId,jdbcType=VARCHAR},
      out_user_name = #{outUserName,jdbcType=VARCHAR},
      out_user_phone = #{outUserPhone,jdbcType=VARCHAR},
      money = #{money,jdbcType=DECIMAL},
      service_charge = #{serviceCharge,jdbcType=DECIMAL},
      state = #{state,jdbcType=VARCHAR},
      create_time = #{createTime,jdbcType=VARCHAR},
      update_time = #{updateTime,jdbcType=VARCHAR}
    where id = #{id,jdbcType=VARCHAR}
  </update>
</mapper>