<?xml version="1.0" encoding="UTF-8"?>
<!DOCTYPE mapper PUBLIC "-//mybatis.org//DTD Mapper 3.0//EN" "http://mybatis.org/dtd/mybatis-3-mapper.dtd">
<mapper namespace="com.zng.mapper.TInformationMapper">
  <resultMap id="BaseResultMap" type="com.zng.model.TInformation">
    <id column="id" jdbcType="VARCHAR" property="id" />
    <result column="nick_name" jdbcType="VARCHAR" property="nickName" />
    <result column="id_number" jdbcType="VARCHAR" property="idNumber" />
    <result column="evaluate" jdbcType="VARCHAR" property="evaluate" />
    <result column="parents_id" jdbcType="VARCHAR" property="parentsId" />
    <result column="good_at" jdbcType="VARCHAR" property="goodAt" />
    <result column="credit" jdbcType="VARCHAR" property="credit" />
    <result column="state" jdbcType="VARCHAR" property="state" />
    <result column="create_time" jdbcType="VARCHAR" property="createTime" />
    <result column="update_time" jdbcType="VARCHAR" property="updateTime" />
    <result column="login_id" jdbcType="VARCHAR" property="loginId" />
    <result column="grand_parents_id" jdbcType="VARCHAR" property="grandParentsId" />
    <result column="role_id" jdbcType="VARCHAR" property="roleId" />
    <result column="type" jdbcType="VARCHAR" property="type" />
    <result column="invitation_code" jdbcType="VARCHAR" property="invitationCode" />
    <result column="portrait_url" jdbcType="VARCHAR" property="portraitUrl" />
    <result column="total_sum" jdbcType="DOUBLE" property="totalSum" />
    <result column="sum" jdbcType="VARCHAR" property="sum" />
    <result column="sex" jdbcType="VARCHAR" property="sex" />
    <result column="birthday" jdbcType="VARCHAR" property="birthday" />
    <result column="details" jdbcType="VARCHAR" property="details" />
    <result column="consultant" jdbcType="VARCHAR" property="consultant" />
    <result column="is_class_committee" jdbcType="VARCHAR" property="isClassCommittee" />
    <result column="cancel_class_committee_time" jdbcType="VARCHAR" property="cancelClassCommitteeTime" />
    <result column="activation_num" jdbcType="INTEGER" property="activationNum" />
    <result column="performance" jdbcType="DECIMAL" property="performance" />
    <result column="big_hero_state" jdbcType="VARCHAR" property="bigHeroState" />
    <result column="failed_num" jdbcType="INTEGER" property="failedNum" />
    <result column="is_modify_parent" jdbcType="VARCHAR" property="isModifyParent" />
    <result column="together_buy_state" jdbcType="VARCHAR" property="togetherBuyState" />
    <result column="month_buy_state" jdbcType="VARCHAR" property="monthBuyState" />
    <result column="modify_num" jdbcType="INTEGER" property="modifyNum" />
    <result column="is_modify_num" jdbcType="INTEGER" property="isModifyNum" />
    <result column="customization_buy_state" jdbcType="VARCHAR" property="customizationBuyState" />
    <result column="bind_time" jdbcType="VARCHAR" property="bindTime" />
    <result column="is_bai_yi" jdbcType="VARCHAR" property="isBaiYi" />
    <result column="is_promote_three" jdbcType="VARCHAR" property="isPromoteThree" />
    <result column="is_community" jdbcType="VARCHAR" property="isCommunity" />
    <result column="is_pledge" jdbcType="VARCHAR" property="isPledge" />
  </resultMap>
  <sql id="Base_Column_List">
    id, nick_name, id_number, evaluate, parents_id, good_at, credit, state, create_time, 
    update_time, login_id, grand_parents_id, role_id, type, invitation_code, portrait_url, 
    total_sum, sum, sex, birthday, details, consultant, is_class_committee, cancel_class_committee_time, 
    activation_num, performance, big_hero_state, failed_num, is_modify_parent, together_buy_state, 
    month_buy_state, modify_num, is_modify_num, customization_buy_state, bind_time, is_bai_yi, 
    is_promote_three, is_community, is_pledge
  </sql>
  <select id="selectByPrimaryKey" parameterType="java.lang.String" resultMap="BaseResultMap">
    select 
    <include refid="Base_Column_List" />
    from t_information
    where id = #{id,jdbcType=VARCHAR}
  </select>
  <delete id="deleteByPrimaryKey" parameterType="java.lang.String">
    delete from t_information
    where id = #{id,jdbcType=VARCHAR}
  </delete>
  <insert id="insert" parameterType="com.zng.model.TInformation">
    insert into t_information (id, nick_name, id_number, 
      evaluate, parents_id, good_at, 
      credit, state, create_time, 
      update_time, login_id, grand_parents_id, 
      role_id, type, invitation_code, 
      portrait_url, total_sum, sum, 
      sex, birthday, details, 
      consultant, is_class_committee, cancel_class_committee_time, 
      activation_num, performance, big_hero_state, 
      failed_num, is_modify_parent, together_buy_state, 
      month_buy_state, modify_num, is_modify_num, 
      customization_buy_state, bind_time, is_bai_yi, 
      is_promote_three, is_community, is_pledge
      )
    values (#{id,jdbcType=VARCHAR}, #{nickName,jdbcType=VARCHAR}, #{idNumber,jdbcType=VARCHAR}, 
      #{evaluate,jdbcType=VARCHAR}, #{parentsId,jdbcType=VARCHAR}, #{goodAt,jdbcType=VARCHAR}, 
      #{credit,jdbcType=VARCHAR}, #{state,jdbcType=VARCHAR}, #{createTime,jdbcType=VARCHAR}, 
      #{updateTime,jdbcType=VARCHAR}, #{loginId,jdbcType=VARCHAR}, #{grandParentsId,jdbcType=VARCHAR}, 
      #{roleId,jdbcType=VARCHAR}, #{type,jdbcType=VARCHAR}, #{invitationCode,jdbcType=VARCHAR}, 
      #{portraitUrl,jdbcType=VARCHAR}, #{totalSum,jdbcType=DOUBLE}, #{sum,jdbcType=VARCHAR}, 
      #{sex,jdbcType=VARCHAR}, #{birthday,jdbcType=VARCHAR}, #{details,jdbcType=VARCHAR}, 
      #{consultant,jdbcType=VARCHAR}, #{isClassCommittee,jdbcType=VARCHAR}, #{cancelClassCommitteeTime,jdbcType=VARCHAR}, 
      #{activationNum,jdbcType=INTEGER}, #{performance,jdbcType=DECIMAL}, #{bigHeroState,jdbcType=VARCHAR}, 
      #{failedNum,jdbcType=INTEGER}, #{isModifyParent,jdbcType=VARCHAR}, #{togetherBuyState,jdbcType=VARCHAR}, 
      #{monthBuyState,jdbcType=VARCHAR}, #{modifyNum,jdbcType=INTEGER}, #{isModifyNum,jdbcType=INTEGER}, 
      #{customizationBuyState,jdbcType=VARCHAR}, #{bindTime,jdbcType=VARCHAR}, #{isBaiYi,jdbcType=VARCHAR}, 
      #{isPromoteThree,jdbcType=VARCHAR}, #{isCommunity,jdbcType=VARCHAR}, #{isPledge,jdbcType=VARCHAR}
      )
  </insert>
  <insert id="insertSelective" parameterType="com.zng.model.TInformation">
    insert into t_information
    <trim prefix="(" suffix=")" suffixOverrides=",">
      <if test="id != null">
        id,
      </if>
      <if test="nickName != null">
        nick_name,
      </if>
      <if test="idNumber != null">
        id_number,
      </if>
      <if test="evaluate != null">
        evaluate,
      </if>
      <if test="parentsId != null">
        parents_id,
      </if>
      <if test="goodAt != null">
        good_at,
      </if>
      <if test="credit != null">
        credit,
      </if>
      <if test="state != null">
        state,
      </if>
      <if test="createTime != null">
        create_time,
      </if>
      <if test="updateTime != null">
        update_time,
      </if>
      <if test="loginId != null">
        login_id,
      </if>
      <if test="grandParentsId != null">
        grand_parents_id,
      </if>
      <if test="roleId != null">
        role_id,
      </if>
      <if test="type != null">
        type,
      </if>
      <if test="invitationCode != null">
        invitation_code,
      </if>
      <if test="portraitUrl != null">
        portrait_url,
      </if>
      <if test="totalSum != null">
        total_sum,
      </if>
      <if test="sum != null">
        sum,
      </if>
      <if test="sex != null">
        sex,
      </if>
      <if test="birthday != null">
        birthday,
      </if>
      <if test="details != null">
        details,
      </if>
      <if test="consultant != null">
        consultant,
      </if>
      <if test="isClassCommittee != null">
        is_class_committee,
      </if>
      <if test="cancelClassCommitteeTime != null">
        cancel_class_committee_time,
      </if>
      <if test="activationNum != null">
        activation_num,
      </if>
      <if test="performance != null">
        performance,
      </if>
      <if test="bigHeroState != null">
        big_hero_state,
      </if>
      <if test="failedNum != null">
        failed_num,
      </if>
      <if test="isModifyParent != null">
        is_modify_parent,
      </if>
      <if test="togetherBuyState != null">
        together_buy_state,
      </if>
      <if test="monthBuyState != null">
        month_buy_state,
      </if>
      <if test="modifyNum != null">
        modify_num,
      </if>
      <if test="isModifyNum != null">
        is_modify_num,
      </if>
      <if test="customizationBuyState != null">
        customization_buy_state,
      </if>
      <if test="bindTime != null">
        bind_time,
      </if>
      <if test="isBaiYi != null">
        is_bai_yi,
      </if>
      <if test="isPromoteThree != null">
        is_promote_three,
      </if>
      <if test="isCommunity != null">
        is_community,
      </if>
      <if test="isPledge != null">
        is_pledge,
      </if>
    </trim>
    <trim prefix="values (" suffix=")" suffixOverrides=",">
      <if test="id != null">
        #{id,jdbcType=VARCHAR},
      </if>
      <if test="nickName != null">
        #{nickName,jdbcType=VARCHAR},
      </if>
      <if test="idNumber != null">
        #{idNumber,jdbcType=VARCHAR},
      </if>
      <if test="evaluate != null">
        #{evaluate,jdbcType=VARCHAR},
      </if>
      <if test="parentsId != null">
        #{parentsId,jdbcType=VARCHAR},
      </if>
      <if test="goodAt != null">
        #{goodAt,jdbcType=VARCHAR},
      </if>
      <if test="credit != null">
        #{credit,jdbcType=VARCHAR},
      </if>
      <if test="state != null">
        #{state,jdbcType=VARCHAR},
      </if>
      <if test="createTime != null">
        #{createTime,jdbcType=VARCHAR},
      </if>
      <if test="updateTime != null">
        #{updateTime,jdbcType=VARCHAR},
      </if>
      <if test="loginId != null">
        #{loginId,jdbcType=VARCHAR},
      </if>
      <if test="grandParentsId != null">
        #{grandParentsId,jdbcType=VARCHAR},
      </if>
      <if test="roleId != null">
        #{roleId,jdbcType=VARCHAR},
      </if>
      <if test="type != null">
        #{type,jdbcType=VARCHAR},
      </if>
      <if test="invitationCode != null">
        #{invitationCode,jdbcType=VARCHAR},
      </if>
      <if test="portraitUrl != null">
        #{portraitUrl,jdbcType=VARCHAR},
      </if>
      <if test="totalSum != null">
        #{totalSum,jdbcType=DOUBLE},
      </if>
      <if test="sum != null">
        #{sum,jdbcType=VARCHAR},
      </if>
      <if test="sex != null">
        #{sex,jdbcType=VARCHAR},
      </if>
      <if test="birthday != null">
        #{birthday,jdbcType=VARCHAR},
      </if>
      <if test="details != null">
        #{details,jdbcType=VARCHAR},
      </if>
      <if test="consultant != null">
        #{consultant,jdbcType=VARCHAR},
      </if>
      <if test="isClassCommittee != null">
        #{isClassCommittee,jdbcType=VARCHAR},
      </if>
      <if test="cancelClassCommitteeTime != null">
        #{cancelClassCommitteeTime,jdbcType=VARCHAR},
      </if>
      <if test="activationNum != null">
        #{activationNum,jdbcType=INTEGER},
      </if>
      <if test="performance != null">
        #{performance,jdbcType=DECIMAL},
      </if>
      <if test="bigHeroState != null">
        #{bigHeroState,jdbcType=VARCHAR},
      </if>
      <if test="failedNum != null">
        #{failedNum,jdbcType=INTEGER},
      </if>
      <if test="isModifyParent != null">
        #{isModifyParent,jdbcType=VARCHAR},
      </if>
      <if test="togetherBuyState != null">
        #{togetherBuyState,jdbcType=VARCHAR},
      </if>
      <if test="monthBuyState != null">
        #{monthBuyState,jdbcType=VARCHAR},
      </if>
      <if test="modifyNum != null">
        #{modifyNum,jdbcType=INTEGER},
      </if>
      <if test="isModifyNum != null">
        #{isModifyNum,jdbcType=INTEGER},
      </if>
      <if test="customizationBuyState != null">
        #{customizationBuyState,jdbcType=VARCHAR},
      </if>
      <if test="bindTime != null">
        #{bindTime,jdbcType=VARCHAR},
      </if>
      <if test="isBaiYi != null">
        #{isBaiYi,jdbcType=VARCHAR},
      </if>
      <if test="isPromoteThree != null">
        #{isPromoteThree,jdbcType=VARCHAR},
      </if>
      <if test="isCommunity != null">
        #{isCommunity,jdbcType=VARCHAR},
      </if>
      <if test="isPledge != null">
        #{isPledge,jdbcType=VARCHAR},
      </if>
    </trim>
  </insert>
  <update id="updateByPrimaryKeySelective" parameterType="com.zng.model.TInformation">
    update t_information
    <set>
      <if test="nickName != null">
        nick_name = #{nickName,jdbcType=VARCHAR},
      </if>
      <if test="idNumber != null">
        id_number = #{idNumber,jdbcType=VARCHAR},
      </if>
      <if test="evaluate != null">
        evaluate = #{evaluate,jdbcType=VARCHAR},
      </if>
      <if test="parentsId != null">
        parents_id = #{parentsId,jdbcType=VARCHAR},
      </if>
      <if test="goodAt != null">
        good_at = #{goodAt,jdbcType=VARCHAR},
      </if>
      <if test="credit != null">
        credit = #{credit,jdbcType=VARCHAR},
      </if>
      <if test="state != null">
        state = #{state,jdbcType=VARCHAR},
      </if>
      <if test="createTime != null">
        create_time = #{createTime,jdbcType=VARCHAR},
      </if>
      <if test="updateTime != null">
        update_time = #{updateTime,jdbcType=VARCHAR},
      </if>
      <if test="loginId != null">
        login_id = #{loginId,jdbcType=VARCHAR},
      </if>
      <if test="grandParentsId != null">
        grand_parents_id = #{grandParentsId,jdbcType=VARCHAR},
      </if>
      <if test="roleId != null">
        role_id = #{roleId,jdbcType=VARCHAR},
      </if>
      <if test="type != null">
        type = #{type,jdbcType=VARCHAR},
      </if>
      <if test="invitationCode != null">
        invitation_code = #{invitationCode,jdbcType=VARCHAR},
      </if>
      <if test="portraitUrl != null">
        portrait_url = #{portraitUrl,jdbcType=VARCHAR},
      </if>
      <if test="totalSum != null">
        total_sum = #{totalSum,jdbcType=DOUBLE},
      </if>
      <if test="sum != null">
        sum = #{sum,jdbcType=VARCHAR},
      </if>
      <if test="sex != null">
        sex = #{sex,jdbcType=VARCHAR},
      </if>
      <if test="birthday != null">
        birthday = #{birthday,jdbcType=VARCHAR},
      </if>
      <if test="details != null">
        details = #{details,jdbcType=VARCHAR},
      </if>
      <if test="consultant != null">
        consultant = #{consultant,jdbcType=VARCHAR},
      </if>
      <if test="isClassCommittee != null">
        is_class_committee = #{isClassCommittee,jdbcType=VARCHAR},
      </if>
      <if test="cancelClassCommitteeTime != null">
        cancel_class_committee_time = #{cancelClassCommitteeTime,jdbcType=VARCHAR},
      </if>
      <if test="activationNum != null">
        activation_num = #{activationNum,jdbcType=INTEGER},
      </if>
      <if test="performance != null">
        performance = #{performance,jdbcType=DECIMAL},
      </if>
      <if test="bigHeroState != null">
        big_hero_state = #{bigHeroState,jdbcType=VARCHAR},
      </if>
      <if test="failedNum != null">
        failed_num = #{failedNum,jdbcType=INTEGER},
      </if>
      <if test="isModifyParent != null">
        is_modify_parent = #{isModifyParent,jdbcType=VARCHAR},
      </if>
      <if test="togetherBuyState != null">
        together_buy_state = #{togetherBuyState,jdbcType=VARCHAR},
      </if>
      <if test="monthBuyState != null">
        month_buy_state = #{monthBuyState,jdbcType=VARCHAR},
      </if>
      <if test="modifyNum != null">
        modify_num = #{modifyNum,jdbcType=INTEGER},
      </if>
      <if test="isModifyNum != null">
        is_modify_num = #{isModifyNum,jdbcType=INTEGER},
      </if>
      <if test="customizationBuyState != null">
        customization_buy_state = #{customizationBuyState,jdbcType=VARCHAR},
      </if>
      <if test="bindTime != null">
        bind_time = #{bindTime,jdbcType=VARCHAR},
      </if>
      <if test="isBaiYi != null">
        is_bai_yi = #{isBaiYi,jdbcType=VARCHAR},
      </if>
      <if test="isPromoteThree != null">
        is_promote_three = #{isPromoteThree,jdbcType=VARCHAR},
      </if>
      <if test="isCommunity != null">
        is_community = #{isCommunity,jdbcType=VARCHAR},
      </if>
      <if test="isPledge != null">
        is_pledge = #{isPledge,jdbcType=VARCHAR},
      </if>
    </set>
    where id = #{id,jdbcType=VARCHAR}
  </update>
  <update id="updateByPrimaryKey" parameterType="com.zng.model.TInformation">
    update t_information
    set nick_name = #{nickName,jdbcType=VARCHAR},
      id_number = #{idNumber,jdbcType=VARCHAR},
      evaluate = #{evaluate,jdbcType=VARCHAR},
      parents_id = #{parentsId,jdbcType=VARCHAR},
      good_at = #{goodAt,jdbcType=VARCHAR},
      credit = #{credit,jdbcType=VARCHAR},
      state = #{state,jdbcType=VARCHAR},
      create_time = #{createTime,jdbcType=VARCHAR},
      update_time = #{updateTime,jdbcType=VARCHAR},
      login_id = #{loginId,jdbcType=VARCHAR},
      grand_parents_id = #{grandParentsId,jdbcType=VARCHAR},
      role_id = #{roleId,jdbcType=VARCHAR},
      type = #{type,jdbcType=VARCHAR},
      invitation_code = #{invitationCode,jdbcType=VARCHAR},
      portrait_url = #{portraitUrl,jdbcType=VARCHAR},
      total_sum = #{totalSum,jdbcType=DOUBLE},
      sum = #{sum,jdbcType=VARCHAR},
      sex = #{sex,jdbcType=VARCHAR},
      birthday = #{birthday,jdbcType=VARCHAR},
      details = #{details,jdbcType=VARCHAR},
      consultant = #{consultant,jdbcType=VARCHAR},
      is_class_committee = #{isClassCommittee,jdbcType=VARCHAR},
      cancel_class_committee_time = #{cancelClassCommitteeTime,jdbcType=VARCHAR},
      activation_num = #{activationNum,jdbcType=INTEGER},
      performance = #{performance,jdbcType=DECIMAL},
      big_hero_state = #{bigHeroState,jdbcType=VARCHAR},
      failed_num = #{failedNum,jdbcType=INTEGER},
      is_modify_parent = #{isModifyParent,jdbcType=VARCHAR},
      together_buy_state = #{togetherBuyState,jdbcType=VARCHAR},
      month_buy_state = #{monthBuyState,jdbcType=VARCHAR},
      modify_num = #{modifyNum,jdbcType=INTEGER},
      is_modify_num = #{isModifyNum,jdbcType=INTEGER},
      customization_buy_state = #{customizationBuyState,jdbcType=VARCHAR},
      bind_time = #{bindTime,jdbcType=VARCHAR},
      is_bai_yi = #{isBaiYi,jdbcType=VARCHAR},
      is_promote_three = #{isPromoteThree,jdbcType=VARCHAR},
      is_community = #{isCommunity,jdbcType=VARCHAR},
      is_pledge = #{isPledge,jdbcType=VARCHAR}
    where id = #{id,jdbcType=VARCHAR}
  </update>
</mapper>