<?xml version="1.0" encoding="UTF-8"?>
<!DOCTYPE mapper PUBLIC "-//mybatis.org//DTD Mapper 3.0//EN" "http://mybatis.org/dtd/mybatis-3-mapper.dtd">
<mapper namespace="com.zng.mapper.TIntegralrecordMapper">
  <resultMap id="BaseResultMap" type="com.zng.model.TIntegralrecord">
    <id column="id" jdbcType="VARCHAR" property="id" />
    <result column="zng" jdbcType="DECIMAL" property="zng" />
    <result column="record" jdbcType="VARCHAR" property="record" />
    <result column="state" jdbcType="VARCHAR" property="state" />
    <result column="create_time" jdbcType="VARCHAR" property="createTime" />
    <result column="update_time" jdbcType="VARCHAR" property="updateTime" />
    <result column="login_id" jdbcType="VARCHAR" property="loginId" />
  </resultMap>
  <sql id="Base_Column_List">
    id, zng, record, state, create_time, update_time, login_id
  </sql>
  <select id="selectByPrimaryKey" parameterType="java.lang.String" resultMap="BaseResultMap">
    select 
    <include refid="Base_Column_List" />
    from t_integralrecord
    where id = #{id,jdbcType=VARCHAR}
  </select>
  <delete id="deleteByPrimaryKey" parameterType="java.lang.String">
    delete from t_integralrecord
    where id = #{id,jdbcType=VARCHAR}
  </delete>
  <insert id="insert" parameterType="com.zng.model.TIntegralrecord">
    insert into t_integralrecord (id, zng, record, 
      state, create_time, update_time, 
      login_id)
    values (#{id,jdbcType=VARCHAR}, #{zng,jdbcType=DECIMAL}, #{record,jdbcType=VARCHAR}, 
      #{state,jdbcType=VARCHAR}, #{createTime,jdbcType=VARCHAR}, #{updateTime,jdbcType=VARCHAR}, 
      #{loginId,jdbcType=VARCHAR})
  </insert>
  <insert id="insertSelective" parameterType="com.zng.model.TIntegralrecord">
    insert into t_integralrecord
    <trim prefix="(" suffix=")" suffixOverrides=",">
      <if test="id != null">
        id,
      </if>
      <if test="zng != null">
        zng,
      </if>
      <if test="record != null">
        record,
      </if>
      <if test="state != null">
        state,
      </if>
      <if test="createTime != null">
        create_time,
      </if>
      <if test="updateTime != null">
        update_time,
      </if>
      <if test="loginId != null">
        login_id,
      </if>
    </trim>
    <trim prefix="values (" suffix=")" suffixOverrides=",">
      <if test="id != null">
        #{id,jdbcType=VARCHAR},
      </if>
      <if test="zng != null">
        #{zng,jdbcType=DECIMAL},
      </if>
      <if test="record != null">
        #{record,jdbcType=VARCHAR},
      </if>
      <if test="state != null">
        #{state,jdbcType=VARCHAR},
      </if>
      <if test="createTime != null">
        #{createTime,jdbcType=VARCHAR},
      </if>
      <if test="updateTime != null">
        #{updateTime,jdbcType=VARCHAR},
      </if>
      <if test="loginId != null">
        #{loginId,jdbcType=VARCHAR},
      </if>
    </trim>
  </insert>
  <update id="updateByPrimaryKeySelective" parameterType="com.zng.model.TIntegralrecord">
    update t_integralrecord
    <set>
      <if test="zng != null">
        zng = #{zng,jdbcType=DECIMAL},
      </if>
      <if test="record != null">
        record = #{record,jdbcType=VARCHAR},
      </if>
      <if test="state != null">
        state = #{state,jdbcType=VARCHAR},
      </if>
      <if test="createTime != null">
        create_time = #{createTime,jdbcType=VARCHAR},
      </if>
      <if test="updateTime != null">
        update_time = #{updateTime,jdbcType=VARCHAR},
      </if>
      <if test="loginId != null">
        login_id = #{loginId,jdbcType=VARCHAR},
      </if>
    </set>
    where id = #{id,jdbcType=VARCHAR}
  </update>
  <update id="updateByPrimaryKey" parameterType="com.zng.model.TIntegralrecord">
    update t_integralrecord
    set zng = #{zng,jdbcType=DECIMAL},
      record = #{record,jdbcType=VARCHAR},
      state = #{state,jdbcType=VARCHAR},
      create_time = #{createTime,jdbcType=VARCHAR},
      update_time = #{updateTime,jdbcType=VARCHAR},
      login_id = #{loginId,jdbcType=VARCHAR}
    where id = #{id,jdbcType=VARCHAR}
  </update>
</mapper>