<?xml version="1.0" encoding="UTF-8"?>
<!DOCTYPE mapper PUBLIC "-//mybatis.org//DTD Mapper 3.0//EN" "http://mybatis.org/dtd/mybatis-3-mapper.dtd">
<mapper namespace="com.zng.mapper.TInvoiceMapper">
  <resultMap id="BaseResultMap" type="com.zng.model.TInvoice">
    <id column="id" jdbcType="VARCHAR" property="id" />
    <result column="create_time" jdbcType="VARCHAR" property="createTime" />
    <result column="update_time" jdbcType="VARCHAR" property="updateTime" />
    <result column="company_name" jdbcType="VARCHAR" property="companyName" />
    <result column="identifier" jdbcType="VARCHAR" property="identifier" />
    <result column="register_phone" jdbcType="VARCHAR" property="registerPhone" />
    <result column="bank" jdbcType="VARCHAR" property="bank" />
    <result column="bank_account" jdbcType="VARCHAR" property="bankAccount" />
    <result column="phone" jdbcType="VARCHAR" property="phone" />
    <result column="email" jdbcType="VARCHAR" property="email" />
    <result column="content" jdbcType="VARCHAR" property="content" />
    <result column="invoice" jdbcType="VARCHAR" property="invoice" />
    <result column="name" jdbcType="VARCHAR" property="name" />
    <result column="state" jdbcType="VARCHAR" property="state" />
    <result column="login_id" jdbcType="VARCHAR" property="loginId" />
    <result column="order_id" jdbcType="VARCHAR" property="orderId" />
    <result column="register_address" jdbcType="VARCHAR" property="registerAddress" />
  </resultMap>
  <sql id="Base_Column_List">
    id, create_time, update_time, company_name, identifier, register_phone, bank, bank_account, 
    phone, email, content, invoice, name, state, login_id, order_id, register_address
  </sql>
  <select id="selectByPrimaryKey" parameterType="java.lang.String" resultMap="BaseResultMap">
    select 
    <include refid="Base_Column_List" />
    from t_invoice
    where id = #{id,jdbcType=VARCHAR}
  </select>
  <delete id="deleteByPrimaryKey" parameterType="java.lang.String">
    delete from t_invoice
    where id = #{id,jdbcType=VARCHAR}
  </delete>
  <insert id="insert" parameterType="com.zng.model.TInvoice">
    insert into t_invoice (id, create_time, update_time, 
      company_name, identifier, register_phone, 
      bank, bank_account, phone, 
      email, content, invoice, 
      name, state, login_id, 
      order_id, register_address)
    values (#{id,jdbcType=VARCHAR}, #{createTime,jdbcType=VARCHAR}, #{updateTime,jdbcType=VARCHAR}, 
      #{companyName,jdbcType=VARCHAR}, #{identifier,jdbcType=VARCHAR}, #{registerPhone,jdbcType=VARCHAR}, 
      #{bank,jdbcType=VARCHAR}, #{bankAccount,jdbcType=VARCHAR}, #{phone,jdbcType=VARCHAR}, 
      #{email,jdbcType=VARCHAR}, #{content,jdbcType=VARCHAR}, #{invoice,jdbcType=VARCHAR}, 
      #{name,jdbcType=VARCHAR}, #{state,jdbcType=VARCHAR}, #{loginId,jdbcType=VARCHAR}, 
      #{orderId,jdbcType=VARCHAR}, #{registerAddress,jdbcType=VARCHAR})
  </insert>
  <insert id="insertSelective" parameterType="com.zng.model.TInvoice">
    insert into t_invoice
    <trim prefix="(" suffix=")" suffixOverrides=",">
      <if test="id != null">
        id,
      </if>
      <if test="createTime != null">
        create_time,
      </if>
      <if test="updateTime != null">
        update_time,
      </if>
      <if test="companyName != null">
        company_name,
      </if>
      <if test="identifier != null">
        identifier,
      </if>
      <if test="registerPhone != null">
        register_phone,
      </if>
      <if test="bank != null">
        bank,
      </if>
      <if test="bankAccount != null">
        bank_account,
      </if>
      <if test="phone != null">
        phone,
      </if>
      <if test="email != null">
        email,
      </if>
      <if test="content != null">
        content,
      </if>
      <if test="invoice != null">
        invoice,
      </if>
      <if test="name != null">
        name,
      </if>
      <if test="state != null">
        state,
      </if>
      <if test="loginId != null">
        login_id,
      </if>
      <if test="orderId != null">
        order_id,
      </if>
      <if test="registerAddress != null">
        register_address,
      </if>
    </trim>
    <trim prefix="values (" suffix=")" suffixOverrides=",">
      <if test="id != null">
        #{id,jdbcType=VARCHAR},
      </if>
      <if test="createTime != null">
        #{createTime,jdbcType=VARCHAR},
      </if>
      <if test="updateTime != null">
        #{updateTime,jdbcType=VARCHAR},
      </if>
      <if test="companyName != null">
        #{companyName,jdbcType=VARCHAR},
      </if>
      <if test="identifier != null">
        #{identifier,jdbcType=VARCHAR},
      </if>
      <if test="registerPhone != null">
        #{registerPhone,jdbcType=VARCHAR},
      </if>
      <if test="bank != null">
        #{bank,jdbcType=VARCHAR},
      </if>
      <if test="bankAccount != null">
        #{bankAccount,jdbcType=VARCHAR},
      </if>
      <if test="phone != null">
        #{phone,jdbcType=VARCHAR},
      </if>
      <if test="email != null">
        #{email,jdbcType=VARCHAR},
      </if>
      <if test="content != null">
        #{content,jdbcType=VARCHAR},
      </if>
      <if test="invoice != null">
        #{invoice,jdbcType=VARCHAR},
      </if>
      <if test="name != null">
        #{name,jdbcType=VARCHAR},
      </if>
      <if test="state != null">
        #{state,jdbcType=VARCHAR},
      </if>
      <if test="loginId != null">
        #{loginId,jdbcType=VARCHAR},
      </if>
      <if test="orderId != null">
        #{orderId,jdbcType=VARCHAR},
      </if>
      <if test="registerAddress != null">
        #{registerAddress,jdbcType=VARCHAR},
      </if>
    </trim>
  </insert>
  <update id="updateByPrimaryKeySelective" parameterType="com.zng.model.TInvoice">
    update t_invoice
    <set>
      <if test="createTime != null">
        create_time = #{createTime,jdbcType=VARCHAR},
      </if>
      <if test="updateTime != null">
        update_time = #{updateTime,jdbcType=VARCHAR},
      </if>
      <if test="companyName != null">
        company_name = #{companyName,jdbcType=VARCHAR},
      </if>
      <if test="identifier != null">
        identifier = #{identifier,jdbcType=VARCHAR},
      </if>
      <if test="registerPhone != null">
        register_phone = #{registerPhone,jdbcType=VARCHAR},
      </if>
      <if test="bank != null">
        bank = #{bank,jdbcType=VARCHAR},
      </if>
      <if test="bankAccount != null">
        bank_account = #{bankAccount,jdbcType=VARCHAR},
      </if>
      <if test="phone != null">
        phone = #{phone,jdbcType=VARCHAR},
      </if>
      <if test="email != null">
        email = #{email,jdbcType=VARCHAR},
      </if>
      <if test="content != null">
        content = #{content,jdbcType=VARCHAR},
      </if>
      <if test="invoice != null">
        invoice = #{invoice,jdbcType=VARCHAR},
      </if>
      <if test="name != null">
        name = #{name,jdbcType=VARCHAR},
      </if>
      <if test="state != null">
        state = #{state,jdbcType=VARCHAR},
      </if>
      <if test="loginId != null">
        login_id = #{loginId,jdbcType=VARCHAR},
      </if>
      <if test="orderId != null">
        order_id = #{orderId,jdbcType=VARCHAR},
      </if>
      <if test="registerAddress != null">
        register_address = #{registerAddress,jdbcType=VARCHAR},
      </if>
    </set>
    where id = #{id,jdbcType=VARCHAR}
  </update>
  <update id="updateByPrimaryKey" parameterType="com.zng.model.TInvoice">
    update t_invoice
    set create_time = #{createTime,jdbcType=VARCHAR},
      update_time = #{updateTime,jdbcType=VARCHAR},
      company_name = #{companyName,jdbcType=VARCHAR},
      identifier = #{identifier,jdbcType=VARCHAR},
      register_phone = #{registerPhone,jdbcType=VARCHAR},
      bank = #{bank,jdbcType=VARCHAR},
      bank_account = #{bankAccount,jdbcType=VARCHAR},
      phone = #{phone,jdbcType=VARCHAR},
      email = #{email,jdbcType=VARCHAR},
      content = #{content,jdbcType=VARCHAR},
      invoice = #{invoice,jdbcType=VARCHAR},
      name = #{name,jdbcType=VARCHAR},
      state = #{state,jdbcType=VARCHAR},
      login_id = #{loginId,jdbcType=VARCHAR},
      order_id = #{orderId,jdbcType=VARCHAR},
      register_address = #{registerAddress,jdbcType=VARCHAR}
    where id = #{id,jdbcType=VARCHAR}
  </update>
</mapper>