<?xml version="1.0" encoding="UTF-8"?>
<!DOCTYPE mapper PUBLIC "-//mybatis.org//DTD Mapper 3.0//EN" "http://mybatis.org/dtd/mybatis-3-mapper.dtd">
<mapper namespace="com.zng.mapper.TJointreasureMapper">
  <resultMap id="BaseResultMap" type="com.zng.model.TJointreasure">
    <id column="id" jdbcType="VARCHAR" property="id" />
    <result column="state" jdbcType="VARCHAR" property="state" />
    <result column="create_time" jdbcType="VARCHAR" property="createTime" />
    <result column="update_time" jdbcType="VARCHAR" property="updateTime" />
    <result column="login_id" jdbcType="VARCHAR" property="loginId" />
    <result column="types" jdbcType="VARCHAR" property="types" />
    <result column="times" jdbcType="VARCHAR" property="times" />
    <result column="wsd" jdbcType="DECIMAL" property="wsd" />
  </resultMap>
  <sql id="Base_Column_List">
    id, state, create_time, update_time, login_id, types, times, wsd
  </sql>
  <select id="selectByPrimaryKey" parameterType="java.lang.String" resultMap="BaseResultMap">
    select 
    <include refid="Base_Column_List" />
    from t_jointreasure
    where id = #{id,jdbcType=VARCHAR}
  </select>
  <delete id="deleteByPrimaryKey" parameterType="java.lang.String">
    delete from t_jointreasure
    where id = #{id,jdbcType=VARCHAR}
  </delete>
  <insert id="insert" parameterType="com.zng.model.TJointreasure">
    insert into t_jointreasure (id, state, create_time, 
      update_time, login_id, types, 
      times, wsd)
    values (#{id,jdbcType=VARCHAR}, #{state,jdbcType=VARCHAR}, #{createTime,jdbcType=VARCHAR}, 
      #{updateTime,jdbcType=VARCHAR}, #{loginId,jdbcType=VARCHAR}, #{types,jdbcType=VARCHAR}, 
      #{times,jdbcType=VARCHAR}, #{wsd,jdbcType=DECIMAL})
  </insert>
  <insert id="insertSelective" parameterType="com.zng.model.TJointreasure">
    insert into t_jointreasure
    <trim prefix="(" suffix=")" suffixOverrides=",">
      <if test="id != null">
        id,
      </if>
      <if test="state != null">
        state,
      </if>
      <if test="createTime != null">
        create_time,
      </if>
      <if test="updateTime != null">
        update_time,
      </if>
      <if test="loginId != null">
        login_id,
      </if>
      <if test="types != null">
        types,
      </if>
      <if test="times != null">
        times,
      </if>
      <if test="wsd != null">
        wsd,
      </if>
    </trim>
    <trim prefix="values (" suffix=")" suffixOverrides=",">
      <if test="id != null">
        #{id,jdbcType=VARCHAR},
      </if>
      <if test="state != null">
        #{state,jdbcType=VARCHAR},
      </if>
      <if test="createTime != null">
        #{createTime,jdbcType=VARCHAR},
      </if>
      <if test="updateTime != null">
        #{updateTime,jdbcType=VARCHAR},
      </if>
      <if test="loginId != null">
        #{loginId,jdbcType=VARCHAR},
      </if>
      <if test="types != null">
        #{types,jdbcType=VARCHAR},
      </if>
      <if test="times != null">
        #{times,jdbcType=VARCHAR},
      </if>
      <if test="wsd != null">
        #{wsd,jdbcType=DECIMAL},
      </if>
    </trim>
  </insert>
  <update id="updateByPrimaryKeySelective" parameterType="com.zng.model.TJointreasure">
    update t_jointreasure
    <set>
      <if test="state != null">
        state = #{state,jdbcType=VARCHAR},
      </if>
      <if test="createTime != null">
        create_time = #{createTime,jdbcType=VARCHAR},
      </if>
      <if test="updateTime != null">
        update_time = #{updateTime,jdbcType=VARCHAR},
      </if>
      <if test="loginId != null">
        login_id = #{loginId,jdbcType=VARCHAR},
      </if>
      <if test="types != null">
        types = #{types,jdbcType=VARCHAR},
      </if>
      <if test="times != null">
        times = #{times,jdbcType=VARCHAR},
      </if>
      <if test="wsd != null">
        wsd = #{wsd,jdbcType=DECIMAL},
      </if>
    </set>
    where id = #{id,jdbcType=VARCHAR}
  </update>
  <update id="updateByPrimaryKey" parameterType="com.zng.model.TJointreasure">
    update t_jointreasure
    set state = #{state,jdbcType=VARCHAR},
      create_time = #{createTime,jdbcType=VARCHAR},
      update_time = #{updateTime,jdbcType=VARCHAR},
      login_id = #{loginId,jdbcType=VARCHAR},
      types = #{types,jdbcType=VARCHAR},
      times = #{times,jdbcType=VARCHAR},
      wsd = #{wsd,jdbcType=DECIMAL}
    where id = #{id,jdbcType=VARCHAR}
  </update>
</mapper>