<?xml version="1.0" encoding="UTF-8"?>
<!DOCTYPE mapper PUBLIC "-//mybatis.org//DTD Mapper 3.0//EN" "http://mybatis.org/dtd/mybatis-3-mapper.dtd">
<mapper namespace="com.zng.mapper.TLivetemplateMapper">
  <resultMap id="BaseResultMap" type="com.zng.model.TLivetemplate">
    <id column="id" jdbcType="VARCHAR" property="id" />
    <result column="state" jdbcType="VARCHAR" property="state" />
    <result column="create_time" jdbcType="VARCHAR" property="createTime" />
    <result column="update_time" jdbcType="VARCHAR" property="updateTime" />
    <result column="mcn_rate" jdbcType="VARCHAR" property="mcnRate" />
    <result column="doctors_rate" jdbcType="VARCHAR" property="doctorsRate" />
    <result column="anchor_rate" jdbcType="VARCHAR" property="anchorRate" />
    <result column="group_leader_rate" jdbcType="VARCHAR" property="groupLeaderRate" />
    <result column="consumer_rate" jdbcType="VARCHAR" property="consumerRate" />
    <result column="title" jdbcType="VARCHAR" property="title" />
  </resultMap>
  <sql id="Base_Column_List">
    id, state, create_time, update_time, mcn_rate, doctors_rate, anchor_rate, group_leader_rate, 
    consumer_rate, title
  </sql>
  <select id="selectByPrimaryKey" parameterType="java.lang.String" resultMap="BaseResultMap">
    select 
    <include refid="Base_Column_List" />
    from t_livetemplate
    where id = #{id,jdbcType=VARCHAR}
  </select>
  <delete id="deleteByPrimaryKey" parameterType="java.lang.String">
    delete from t_livetemplate
    where id = #{id,jdbcType=VARCHAR}
  </delete>
  <insert id="insert" parameterType="com.zng.model.TLivetemplate">
    insert into t_livetemplate (id, state, create_time, 
      update_time, mcn_rate, doctors_rate, 
      anchor_rate, group_leader_rate, consumer_rate, 
      title)
    values (#{id,jdbcType=VARCHAR}, #{state,jdbcType=VARCHAR}, #{createTime,jdbcType=VARCHAR}, 
      #{updateTime,jdbcType=VARCHAR}, #{mcnRate,jdbcType=VARCHAR}, #{doctorsRate,jdbcType=VARCHAR}, 
      #{anchorRate,jdbcType=VARCHAR}, #{groupLeaderRate,jdbcType=VARCHAR}, #{consumerRate,jdbcType=VARCHAR}, 
      #{title,jdbcType=VARCHAR})
  </insert>
  <insert id="insertSelective" parameterType="com.zng.model.TLivetemplate">
    insert into t_livetemplate
    <trim prefix="(" suffix=")" suffixOverrides=",">
      <if test="id != null">
        id,
      </if>
      <if test="state != null">
        state,
      </if>
      <if test="createTime != null">
        create_time,
      </if>
      <if test="updateTime != null">
        update_time,
      </if>
      <if test="mcnRate != null">
        mcn_rate,
      </if>
      <if test="doctorsRate != null">
        doctors_rate,
      </if>
      <if test="anchorRate != null">
        anchor_rate,
      </if>
      <if test="groupLeaderRate != null">
        group_leader_rate,
      </if>
      <if test="consumerRate != null">
        consumer_rate,
      </if>
      <if test="title != null">
        title,
      </if>
    </trim>
    <trim prefix="values (" suffix=")" suffixOverrides=",">
      <if test="id != null">
        #{id,jdbcType=VARCHAR},
      </if>
      <if test="state != null">
        #{state,jdbcType=VARCHAR},
      </if>
      <if test="createTime != null">
        #{createTime,jdbcType=VARCHAR},
      </if>
      <if test="updateTime != null">
        #{updateTime,jdbcType=VARCHAR},
      </if>
      <if test="mcnRate != null">
        #{mcnRate,jdbcType=VARCHAR},
      </if>
      <if test="doctorsRate != null">
        #{doctorsRate,jdbcType=VARCHAR},
      </if>
      <if test="anchorRate != null">
        #{anchorRate,jdbcType=VARCHAR},
      </if>
      <if test="groupLeaderRate != null">
        #{groupLeaderRate,jdbcType=VARCHAR},
      </if>
      <if test="consumerRate != null">
        #{consumerRate,jdbcType=VARCHAR},
      </if>
      <if test="title != null">
        #{title,jdbcType=VARCHAR},
      </if>
    </trim>
  </insert>
  <update id="updateByPrimaryKeySelective" parameterType="com.zng.model.TLivetemplate">
    update t_livetemplate
    <set>
      <if test="state != null">
        state = #{state,jdbcType=VARCHAR},
      </if>
      <if test="createTime != null">
        create_time = #{createTime,jdbcType=VARCHAR},
      </if>
      <if test="updateTime != null">
        update_time = #{updateTime,jdbcType=VARCHAR},
      </if>
      <if test="mcnRate != null">
        mcn_rate = #{mcnRate,jdbcType=VARCHAR},
      </if>
      <if test="doctorsRate != null">
        doctors_rate = #{doctorsRate,jdbcType=VARCHAR},
      </if>
      <if test="anchorRate != null">
        anchor_rate = #{anchorRate,jdbcType=VARCHAR},
      </if>
      <if test="groupLeaderRate != null">
        group_leader_rate = #{groupLeaderRate,jdbcType=VARCHAR},
      </if>
      <if test="consumerRate != null">
        consumer_rate = #{consumerRate,jdbcType=VARCHAR},
      </if>
      <if test="title != null">
        title = #{title,jdbcType=VARCHAR},
      </if>
    </set>
    where id = #{id,jdbcType=VARCHAR}
  </update>
  <update id="updateByPrimaryKey" parameterType="com.zng.model.TLivetemplate">
    update t_livetemplate
    set state = #{state,jdbcType=VARCHAR},
      create_time = #{createTime,jdbcType=VARCHAR},
      update_time = #{updateTime,jdbcType=VARCHAR},
      mcn_rate = #{mcnRate,jdbcType=VARCHAR},
      doctors_rate = #{doctorsRate,jdbcType=VARCHAR},
      anchor_rate = #{anchorRate,jdbcType=VARCHAR},
      group_leader_rate = #{groupLeaderRate,jdbcType=VARCHAR},
      consumer_rate = #{consumerRate,jdbcType=VARCHAR},
      title = #{title,jdbcType=VARCHAR}
    where id = #{id,jdbcType=VARCHAR}
  </update>
</mapper>