<?xml version="1.0" encoding="UTF-8"?>
<!DOCTYPE mapper PUBLIC "-//mybatis.org//DTD Mapper 3.0//EN" "http://mybatis.org/dtd/mybatis-3-mapper.dtd">
<mapper namespace="com.zng.mapper.TLiveMapper">
  <resultMap id="BaseResultMap" type="com.zng.model.TLive">
    <id column="id" jdbcType="VARCHAR" property="id" />
    <result column="login_id" jdbcType="VARCHAR" property="loginId" />
    <result column="room_id" jdbcType="VARCHAR" property="roomId" />
    <result column="state" jdbcType="VARCHAR" property="state" />
    <result column="create_time" jdbcType="VARCHAR" property="createTime" />
    <result column="update_time" jdbcType="VARCHAR" property="updateTime" />
    <result column="name" jdbcType="VARCHAR" property="name" />
    <result column="start_time" jdbcType="BIGINT" property="startTime" />
    <result column="end_time" jdbcType="BIGINT" property="endTime" />
    <result column="anchor_name" jdbcType="VARCHAR" property="anchorName" />
    <result column="anchor_wechat" jdbcType="VARCHAR" property="anchorWechat" />
    <result column="sub_anchor_wechat" jdbcType="VARCHAR" property="subAnchorWechat" />
    <result column="is_feeds_public" jdbcType="INTEGER" property="isFeedsPublic" />
    <result column="type" jdbcType="INTEGER" property="type" />
    <result column="screen_type" jdbcType="INTEGER" property="screenType" />
    <result column="close_like" jdbcType="INTEGER" property="closeLike" />
    <result column="close_goods" jdbcType="INTEGER" property="closeGoods" />
    <result column="close_comment" jdbcType="INTEGER" property="closeComment" />
    <result column="close_replay" jdbcType="INTEGER" property="closeReplay" />
    <result column="close_share" jdbcType="INTEGER" property="closeShare" />
    <result column="close_kf" jdbcType="INTEGER" property="closeKf" />
    <result column="live_commodityid" jdbcType="VARCHAR" property="liveCommodityid" />
    <result column="media_id" jdbcType="VARCHAR" property="mediaId" />
    <result column="cover_img" jdbcType="VARCHAR" property="coverImg" />
    <result column="share_img" jdbcType="VARCHAR" property="shareImg" />
    <result column="feeds_img" jdbcType="VARCHAR" property="feedsImg" />
    <result column="share_code" jdbcType="VARCHAR" property="shareCode" />
    <result column="team_leader_phone" jdbcType="VARCHAR" property="teamLeaderPhone" />
    <result column="team_leader_login_id" jdbcType="VARCHAR" property="teamLeaderLoginId" />
    <result column="push_stream_code" jdbcType="VARCHAR" property="pushStreamCode" />
    <result column="live_type" jdbcType="VARCHAR" property="liveType" />
    <result column="cover_url" jdbcType="VARCHAR" property="coverUrl" />
    <result column="medical_account" jdbcType="VARCHAR" property="medicalAccount" />
    <result column="anchor_account" jdbcType="VARCHAR" property="anchorAccount" />
    <result column="discount_type" jdbcType="VARCHAR" property="discountType" />
    <result column="first_discount" jdbcType="DECIMAL" property="firstDiscount" />
    <result column="second_discount" jdbcType="DECIMAL" property="secondDiscount" />
    <result column="commodity_num" jdbcType="INTEGER" property="commodityNum" />
    <result column="live_template_id" jdbcType="VARCHAR" property="liveTemplateId" />
  </resultMap>
  <sql id="Base_Column_List">
    id, login_id, room_id, state, create_time, update_time, name, start_time, end_time, 
    anchor_name, anchor_wechat, sub_anchor_wechat, is_feeds_public, type, screen_type, 
    close_like, close_goods, close_comment, close_replay, close_share, close_kf, live_commodityid, 
    media_id, cover_img, share_img, feeds_img, share_code, team_leader_phone, team_leader_login_id, 
    push_stream_code, live_type, cover_url, medical_account, anchor_account, discount_type, 
    first_discount, second_discount, commodity_num, live_template_id
  </sql>
  <select id="selectByPrimaryKey" parameterType="java.lang.String" resultMap="BaseResultMap">
    select 
    <include refid="Base_Column_List" />
    from t_live
    where id = #{id,jdbcType=VARCHAR}
  </select>
  <delete id="deleteByPrimaryKey" parameterType="java.lang.String">
    delete from t_live
    where id = #{id,jdbcType=VARCHAR}
  </delete>
  <insert id="insert" parameterType="com.zng.model.TLive">
    insert into t_live (id, login_id, room_id, 
      state, create_time, update_time, 
      name, start_time, end_time, 
      anchor_name, anchor_wechat, sub_anchor_wechat, 
      is_feeds_public, type, screen_type, 
      close_like, close_goods, close_comment, 
      close_replay, close_share, close_kf, 
      live_commodityid, media_id, cover_img, 
      share_img, feeds_img, share_code, 
      team_leader_phone, team_leader_login_id, push_stream_code, 
      live_type, cover_url, medical_account, 
      anchor_account, discount_type, first_discount, 
      second_discount, commodity_num, live_template_id
      )
    values (#{id,jdbcType=VARCHAR}, #{loginId,jdbcType=VARCHAR}, #{roomId,jdbcType=VARCHAR}, 
      #{state,jdbcType=VARCHAR}, #{createTime,jdbcType=VARCHAR}, #{updateTime,jdbcType=VARCHAR}, 
      #{name,jdbcType=VARCHAR}, #{startTime,jdbcType=BIGINT}, #{endTime,jdbcType=BIGINT}, 
      #{anchorName,jdbcType=VARCHAR}, #{anchorWechat,jdbcType=VARCHAR}, #{subAnchorWechat,jdbcType=VARCHAR}, 
      #{isFeedsPublic,jdbcType=INTEGER}, #{type,jdbcType=INTEGER}, #{screenType,jdbcType=INTEGER}, 
      #{closeLike,jdbcType=INTEGER}, #{closeGoods,jdbcType=INTEGER}, #{closeComment,jdbcType=INTEGER}, 
      #{closeReplay,jdbcType=INTEGER}, #{closeShare,jdbcType=INTEGER}, #{closeKf,jdbcType=INTEGER}, 
      #{liveCommodityid,jdbcType=VARCHAR}, #{mediaId,jdbcType=VARCHAR}, #{coverImg,jdbcType=VARCHAR}, 
      #{shareImg,jdbcType=VARCHAR}, #{feedsImg,jdbcType=VARCHAR}, #{shareCode,jdbcType=VARCHAR}, 
      #{teamLeaderPhone,jdbcType=VARCHAR}, #{teamLeaderLoginId,jdbcType=VARCHAR}, #{pushStreamCode,jdbcType=VARCHAR}, 
      #{liveType,jdbcType=VARCHAR}, #{coverUrl,jdbcType=VARCHAR}, #{medicalAccount,jdbcType=VARCHAR}, 
      #{anchorAccount,jdbcType=VARCHAR}, #{discountType,jdbcType=VARCHAR}, #{firstDiscount,jdbcType=DECIMAL}, 
      #{secondDiscount,jdbcType=DECIMAL}, #{commodityNum,jdbcType=INTEGER}, #{liveTemplateId,jdbcType=VARCHAR}
      )
  </insert>
  <insert id="insertSelective" parameterType="com.zng.model.TLive">
    insert into t_live
    <trim prefix="(" suffix=")" suffixOverrides=",">
      <if test="id != null">
        id,
      </if>
      <if test="loginId != null">
        login_id,
      </if>
      <if test="roomId != null">
        room_id,
      </if>
      <if test="state != null">
        state,
      </if>
      <if test="createTime != null">
        create_time,
      </if>
      <if test="updateTime != null">
        update_time,
      </if>
      <if test="name != null">
        name,
      </if>
      <if test="startTime != null">
        start_time,
      </if>
      <if test="endTime != null">
        end_time,
      </if>
      <if test="anchorName != null">
        anchor_name,
      </if>
      <if test="anchorWechat != null">
        anchor_wechat,
      </if>
      <if test="subAnchorWechat != null">
        sub_anchor_wechat,
      </if>
      <if test="isFeedsPublic != null">
        is_feeds_public,
      </if>
      <if test="type != null">
        type,
      </if>
      <if test="screenType != null">
        screen_type,
      </if>
      <if test="closeLike != null">
        close_like,
      </if>
      <if test="closeGoods != null">
        close_goods,
      </if>
      <if test="closeComment != null">
        close_comment,
      </if>
      <if test="closeReplay != null">
        close_replay,
      </if>
      <if test="closeShare != null">
        close_share,
      </if>
      <if test="closeKf != null">
        close_kf,
      </if>
      <if test="liveCommodityid != null">
        live_commodityid,
      </if>
      <if test="mediaId != null">
        media_id,
      </if>
      <if test="coverImg != null">
        cover_img,
      </if>
      <if test="shareImg != null">
        share_img,
      </if>
      <if test="feedsImg != null">
        feeds_img,
      </if>
      <if test="shareCode != null">
        share_code,
      </if>
      <if test="teamLeaderPhone != null">
        team_leader_phone,
      </if>
      <if test="teamLeaderLoginId != null">
        team_leader_login_id,
      </if>
      <if test="pushStreamCode != null">
        push_stream_code,
      </if>
      <if test="liveType != null">
        live_type,
      </if>
      <if test="coverUrl != null">
        cover_url,
      </if>
      <if test="medicalAccount != null">
        medical_account,
      </if>
      <if test="anchorAccount != null">
        anchor_account,
      </if>
      <if test="discountType != null">
        discount_type,
      </if>
      <if test="firstDiscount != null">
        first_discount,
      </if>
      <if test="secondDiscount != null">
        second_discount,
      </if>
      <if test="commodityNum != null">
        commodity_num,
      </if>
      <if test="liveTemplateId != null">
        live_template_id,
      </if>
    </trim>
    <trim prefix="values (" suffix=")" suffixOverrides=",">
      <if test="id != null">
        #{id,jdbcType=VARCHAR},
      </if>
      <if test="loginId != null">
        #{loginId,jdbcType=VARCHAR},
      </if>
      <if test="roomId != null">
        #{roomId,jdbcType=VARCHAR},
      </if>
      <if test="state != null">
        #{state,jdbcType=VARCHAR},
      </if>
      <if test="createTime != null">
        #{createTime,jdbcType=VARCHAR},
      </if>
      <if test="updateTime != null">
        #{updateTime,jdbcType=VARCHAR},
      </if>
      <if test="name != null">
        #{name,jdbcType=VARCHAR},
      </if>
      <if test="startTime != null">
        #{startTime,jdbcType=BIGINT},
      </if>
      <if test="endTime != null">
        #{endTime,jdbcType=BIGINT},
      </if>
      <if test="anchorName != null">
        #{anchorName,jdbcType=VARCHAR},
      </if>
      <if test="anchorWechat != null">
        #{anchorWechat,jdbcType=VARCHAR},
      </if>
      <if test="subAnchorWechat != null">
        #{subAnchorWechat,jdbcType=VARCHAR},
      </if>
      <if test="isFeedsPublic != null">
        #{isFeedsPublic,jdbcType=INTEGER},
      </if>
      <if test="type != null">
        #{type,jdbcType=INTEGER},
      </if>
      <if test="screenType != null">
        #{screenType,jdbcType=INTEGER},
      </if>
      <if test="closeLike != null">
        #{closeLike,jdbcType=INTEGER},
      </if>
      <if test="closeGoods != null">
        #{closeGoods,jdbcType=INTEGER},
      </if>
      <if test="closeComment != null">
        #{closeComment,jdbcType=INTEGER},
      </if>
      <if test="closeReplay != null">
        #{closeReplay,jdbcType=INTEGER},
      </if>
      <if test="closeShare != null">
        #{closeShare,jdbcType=INTEGER},
      </if>
      <if test="closeKf != null">
        #{closeKf,jdbcType=INTEGER},
      </if>
      <if test="liveCommodityid != null">
        #{liveCommodityid,jdbcType=VARCHAR},
      </if>
      <if test="mediaId != null">
        #{mediaId,jdbcType=VARCHAR},
      </if>
      <if test="coverImg != null">
        #{coverImg,jdbcType=VARCHAR},
      </if>
      <if test="shareImg != null">
        #{shareImg,jdbcType=VARCHAR},
      </if>
      <if test="feedsImg != null">
        #{feedsImg,jdbcType=VARCHAR},
      </if>
      <if test="shareCode != null">
        #{shareCode,jdbcType=VARCHAR},
      </if>
      <if test="teamLeaderPhone != null">
        #{teamLeaderPhone,jdbcType=VARCHAR},
      </if>
      <if test="teamLeaderLoginId != null">
        #{teamLeaderLoginId,jdbcType=VARCHAR},
      </if>
      <if test="pushStreamCode != null">
        #{pushStreamCode,jdbcType=VARCHAR},
      </if>
      <if test="liveType != null">
        #{liveType,jdbcType=VARCHAR},
      </if>
      <if test="coverUrl != null">
        #{coverUrl,jdbcType=VARCHAR},
      </if>
      <if test="medicalAccount != null">
        #{medicalAccount,jdbcType=VARCHAR},
      </if>
      <if test="anchorAccount != null">
        #{anchorAccount,jdbcType=VARCHAR},
      </if>
      <if test="discountType != null">
        #{discountType,jdbcType=VARCHAR},
      </if>
      <if test="firstDiscount != null">
        #{firstDiscount,jdbcType=DECIMAL},
      </if>
      <if test="secondDiscount != null">
        #{secondDiscount,jdbcType=DECIMAL},
      </if>
      <if test="commodityNum != null">
        #{commodityNum,jdbcType=INTEGER},
      </if>
      <if test="liveTemplateId != null">
        #{liveTemplateId,jdbcType=VARCHAR},
      </if>
    </trim>
  </insert>
  <update id="updateByPrimaryKeySelective" parameterType="com.zng.model.TLive">
    update t_live
    <set>
      <if test="loginId != null">
        login_id = #{loginId,jdbcType=VARCHAR},
      </if>
      <if test="roomId != null">
        room_id = #{roomId,jdbcType=VARCHAR},
      </if>
      <if test="state != null">
        state = #{state,jdbcType=VARCHAR},
      </if>
      <if test="createTime != null">
        create_time = #{createTime,jdbcType=VARCHAR},
      </if>
      <if test="updateTime != null">
        update_time = #{updateTime,jdbcType=VARCHAR},
      </if>
      <if test="name != null">
        name = #{name,jdbcType=VARCHAR},
      </if>
      <if test="startTime != null">
        start_time = #{startTime,jdbcType=BIGINT},
      </if>
      <if test="endTime != null">
        end_time = #{endTime,jdbcType=BIGINT},
      </if>
      <if test="anchorName != null">
        anchor_name = #{anchorName,jdbcType=VARCHAR},
      </if>
      <if test="anchorWechat != null">
        anchor_wechat = #{anchorWechat,jdbcType=VARCHAR},
      </if>
      <if test="subAnchorWechat != null">
        sub_anchor_wechat = #{subAnchorWechat,jdbcType=VARCHAR},
      </if>
      <if test="isFeedsPublic != null">
        is_feeds_public = #{isFeedsPublic,jdbcType=INTEGER},
      </if>
      <if test="type != null">
        type = #{type,jdbcType=INTEGER},
      </if>
      <if test="screenType != null">
        screen_type = #{screenType,jdbcType=INTEGER},
      </if>
      <if test="closeLike != null">
        close_like = #{closeLike,jdbcType=INTEGER},
      </if>
      <if test="closeGoods != null">
        close_goods = #{closeGoods,jdbcType=INTEGER},
      </if>
      <if test="closeComment != null">
        close_comment = #{closeComment,jdbcType=INTEGER},
      </if>
      <if test="closeReplay != null">
        close_replay = #{closeReplay,jdbcType=INTEGER},
      </if>
      <if test="closeShare != null">
        close_share = #{closeShare,jdbcType=INTEGER},
      </if>
      <if test="closeKf != null">
        close_kf = #{closeKf,jdbcType=INTEGER},
      </if>
      <if test="liveCommodityid != null">
        live_commodityid = #{liveCommodityid,jdbcType=VARCHAR},
      </if>
      <if test="mediaId != null">
        media_id = #{mediaId,jdbcType=VARCHAR},
      </if>
      <if test="coverImg != null">
        cover_img = #{coverImg,jdbcType=VARCHAR},
      </if>
      <if test="shareImg != null">
        share_img = #{shareImg,jdbcType=VARCHAR},
      </if>
      <if test="feedsImg != null">
        feeds_img = #{feedsImg,jdbcType=VARCHAR},
      </if>
      <if test="shareCode != null">
        share_code = #{shareCode,jdbcType=VARCHAR},
      </if>
      <if test="teamLeaderPhone != null">
        team_leader_phone = #{teamLeaderPhone,jdbcType=VARCHAR},
      </if>
      <if test="teamLeaderLoginId != null">
        team_leader_login_id = #{teamLeaderLoginId,jdbcType=VARCHAR},
      </if>
      <if test="pushStreamCode != null">
        push_stream_code = #{pushStreamCode,jdbcType=VARCHAR},
      </if>
      <if test="liveType != null">
        live_type = #{liveType,jdbcType=VARCHAR},
      </if>
      <if test="coverUrl != null">
        cover_url = #{coverUrl,jdbcType=VARCHAR},
      </if>
      <if test="medicalAccount != null">
        medical_account = #{medicalAccount,jdbcType=VARCHAR},
      </if>
      <if test="anchorAccount != null">
        anchor_account = #{anchorAccount,jdbcType=VARCHAR},
      </if>
      <if test="discountType != null">
        discount_type = #{discountType,jdbcType=VARCHAR},
      </if>
      <if test="firstDiscount != null">
        first_discount = #{firstDiscount,jdbcType=DECIMAL},
      </if>
      <if test="secondDiscount != null">
        second_discount = #{secondDiscount,jdbcType=DECIMAL},
      </if>
      <if test="commodityNum != null">
        commodity_num = #{commodityNum,jdbcType=INTEGER},
      </if>
      <if test="liveTemplateId != null">
        live_template_id = #{liveTemplateId,jdbcType=VARCHAR},
      </if>
    </set>
    where id = #{id,jdbcType=VARCHAR}
  </update>
  <update id="updateByPrimaryKey" parameterType="com.zng.model.TLive">
    update t_live
    set login_id = #{loginId,jdbcType=VARCHAR},
      room_id = #{roomId,jdbcType=VARCHAR},
      state = #{state,jdbcType=VARCHAR},
      create_time = #{createTime,jdbcType=VARCHAR},
      update_time = #{updateTime,jdbcType=VARCHAR},
      name = #{name,jdbcType=VARCHAR},
      start_time = #{startTime,jdbcType=BIGINT},
      end_time = #{endTime,jdbcType=BIGINT},
      anchor_name = #{anchorName,jdbcType=VARCHAR},
      anchor_wechat = #{anchorWechat,jdbcType=VARCHAR},
      sub_anchor_wechat = #{subAnchorWechat,jdbcType=VARCHAR},
      is_feeds_public = #{isFeedsPublic,jdbcType=INTEGER},
      type = #{type,jdbcType=INTEGER},
      screen_type = #{screenType,jdbcType=INTEGER},
      close_like = #{closeLike,jdbcType=INTEGER},
      close_goods = #{closeGoods,jdbcType=INTEGER},
      close_comment = #{closeComment,jdbcType=INTEGER},
      close_replay = #{closeReplay,jdbcType=INTEGER},
      close_share = #{closeShare,jdbcType=INTEGER},
      close_kf = #{closeKf,jdbcType=INTEGER},
      live_commodityid = #{liveCommodityid,jdbcType=VARCHAR},
      media_id = #{mediaId,jdbcType=VARCHAR},
      cover_img = #{coverImg,jdbcType=VARCHAR},
      share_img = #{shareImg,jdbcType=VARCHAR},
      feeds_img = #{feedsImg,jdbcType=VARCHAR},
      share_code = #{shareCode,jdbcType=VARCHAR},
      team_leader_phone = #{teamLeaderPhone,jdbcType=VARCHAR},
      team_leader_login_id = #{teamLeaderLoginId,jdbcType=VARCHAR},
      push_stream_code = #{pushStreamCode,jdbcType=VARCHAR},
      live_type = #{liveType,jdbcType=VARCHAR},
      cover_url = #{coverUrl,jdbcType=VARCHAR},
      medical_account = #{medicalAccount,jdbcType=VARCHAR},
      anchor_account = #{anchorAccount,jdbcType=VARCHAR},
      discount_type = #{discountType,jdbcType=VARCHAR},
      first_discount = #{firstDiscount,jdbcType=DECIMAL},
      second_discount = #{secondDiscount,jdbcType=DECIMAL},
      commodity_num = #{commodityNum,jdbcType=INTEGER},
      live_template_id = #{liveTemplateId,jdbcType=VARCHAR}
    where id = #{id,jdbcType=VARCHAR}
  </update>
</mapper>