<?xml version="1.0" encoding="UTF-8"?>
<!DOCTYPE mapper PUBLIC "-//mybatis.org//DTD Mapper 3.0//EN" "http://mybatis.org/dtd/mybatis-3-mapper.dtd">
<mapper namespace="com.zng.mapper.TLoginMapper">
  <resultMap id="BaseResultMap" type="com.zng.model.TLogin">
    <id column="id" jdbcType="VARCHAR" property="id" />
    <result column="phone" jdbcType="VARCHAR" property="phone" />
    <result column="password" jdbcType="VARCHAR" property="password" />
    <result column="permission" jdbcType="VARCHAR" property="permission" />
    <result column="state" jdbcType="VARCHAR" property="state" />
    <result column="create_time" jdbcType="VARCHAR" property="createTime" />
    <result column="update_time" jdbcType="VARCHAR" property="updateTime" />
    <result column="code" jdbcType="VARCHAR" property="code" />
    <result column="send_time" jdbcType="BIGINT" property="sendTime" />
    <result column="is_baiyi" jdbcType="INTEGER" property="isBaiyi" />
    <result column="last_read_time" jdbcType="VARCHAR" property="lastReadTime" />
  </resultMap>
  <sql id="Example_Where_Clause">
    <where>
      <foreach collection="oredCriteria" item="criteria" separator="or">
        <if test="criteria.valid">
          <trim prefix="(" prefixOverrides="and" suffix=")">
            <foreach collection="criteria.criteria" item="criterion">
              <choose>
                <when test="criterion.noValue">
                  and ${criterion.condition}
                </when>
                <when test="criterion.singleValue">
                  and ${criterion.condition} #{criterion.value}
                </when>
                <when test="criterion.betweenValue">
                  and ${criterion.condition} #{criterion.value} and #{criterion.secondValue}
                </when>
                <when test="criterion.listValue">
                  and ${criterion.condition}
                  <foreach close=")" collection="criterion.value" item="listItem" open="(" separator=",">
                    #{listItem}
                  </foreach>
                </when>
              </choose>
            </foreach>
          </trim>
        </if>
      </foreach>
    </where>
  </sql>
  <sql id="Update_By_Example_Where_Clause">
    <where>
      <foreach collection="example.oredCriteria" item="criteria" separator="or">
        <if test="criteria.valid">
          <trim prefix="(" prefixOverrides="and" suffix=")">
            <foreach collection="criteria.criteria" item="criterion">
              <choose>
                <when test="criterion.noValue">
                  and ${criterion.condition}
                </when>
                <when test="criterion.singleValue">
                  and ${criterion.condition} #{criterion.value}
                </when>
                <when test="criterion.betweenValue">
                  and ${criterion.condition} #{criterion.value} and #{criterion.secondValue}
                </when>
                <when test="criterion.listValue">
                  and ${criterion.condition}
                  <foreach close=")" collection="criterion.value" item="listItem" open="(" separator=",">
                    #{listItem}
                  </foreach>
                </when>
              </choose>
            </foreach>
          </trim>
        </if>
      </foreach>
    </where>
  </sql>
  <sql id="Base_Column_List">
    id, phone, password, permission, state, create_time, update_time, code, send_time, 
    is_baiyi, last_read_time
  </sql>
  <select id="selectByExample" parameterType="com.zng.model.TLoginExample" resultMap="BaseResultMap">
    select
    <if test="distinct">
      distinct
    </if>
    <include refid="Base_Column_List" />
    from t_login
    <if test="_parameter != null">
      <include refid="Example_Where_Clause" />
    </if>
    <if test="orderByClause != null">
      order by ${orderByClause}
    </if>
  </select>
  <select id="selectByPrimaryKey" parameterType="java.lang.String" resultMap="BaseResultMap">
    select 
    <include refid="Base_Column_List" />
    from t_login
    where id = #{id,jdbcType=VARCHAR}
  </select>
  <delete id="deleteByPrimaryKey" parameterType="java.lang.String">
    delete from t_login
    where id = #{id,jdbcType=VARCHAR}
  </delete>
  <delete id="deleteByExample" parameterType="com.zng.model.TLoginExample">
    delete from t_login
    <if test="_parameter != null">
      <include refid="Example_Where_Clause" />
    </if>
  </delete>
  <insert id="insert" parameterType="com.zng.model.TLogin">
    insert into t_login (id, phone, password, 
      permission, state, create_time, 
      update_time, code, send_time, 
      is_baiyi, last_read_time)
    values (#{id,jdbcType=VARCHAR}, #{phone,jdbcType=VARCHAR}, #{password,jdbcType=VARCHAR}, 
      #{permission,jdbcType=VARCHAR}, #{state,jdbcType=VARCHAR}, #{createTime,jdbcType=VARCHAR}, 
      #{updateTime,jdbcType=VARCHAR}, #{code,jdbcType=VARCHAR}, #{sendTime,jdbcType=BIGINT}, 
      #{isBaiyi,jdbcType=INTEGER}, #{lastReadTime,jdbcType=VARCHAR})
  </insert>
  <insert id="insertSelective" parameterType="com.zng.model.TLogin">
    insert into t_login
    <trim prefix="(" suffix=")" suffixOverrides=",">
      <if test="id != null">
        id,
      </if>
      <if test="phone != null">
        phone,
      </if>
      <if test="password != null">
        password,
      </if>
      <if test="permission != null">
        permission,
      </if>
      <if test="state != null">
        state,
      </if>
      <if test="createTime != null">
        create_time,
      </if>
      <if test="updateTime != null">
        update_time,
      </if>
      <if test="code != null">
        code,
      </if>
      <if test="sendTime != null">
        send_time,
      </if>
      <if test="isBaiyi != null">
        is_baiyi,
      </if>
      <if test="lastReadTime != null">
        last_read_time,
      </if>
    </trim>
    <trim prefix="values (" suffix=")" suffixOverrides=",">
      <if test="id != null">
        #{id,jdbcType=VARCHAR},
      </if>
      <if test="phone != null">
        #{phone,jdbcType=VARCHAR},
      </if>
      <if test="password != null">
        #{password,jdbcType=VARCHAR},
      </if>
      <if test="permission != null">
        #{permission,jdbcType=VARCHAR},
      </if>
      <if test="state != null">
        #{state,jdbcType=VARCHAR},
      </if>
      <if test="createTime != null">
        #{createTime,jdbcType=VARCHAR},
      </if>
      <if test="updateTime != null">
        #{updateTime,jdbcType=VARCHAR},
      </if>
      <if test="code != null">
        #{code,jdbcType=VARCHAR},
      </if>
      <if test="sendTime != null">
        #{sendTime,jdbcType=BIGINT},
      </if>
      <if test="isBaiyi != null">
        #{isBaiyi,jdbcType=INTEGER},
      </if>
      <if test="lastReadTime != null">
        #{lastReadTime,jdbcType=VARCHAR},
      </if>
    </trim>
  </insert>
  <select id="countByExample" parameterType="com.zng.model.TLoginExample" resultType="java.lang.Long">
    select count(*) from t_login
    <if test="_parameter != null">
      <include refid="Example_Where_Clause" />
    </if>
  </select>
  <update id="updateByExampleSelective" parameterType="map">
    update t_login
    <set>
      <if test="record.id != null">
        id = #{record.id,jdbcType=VARCHAR},
      </if>
      <if test="record.phone != null">
        phone = #{record.phone,jdbcType=VARCHAR},
      </if>
      <if test="record.password != null">
        password = #{record.password,jdbcType=VARCHAR},
      </if>
      <if test="record.permission != null">
        permission = #{record.permission,jdbcType=VARCHAR},
      </if>
      <if test="record.state != null">
        state = #{record.state,jdbcType=VARCHAR},
      </if>
      <if test="record.createTime != null">
        create_time = #{record.createTime,jdbcType=VARCHAR},
      </if>
      <if test="record.updateTime != null">
        update_time = #{record.updateTime,jdbcType=VARCHAR},
      </if>
      <if test="record.code != null">
        code = #{record.code,jdbcType=VARCHAR},
      </if>
      <if test="record.sendTime != null">
        send_time = #{record.sendTime,jdbcType=BIGINT},
      </if>
      <if test="record.isBaiyi != null">
        is_baiyi = #{record.isBaiyi,jdbcType=INTEGER},
      </if>
      <if test="record.lastReadTime != null">
        last_read_time = #{record.lastReadTime,jdbcType=VARCHAR},
      </if>
    </set>
    <if test="_parameter != null">
      <include refid="Update_By_Example_Where_Clause" />
    </if>
  </update>
  <update id="updateByExample" parameterType="map">
    update t_login
    set id = #{record.id,jdbcType=VARCHAR},
      phone = #{record.phone,jdbcType=VARCHAR},
      password = #{record.password,jdbcType=VARCHAR},
      permission = #{record.permission,jdbcType=VARCHAR},
      state = #{record.state,jdbcType=VARCHAR},
      create_time = #{record.createTime,jdbcType=VARCHAR},
      update_time = #{record.updateTime,jdbcType=VARCHAR},
      code = #{record.code,jdbcType=VARCHAR},
      send_time = #{record.sendTime,jdbcType=BIGINT},
      is_baiyi = #{record.isBaiyi,jdbcType=INTEGER},
      last_read_time = #{record.lastReadTime,jdbcType=VARCHAR}
    <if test="_parameter != null">
      <include refid="Update_By_Example_Where_Clause" />
    </if>
  </update>
  <update id="updateByPrimaryKeySelective" parameterType="com.zng.model.TLogin">
    update t_login
    <set>
      <if test="phone != null">
        phone = #{phone,jdbcType=VARCHAR},
      </if>
      <if test="password != null">
        password = #{password,jdbcType=VARCHAR},
      </if>
      <if test="permission != null">
        permission = #{permission,jdbcType=VARCHAR},
      </if>
      <if test="state != null">
        state = #{state,jdbcType=VARCHAR},
      </if>
      <if test="createTime != null">
        create_time = #{createTime,jdbcType=VARCHAR},
      </if>
      <if test="updateTime != null">
        update_time = #{updateTime,jdbcType=VARCHAR},
      </if>
      <if test="code != null">
        code = #{code,jdbcType=VARCHAR},
      </if>
      <if test="sendTime != null">
        send_time = #{sendTime,jdbcType=BIGINT},
      </if>
      <if test="isBaiyi != null">
        is_baiyi = #{isBaiyi,jdbcType=INTEGER},
      </if>
      <if test="lastReadTime != null">
        last_read_time = #{lastReadTime,jdbcType=VARCHAR},
      </if>
    </set>
    where id = #{id,jdbcType=VARCHAR}
  </update>
  <update id="updateByPrimaryKey" parameterType="com.zng.model.TLogin">
    update t_login
    set phone = #{phone,jdbcType=VARCHAR},
      password = #{password,jdbcType=VARCHAR},
      permission = #{permission,jdbcType=VARCHAR},
      state = #{state,jdbcType=VARCHAR},
      create_time = #{createTime,jdbcType=VARCHAR},
      update_time = #{updateTime,jdbcType=VARCHAR},
      code = #{code,jdbcType=VARCHAR},
      send_time = #{sendTime,jdbcType=BIGINT},
      is_baiyi = #{isBaiyi,jdbcType=INTEGER},
      last_read_time = #{lastReadTime,jdbcType=VARCHAR}
    where id = #{id,jdbcType=VARCHAR}
  </update>
  <resultMap id="BaseResultMap" type="com.zng.model.TLogin">
    <id column="id" jdbcType="VARCHAR" property="id" />
    <result column="phone" jdbcType="VARCHAR" property="phone" />
    <result column="password" jdbcType="VARCHAR" property="password" />
    <result column="permission" jdbcType="VARCHAR" property="permission" />
    <result column="state" jdbcType="VARCHAR" property="state" />
    <result column="create_time" jdbcType="VARCHAR" property="createTime" />
    <result column="update_time" jdbcType="VARCHAR" property="updateTime" />
    <result column="code" jdbcType="VARCHAR" property="code" />
    <result column="send_time" jdbcType="BIGINT" property="sendTime" />
    <result column="is_baiyi" jdbcType="INTEGER" property="isBaiyi" />
    <result column="last_read_time" jdbcType="VARCHAR" property="lastReadTime" />
  </resultMap>
  <sql id="Base_Column_List">
    id, phone, password, permission, state, create_time, update_time, code, send_time, 
    is_baiyi, last_read_time
  </sql>
  <select id="selectByPrimaryKey" parameterType="java.lang.String" resultMap="BaseResultMap">
    select 
    <include refid="Base_Column_List" />
    from t_login
    where id = #{id,jdbcType=VARCHAR}
  </select>
  <delete id="deleteByPrimaryKey" parameterType="java.lang.String">
    delete from t_login
    where id = #{id,jdbcType=VARCHAR}
  </delete>
  <insert id="insert" parameterType="com.zng.model.TLogin">
    insert into t_login (id, phone, password, 
      permission, state, create_time, 
      update_time, code, send_time, 
      is_baiyi, last_read_time)
    values (#{id,jdbcType=VARCHAR}, #{phone,jdbcType=VARCHAR}, #{password,jdbcType=VARCHAR}, 
      #{permission,jdbcType=VARCHAR}, #{state,jdbcType=VARCHAR}, #{createTime,jdbcType=VARCHAR}, 
      #{updateTime,jdbcType=VARCHAR}, #{code,jdbcType=VARCHAR}, #{sendTime,jdbcType=BIGINT}, 
      #{isBaiyi,jdbcType=INTEGER}, #{lastReadTime,jdbcType=VARCHAR})
  </insert>
  <insert id="insertSelective" parameterType="com.zng.model.TLogin">
    insert into t_login
    <trim prefix="(" suffix=")" suffixOverrides=",">
      <if test="id != null">
        id,
      </if>
      <if test="phone != null">
        phone,
      </if>
      <if test="password != null">
        password,
      </if>
      <if test="permission != null">
        permission,
      </if>
      <if test="state != null">
        state,
      </if>
      <if test="createTime != null">
        create_time,
      </if>
      <if test="updateTime != null">
        update_time,
      </if>
      <if test="code != null">
        code,
      </if>
      <if test="sendTime != null">
        send_time,
      </if>
      <if test="isBaiyi != null">
        is_baiyi,
      </if>
      <if test="lastReadTime != null">
        last_read_time,
      </if>
    </trim>
    <trim prefix="values (" suffix=")" suffixOverrides=",">
      <if test="id != null">
        #{id,jdbcType=VARCHAR},
      </if>
      <if test="phone != null">
        #{phone,jdbcType=VARCHAR},
      </if>
      <if test="password != null">
        #{password,jdbcType=VARCHAR},
      </if>
      <if test="permission != null">
        #{permission,jdbcType=VARCHAR},
      </if>
      <if test="state != null">
        #{state,jdbcType=VARCHAR},
      </if>
      <if test="createTime != null">
        #{createTime,jdbcType=VARCHAR},
      </if>
      <if test="updateTime != null">
        #{updateTime,jdbcType=VARCHAR},
      </if>
      <if test="code != null">
        #{code,jdbcType=VARCHAR},
      </if>
      <if test="sendTime != null">
        #{sendTime,jdbcType=BIGINT},
      </if>
      <if test="isBaiyi != null">
        #{isBaiyi,jdbcType=INTEGER},
      </if>
      <if test="lastReadTime != null">
        #{lastReadTime,jdbcType=VARCHAR},
      </if>
    </trim>
  </insert>
  <update id="updateByPrimaryKeySelective" parameterType="com.zng.model.TLogin">
    update t_login
    <set>
      <if test="phone != null">
        phone = #{phone,jdbcType=VARCHAR},
      </if>
      <if test="password != null">
        password = #{password,jdbcType=VARCHAR},
      </if>
      <if test="permission != null">
        permission = #{permission,jdbcType=VARCHAR},
      </if>
      <if test="state != null">
        state = #{state,jdbcType=VARCHAR},
      </if>
      <if test="createTime != null">
        create_time = #{createTime,jdbcType=VARCHAR},
      </if>
      <if test="updateTime != null">
        update_time = #{updateTime,jdbcType=VARCHAR},
      </if>
      <if test="code != null">
        code = #{code,jdbcType=VARCHAR},
      </if>
      <if test="sendTime != null">
        send_time = #{sendTime,jdbcType=BIGINT},
      </if>
      <if test="isBaiyi != null">
        is_baiyi = #{isBaiyi,jdbcType=INTEGER},
      </if>
      <if test="lastReadTime != null">
        last_read_time = #{lastReadTime,jdbcType=VARCHAR},
      </if>
    </set>
    where id = #{id,jdbcType=VARCHAR}
  </update>
  <update id="updateByPrimaryKey" parameterType="com.zng.model.TLogin">
    update t_login
    set phone = #{phone,jdbcType=VARCHAR},
      password = #{password,jdbcType=VARCHAR},
      permission = #{permission,jdbcType=VARCHAR},
      state = #{state,jdbcType=VARCHAR},
      create_time = #{createTime,jdbcType=VARCHAR},
      update_time = #{updateTime,jdbcType=VARCHAR},
      code = #{code,jdbcType=VARCHAR},
      send_time = #{sendTime,jdbcType=BIGINT},
      is_baiyi = #{isBaiyi,jdbcType=INTEGER},
      last_read_time = #{lastReadTime,jdbcType=VARCHAR}
    where id = #{id,jdbcType=VARCHAR}
  </update>
</mapper>