<?xml version="1.0" encoding="UTF-8"?>
<!DOCTYPE mapper PUBLIC "-//mybatis.org//DTD Mapper 3.0//EN" "http://mybatis.org/dtd/mybatis-3-mapper.dtd">
<mapper namespace="com.zng.mapper.TMutualhelpMapper">
  <resultMap id="BaseResultMap" type="com.zng.model.TMutualhelp">
    <id column="id" jdbcType="VARCHAR" property="id" />
    <result column="create_time" jdbcType="VARCHAR" property="createTime" />
    <result column="login_id" jdbcType="VARCHAR" property="loginId" />
    <result column="state" jdbcType="VARCHAR" property="state" />
    <result column="update_time" jdbcType="VARCHAR" property="updateTime" />
    <result column="type" jdbcType="VARCHAR" property="type" />
    <result column="day_url" jdbcType="VARCHAR" property="dayUrl" />
    <result column="month_url" jdbcType="VARCHAR" property="monthUrl" />
    <result column="health_record" jdbcType="VARCHAR" property="healthRecord" />
  </resultMap>
  <sql id="Base_Column_List">
    id, create_time, login_id, state, update_time, type, day_url, month_url, health_record
  </sql>
  <select id="selectByPrimaryKey" parameterType="java.lang.String" resultMap="BaseResultMap">
    select 
    <include refid="Base_Column_List" />
    from t_mutualhelp
    where id = #{id,jdbcType=VARCHAR}
  </select>
  <delete id="deleteByPrimaryKey" parameterType="java.lang.String">
    delete from t_mutualhelp
    where id = #{id,jdbcType=VARCHAR}
  </delete>
  <insert id="insert" parameterType="com.zng.model.TMutualhelp">
    insert into t_mutualhelp (id, create_time, login_id, 
      state, update_time, type, 
      day_url, month_url, health_record
      )
    values (#{id,jdbcType=VARCHAR}, #{createTime,jdbcType=VARCHAR}, #{loginId,jdbcType=VARCHAR}, 
      #{state,jdbcType=VARCHAR}, #{updateTime,jdbcType=VARCHAR}, #{type,jdbcType=VARCHAR}, 
      #{dayUrl,jdbcType=VARCHAR}, #{monthUrl,jdbcType=VARCHAR}, #{healthRecord,jdbcType=VARCHAR}
      )
  </insert>
  <insert id="insertSelective" parameterType="com.zng.model.TMutualhelp">
    insert into t_mutualhelp
    <trim prefix="(" suffix=")" suffixOverrides=",">
      <if test="id != null">
        id,
      </if>
      <if test="createTime != null">
        create_time,
      </if>
      <if test="loginId != null">
        login_id,
      </if>
      <if test="state != null">
        state,
      </if>
      <if test="updateTime != null">
        update_time,
      </if>
      <if test="type != null">
        type,
      </if>
      <if test="dayUrl != null">
        day_url,
      </if>
      <if test="monthUrl != null">
        month_url,
      </if>
      <if test="healthRecord != null">
        health_record,
      </if>
    </trim>
    <trim prefix="values (" suffix=")" suffixOverrides=",">
      <if test="id != null">
        #{id,jdbcType=VARCHAR},
      </if>
      <if test="createTime != null">
        #{createTime,jdbcType=VARCHAR},
      </if>
      <if test="loginId != null">
        #{loginId,jdbcType=VARCHAR},
      </if>
      <if test="state != null">
        #{state,jdbcType=VARCHAR},
      </if>
      <if test="updateTime != null">
        #{updateTime,jdbcType=VARCHAR},
      </if>
      <if test="type != null">
        #{type,jdbcType=VARCHAR},
      </if>
      <if test="dayUrl != null">
        #{dayUrl,jdbcType=VARCHAR},
      </if>
      <if test="monthUrl != null">
        #{monthUrl,jdbcType=VARCHAR},
      </if>
      <if test="healthRecord != null">
        #{healthRecord,jdbcType=VARCHAR},
      </if>
    </trim>
  </insert>
  <update id="updateByPrimaryKeySelective" parameterType="com.zng.model.TMutualhelp">
    update t_mutualhelp
    <set>
      <if test="createTime != null">
        create_time = #{createTime,jdbcType=VARCHAR},
      </if>
      <if test="loginId != null">
        login_id = #{loginId,jdbcType=VARCHAR},
      </if>
      <if test="state != null">
        state = #{state,jdbcType=VARCHAR},
      </if>
      <if test="updateTime != null">
        update_time = #{updateTime,jdbcType=VARCHAR},
      </if>
      <if test="type != null">
        type = #{type,jdbcType=VARCHAR},
      </if>
      <if test="dayUrl != null">
        day_url = #{dayUrl,jdbcType=VARCHAR},
      </if>
      <if test="monthUrl != null">
        month_url = #{monthUrl,jdbcType=VARCHAR},
      </if>
      <if test="healthRecord != null">
        health_record = #{healthRecord,jdbcType=VARCHAR},
      </if>
    </set>
    where id = #{id,jdbcType=VARCHAR}
  </update>
  <update id="updateByPrimaryKey" parameterType="com.zng.model.TMutualhelp">
    update t_mutualhelp
    set create_time = #{createTime,jdbcType=VARCHAR},
      login_id = #{loginId,jdbcType=VARCHAR},
      state = #{state,jdbcType=VARCHAR},
      update_time = #{updateTime,jdbcType=VARCHAR},
      type = #{type,jdbcType=VARCHAR},
      day_url = #{dayUrl,jdbcType=VARCHAR},
      month_url = #{monthUrl,jdbcType=VARCHAR},
      health_record = #{healthRecord,jdbcType=VARCHAR}
    where id = #{id,jdbcType=VARCHAR}
  </update>
</mapper>