<?xml version="1.0" encoding="UTF-8"?>
<!DOCTYPE mapper PUBLIC "-//mybatis.org//DTD Mapper 3.0//EN" "http://mybatis.org/dtd/mybatis-3-mapper.dtd">
<mapper namespace="com.zng.mapper.TOrderMapper">
  <resultMap id="BaseResultMap" type="com.zng.model.TOrder">
    <id column="id" jdbcType="VARCHAR" property="id" />
    <result column="login_id" jdbcType="VARCHAR" property="loginId" />
    <result column="phone" jdbcType="VARCHAR" property="phone" />
    <result column="token" jdbcType="DECIMAL" property="token" />
    <result column="num" jdbcType="VARCHAR" property="num" />
    <result column="details" jdbcType="VARCHAR" property="details" />
    <result column="type" jdbcType="VARCHAR" property="type" />
    <result column="state" jdbcType="VARCHAR" property="state" />
    <result column="create_time" jdbcType="VARCHAR" property="createTime" />
    <result column="update_time" jdbcType="VARCHAR" property="updateTime" />
    <result column="title" jdbcType="VARCHAR" property="title" />
    <result column="address_id" jdbcType="VARCHAR" property="addressId" />
    <result column="commodity_id" jdbcType="VARCHAR" property="commodityId" />
    <result column="logistics" jdbcType="VARCHAR" property="logistics" />
    <result column="money" jdbcType="DECIMAL" property="money" />
    <result column="income_payment" jdbcType="DECIMAL" property="incomePayment" />
    <result column="total" jdbcType="DECIMAL" property="total" />
    <result column="pay_state" jdbcType="VARCHAR" property="payState" />
    <result column="addressee" jdbcType="VARCHAR" property="addressee" />
    <result column="address" jdbcType="VARCHAR" property="address" />
    <result column="pay_style" jdbcType="VARCHAR" property="payStyle" />
    <result column="business_id" jdbcType="VARCHAR" property="businessId" />
    <result column="qr_code_url" jdbcType="VARCHAR" property="qrCodeUrl" />
    <result column="discount" jdbcType="DECIMAL" property="discount" />
    <result column="pay_date" jdbcType="VARCHAR" property="payDate" />
    <result column="pay_method" jdbcType="VARCHAR" property="payMethod" />
    <result column="shopping_type" jdbcType="VARCHAR" property="shoppingType" />
    <result column="team_id" jdbcType="VARCHAR" property="teamId" />
    <result column="invite_id" jdbcType="VARCHAR" property="inviteId" />
    <result column="seckill_id" jdbcType="VARCHAR" property="seckillId" />
    <result column="parent_id" jdbcType="VARCHAR" property="parentId" />
    <result column="course_id" jdbcType="VARCHAR" property="courseId" />
    <result column="live_id" jdbcType="VARCHAR" property="liveId" />
    <result column="month_buy_id" jdbcType="VARCHAR" property="monthBuyId" />
    <result column="invoice_state" jdbcType="VARCHAR" property="invoiceState" />
    <result column="customization_buy_id" jdbcType="VARCHAR" property="customizationBuyId" />
    <result column="id_card" jdbcType="VARCHAR" property="idCard" />
    <result column="detail_type" jdbcType="VARCHAR" property="detailType" />
    <result column="unit_price" jdbcType="DECIMAL" property="unitPrice" />
    <result column="wechat_id" jdbcType="VARCHAR" property="wechatId" />
    <result column="nzz_customization_id" jdbcType="VARCHAR" property="nzzCustomizationId" />
  </resultMap>
  <sql id="Base_Column_List">
    id, login_id, phone, token, num, details, type, state, create_time, update_time, 
    title, address_id, commodity_id, logistics, money, income_payment, total, pay_state, 
    addressee, address, pay_style, business_id, qr_code_url, discount, pay_date, pay_method, 
    shopping_type, team_id, invite_id, seckill_id, parent_id, course_id, live_id, month_buy_id, 
    invoice_state, customization_buy_id, id_card, detail_type, unit_price, wechat_id, 
    nzz_customization_id
  </sql>
  <select id="selectByPrimaryKey" parameterType="java.lang.String" resultMap="BaseResultMap">
    select 
    <include refid="Base_Column_List" />
    from t_order
    where id = #{id,jdbcType=VARCHAR}
  </select>
  <delete id="deleteByPrimaryKey" parameterType="java.lang.String">
    delete from t_order
    where id = #{id,jdbcType=VARCHAR}
  </delete>
  <insert id="insert" parameterType="com.zng.model.TOrder">
    insert into t_order (id, login_id, phone, 
      token, num, details, 
      type, state, create_time, 
      update_time, title, address_id, 
      commodity_id, logistics, money, 
      income_payment, total, pay_state, 
      addressee, address, pay_style, 
      business_id, qr_code_url, discount, 
      pay_date, pay_method, shopping_type, 
      team_id, invite_id, seckill_id, 
      parent_id, course_id, live_id, 
      month_buy_id, invoice_state, customization_buy_id, 
      id_card, detail_type, unit_price, 
      wechat_id, nzz_customization_id)
    values (#{id,jdbcType=VARCHAR}, #{loginId,jdbcType=VARCHAR}, #{phone,jdbcType=VARCHAR}, 
      #{token,jdbcType=DECIMAL}, #{num,jdbcType=VARCHAR}, #{details,jdbcType=VARCHAR}, 
      #{type,jdbcType=VARCHAR}, #{state,jdbcType=VARCHAR}, #{createTime,jdbcType=VARCHAR}, 
      #{updateTime,jdbcType=VARCHAR}, #{title,jdbcType=VARCHAR}, #{addressId,jdbcType=VARCHAR}, 
      #{commodityId,jdbcType=VARCHAR}, #{logistics,jdbcType=VARCHAR}, #{money,jdbcType=DECIMAL}, 
      #{incomePayment,jdbcType=DECIMAL}, #{total,jdbcType=DECIMAL}, #{payState,jdbcType=VARCHAR}, 
      #{addressee,jdbcType=VARCHAR}, #{address,jdbcType=VARCHAR}, #{payStyle,jdbcType=VARCHAR}, 
      #{businessId,jdbcType=VARCHAR}, #{qrCodeUrl,jdbcType=VARCHAR}, #{discount,jdbcType=DECIMAL}, 
      #{payDate,jdbcType=VARCHAR}, #{payMethod,jdbcType=VARCHAR}, #{shoppingType,jdbcType=VARCHAR}, 
      #{teamId,jdbcType=VARCHAR}, #{inviteId,jdbcType=VARCHAR}, #{seckillId,jdbcType=VARCHAR}, 
      #{parentId,jdbcType=VARCHAR}, #{courseId,jdbcType=VARCHAR}, #{liveId,jdbcType=VARCHAR}, 
      #{monthBuyId,jdbcType=VARCHAR}, #{invoiceState,jdbcType=VARCHAR}, #{customizationBuyId,jdbcType=VARCHAR}, 
      #{idCard,jdbcType=VARCHAR}, #{detailType,jdbcType=VARCHAR}, #{unitPrice,jdbcType=DECIMAL}, 
      #{wechatId,jdbcType=VARCHAR}, #{nzzCustomizationId,jdbcType=VARCHAR})
  </insert>
  <insert id="insertSelective" parameterType="com.zng.model.TOrder">
    insert into t_order
    <trim prefix="(" suffix=")" suffixOverrides=",">
      <if test="id != null">
        id,
      </if>
      <if test="loginId != null">
        login_id,
      </if>
      <if test="phone != null">
        phone,
      </if>
      <if test="token != null">
        token,
      </if>
      <if test="num != null">
        num,
      </if>
      <if test="details != null">
        details,
      </if>
      <if test="type != null">
        type,
      </if>
      <if test="state != null">
        state,
      </if>
      <if test="createTime != null">
        create_time,
      </if>
      <if test="updateTime != null">
        update_time,
      </if>
      <if test="title != null">
        title,
      </if>
      <if test="addressId != null">
        address_id,
      </if>
      <if test="commodityId != null">
        commodity_id,
      </if>
      <if test="logistics != null">
        logistics,
      </if>
      <if test="money != null">
        money,
      </if>
      <if test="incomePayment != null">
        income_payment,
      </if>
      <if test="total != null">
        total,
      </if>
      <if test="payState != null">
        pay_state,
      </if>
      <if test="addressee != null">
        addressee,
      </if>
      <if test="address != null">
        address,
      </if>
      <if test="payStyle != null">
        pay_style,
      </if>
      <if test="businessId != null">
        business_id,
      </if>
      <if test="qrCodeUrl != null">
        qr_code_url,
      </if>
      <if test="discount != null">
        discount,
      </if>
      <if test="payDate != null">
        pay_date,
      </if>
      <if test="payMethod != null">
        pay_method,
      </if>
      <if test="shoppingType != null">
        shopping_type,
      </if>
      <if test="teamId != null">
        team_id,
      </if>
      <if test="inviteId != null">
        invite_id,
      </if>
      <if test="seckillId != null">
        seckill_id,
      </if>
      <if test="parentId != null">
        parent_id,
      </if>
      <if test="courseId != null">
        course_id,
      </if>
      <if test="liveId != null">
        live_id,
      </if>
      <if test="monthBuyId != null">
        month_buy_id,
      </if>
      <if test="invoiceState != null">
        invoice_state,
      </if>
      <if test="customizationBuyId != null">
        customization_buy_id,
      </if>
      <if test="idCard != null">
        id_card,
      </if>
      <if test="detailType != null">
        detail_type,
      </if>
      <if test="unitPrice != null">
        unit_price,
      </if>
      <if test="wechatId != null">
        wechat_id,
      </if>
      <if test="nzzCustomizationId != null">
        nzz_customization_id,
      </if>
    </trim>
    <trim prefix="values (" suffix=")" suffixOverrides=",">
      <if test="id != null">
        #{id,jdbcType=VARCHAR},
      </if>
      <if test="loginId != null">
        #{loginId,jdbcType=VARCHAR},
      </if>
      <if test="phone != null">
        #{phone,jdbcType=VARCHAR},
      </if>
      <if test="token != null">
        #{token,jdbcType=DECIMAL},
      </if>
      <if test="num != null">
        #{num,jdbcType=VARCHAR},
      </if>
      <if test="details != null">
        #{details,jdbcType=VARCHAR},
      </if>
      <if test="type != null">
        #{type,jdbcType=VARCHAR},
      </if>
      <if test="state != null">
        #{state,jdbcType=VARCHAR},
      </if>
      <if test="createTime != null">
        #{createTime,jdbcType=VARCHAR},
      </if>
      <if test="updateTime != null">
        #{updateTime,jdbcType=VARCHAR},
      </if>
      <if test="title != null">
        #{title,jdbcType=VARCHAR},
      </if>
      <if test="addressId != null">
        #{addressId,jdbcType=VARCHAR},
      </if>
      <if test="commodityId != null">
        #{commodityId,jdbcType=VARCHAR},
      </if>
      <if test="logistics != null">
        #{logistics,jdbcType=VARCHAR},
      </if>
      <if test="money != null">
        #{money,jdbcType=DECIMAL},
      </if>
      <if test="incomePayment != null">
        #{incomePayment,jdbcType=DECIMAL},
      </if>
      <if test="total != null">
        #{total,jdbcType=DECIMAL},
      </if>
      <if test="payState != null">
        #{payState,jdbcType=VARCHAR},
      </if>
      <if test="addressee != null">
        #{addressee,jdbcType=VARCHAR},
      </if>
      <if test="address != null">
        #{address,jdbcType=VARCHAR},
      </if>
      <if test="payStyle != null">
        #{payStyle,jdbcType=VARCHAR},
      </if>
      <if test="businessId != null">
        #{businessId,jdbcType=VARCHAR},
      </if>
      <if test="qrCodeUrl != null">
        #{qrCodeUrl,jdbcType=VARCHAR},
      </if>
      <if test="discount != null">
        #{discount,jdbcType=DECIMAL},
      </if>
      <if test="payDate != null">
        #{payDate,jdbcType=VARCHAR},
      </if>
      <if test="payMethod != null">
        #{payMethod,jdbcType=VARCHAR},
      </if>
      <if test="shoppingType != null">
        #{shoppingType,jdbcType=VARCHAR},
      </if>
      <if test="teamId != null">
        #{teamId,jdbcType=VARCHAR},
      </if>
      <if test="inviteId != null">
        #{inviteId,jdbcType=VARCHAR},
      </if>
      <if test="seckillId != null">
        #{seckillId,jdbcType=VARCHAR},
      </if>
      <if test="parentId != null">
        #{parentId,jdbcType=VARCHAR},
      </if>
      <if test="courseId != null">
        #{courseId,jdbcType=VARCHAR},
      </if>
      <if test="liveId != null">
        #{liveId,jdbcType=VARCHAR},
      </if>
      <if test="monthBuyId != null">
        #{monthBuyId,jdbcType=VARCHAR},
      </if>
      <if test="invoiceState != null">
        #{invoiceState,jdbcType=VARCHAR},
      </if>
      <if test="customizationBuyId != null">
        #{customizationBuyId,jdbcType=VARCHAR},
      </if>
      <if test="idCard != null">
        #{idCard,jdbcType=VARCHAR},
      </if>
      <if test="detailType != null">
        #{detailType,jdbcType=VARCHAR},
      </if>
      <if test="unitPrice != null">
        #{unitPrice,jdbcType=DECIMAL},
      </if>
      <if test="wechatId != null">
        #{wechatId,jdbcType=VARCHAR},
      </if>
      <if test="nzzCustomizationId != null">
        #{nzzCustomizationId,jdbcType=VARCHAR},
      </if>
    </trim>
  </insert>
  <update id="updateByPrimaryKeySelective" parameterType="com.zng.model.TOrder">
    update t_order
    <set>
      <if test="loginId != null">
        login_id = #{loginId,jdbcType=VARCHAR},
      </if>
      <if test="phone != null">
        phone = #{phone,jdbcType=VARCHAR},
      </if>
      <if test="token != null">
        token = #{token,jdbcType=DECIMAL},
      </if>
      <if test="num != null">
        num = #{num,jdbcType=VARCHAR},
      </if>
      <if test="details != null">
        details = #{details,jdbcType=VARCHAR},
      </if>
      <if test="type != null">
        type = #{type,jdbcType=VARCHAR},
      </if>
      <if test="state != null">
        state = #{state,jdbcType=VARCHAR},
      </if>
      <if test="createTime != null">
        create_time = #{createTime,jdbcType=VARCHAR},
      </if>
      <if test="updateTime != null">
        update_time = #{updateTime,jdbcType=VARCHAR},
      </if>
      <if test="title != null">
        title = #{title,jdbcType=VARCHAR},
      </if>
      <if test="addressId != null">
        address_id = #{addressId,jdbcType=VARCHAR},
      </if>
      <if test="commodityId != null">
        commodity_id = #{commodityId,jdbcType=VARCHAR},
      </if>
      <if test="logistics != null">
        logistics = #{logistics,jdbcType=VARCHAR},
      </if>
      <if test="money != null">
        money = #{money,jdbcType=DECIMAL},
      </if>
      <if test="incomePayment != null">
        income_payment = #{incomePayment,jdbcType=DECIMAL},
      </if>
      <if test="total != null">
        total = #{total,jdbcType=DECIMAL},
      </if>
      <if test="payState != null">
        pay_state = #{payState,jdbcType=VARCHAR},
      </if>
      <if test="addressee != null">
        addressee = #{addressee,jdbcType=VARCHAR},
      </if>
      <if test="address != null">
        address = #{address,jdbcType=VARCHAR},
      </if>
      <if test="payStyle != null">
        pay_style = #{payStyle,jdbcType=VARCHAR},
      </if>
      <if test="businessId != null">
        business_id = #{businessId,jdbcType=VARCHAR},
      </if>
      <if test="qrCodeUrl != null">
        qr_code_url = #{qrCodeUrl,jdbcType=VARCHAR},
      </if>
      <if test="discount != null">
        discount = #{discount,jdbcType=DECIMAL},
      </if>
      <if test="payDate != null">
        pay_date = #{payDate,jdbcType=VARCHAR},
      </if>
      <if test="payMethod != null">
        pay_method = #{payMethod,jdbcType=VARCHAR},
      </if>
      <if test="shoppingType != null">
        shopping_type = #{shoppingType,jdbcType=VARCHAR},
      </if>
      <if test="teamId != null">
        team_id = #{teamId,jdbcType=VARCHAR},
      </if>
      <if test="inviteId != null">
        invite_id = #{inviteId,jdbcType=VARCHAR},
      </if>
      <if test="seckillId != null">
        seckill_id = #{seckillId,jdbcType=VARCHAR},
      </if>
      <if test="parentId != null">
        parent_id = #{parentId,jdbcType=VARCHAR},
      </if>
      <if test="courseId != null">
        course_id = #{courseId,jdbcType=VARCHAR},
      </if>
      <if test="liveId != null">
        live_id = #{liveId,jdbcType=VARCHAR},
      </if>
      <if test="monthBuyId != null">
        month_buy_id = #{monthBuyId,jdbcType=VARCHAR},
      </if>
      <if test="invoiceState != null">
        invoice_state = #{invoiceState,jdbcType=VARCHAR},
      </if>
      <if test="customizationBuyId != null">
        customization_buy_id = #{customizationBuyId,jdbcType=VARCHAR},
      </if>
      <if test="idCard != null">
        id_card = #{idCard,jdbcType=VARCHAR},
      </if>
      <if test="detailType != null">
        detail_type = #{detailType,jdbcType=VARCHAR},
      </if>
      <if test="unitPrice != null">
        unit_price = #{unitPrice,jdbcType=DECIMAL},
      </if>
      <if test="wechatId != null">
        wechat_id = #{wechatId,jdbcType=VARCHAR},
      </if>
      <if test="nzzCustomizationId != null">
        nzz_customization_id = #{nzzCustomizationId,jdbcType=VARCHAR},
      </if>
    </set>
    where id = #{id,jdbcType=VARCHAR}
  </update>
  <update id="updateByPrimaryKey" parameterType="com.zng.model.TOrder">
    update t_order
    set login_id = #{loginId,jdbcType=VARCHAR},
      phone = #{phone,jdbcType=VARCHAR},
      token = #{token,jdbcType=DECIMAL},
      num = #{num,jdbcType=VARCHAR},
      details = #{details,jdbcType=VARCHAR},
      type = #{type,jdbcType=VARCHAR},
      state = #{state,jdbcType=VARCHAR},
      create_time = #{createTime,jdbcType=VARCHAR},
      update_time = #{updateTime,jdbcType=VARCHAR},
      title = #{title,jdbcType=VARCHAR},
      address_id = #{addressId,jdbcType=VARCHAR},
      commodity_id = #{commodityId,jdbcType=VARCHAR},
      logistics = #{logistics,jdbcType=VARCHAR},
      money = #{money,jdbcType=DECIMAL},
      income_payment = #{incomePayment,jdbcType=DECIMAL},
      total = #{total,jdbcType=DECIMAL},
      pay_state = #{payState,jdbcType=VARCHAR},
      addressee = #{addressee,jdbcType=VARCHAR},
      address = #{address,jdbcType=VARCHAR},
      pay_style = #{payStyle,jdbcType=VARCHAR},
      business_id = #{businessId,jdbcType=VARCHAR},
      qr_code_url = #{qrCodeUrl,jdbcType=VARCHAR},
      discount = #{discount,jdbcType=DECIMAL},
      pay_date = #{payDate,jdbcType=VARCHAR},
      pay_method = #{payMethod,jdbcType=VARCHAR},
      shopping_type = #{shoppingType,jdbcType=VARCHAR},
      team_id = #{teamId,jdbcType=VARCHAR},
      invite_id = #{inviteId,jdbcType=VARCHAR},
      seckill_id = #{seckillId,jdbcType=VARCHAR},
      parent_id = #{parentId,jdbcType=VARCHAR},
      course_id = #{courseId,jdbcType=VARCHAR},
      live_id = #{liveId,jdbcType=VARCHAR},
      month_buy_id = #{monthBuyId,jdbcType=VARCHAR},
      invoice_state = #{invoiceState,jdbcType=VARCHAR},
      customization_buy_id = #{customizationBuyId,jdbcType=VARCHAR},
      id_card = #{idCard,jdbcType=VARCHAR},
      detail_type = #{detailType,jdbcType=VARCHAR},
      unit_price = #{unitPrice,jdbcType=DECIMAL},
      wechat_id = #{wechatId,jdbcType=VARCHAR},
      nzz_customization_id = #{nzzCustomizationId,jdbcType=VARCHAR}
    where id = #{id,jdbcType=VARCHAR}
  </update>
</mapper>