<?xml version="1.0" encoding="UTF-8"?>
<!DOCTYPE mapper PUBLIC "-//mybatis.org//DTD Mapper 3.0//EN" "http://mybatis.org/dtd/mybatis-3-mapper.dtd">
<mapper namespace="com.zng.mapper.TOrganizationricecardMapper">
  <resultMap id="BaseResultMap" type="com.zng.model.TOrganizationricecard">
    <id column="id" jdbcType="VARCHAR" property="id" />
    <result column="orgenization_id" jdbcType="VARCHAR" property="orgenizationId" />
    <result column="number" jdbcType="DECIMAL" property="number" />
    <result column="content" jdbcType="VARCHAR" property="content" />
    <result column="create_user" jdbcType="VARCHAR" property="createUser" />
    <result column="create_time" jdbcType="TIMESTAMP" property="createTime" />
    <result column="update_user" jdbcType="VARCHAR" property="updateUser" />
    <result column="update_time" jdbcType="TIMESTAMP" property="updateTime" />
    <result column="order_id" jdbcType="VARCHAR" property="orderId" />
    <result column="type" jdbcType="TINYINT" property="type" />
  </resultMap>
  <sql id="Base_Column_List">
    id, orgenization_id, number, content, create_user, create_time, update_user, update_time, 
    order_id, type
  </sql>
  <select id="selectByPrimaryKey" parameterType="java.lang.String" resultMap="BaseResultMap">
    select 
    <include refid="Base_Column_List" />
    from t_organizationricecard
    where id = #{id,jdbcType=VARCHAR}
  </select>
  <delete id="deleteByPrimaryKey" parameterType="java.lang.String">
    delete from t_organizationricecard
    where id = #{id,jdbcType=VARCHAR}
  </delete>
  <insert id="insert" parameterType="com.zng.model.TOrganizationricecard">
    insert into t_organizationricecard (id, orgenization_id, number, 
      content, create_user, create_time, 
      update_user, update_time, order_id, 
      type)
    values (#{id,jdbcType=VARCHAR}, #{orgenizationId,jdbcType=VARCHAR}, #{number,jdbcType=DECIMAL}, 
      #{content,jdbcType=VARCHAR}, #{createUser,jdbcType=VARCHAR}, #{createTime,jdbcType=TIMESTAMP}, 
      #{updateUser,jdbcType=VARCHAR}, #{updateTime,jdbcType=TIMESTAMP}, #{orderId,jdbcType=VARCHAR}, 
      #{type,jdbcType=TINYINT})
  </insert>
  <insert id="insertSelective" parameterType="com.zng.model.TOrganizationricecard">
    insert into t_organizationricecard
    <trim prefix="(" suffix=")" suffixOverrides=",">
      <if test="id != null">
        id,
      </if>
      <if test="orgenizationId != null">
        orgenization_id,
      </if>
      <if test="number != null">
        number,
      </if>
      <if test="content != null">
        content,
      </if>
      <if test="createUser != null">
        create_user,
      </if>
      <if test="createTime != null">
        create_time,
      </if>
      <if test="updateUser != null">
        update_user,
      </if>
      <if test="updateTime != null">
        update_time,
      </if>
      <if test="orderId != null">
        order_id,
      </if>
      <if test="type != null">
        type,
      </if>
    </trim>
    <trim prefix="values (" suffix=")" suffixOverrides=",">
      <if test="id != null">
        #{id,jdbcType=VARCHAR},
      </if>
      <if test="orgenizationId != null">
        #{orgenizationId,jdbcType=VARCHAR},
      </if>
      <if test="number != null">
        #{number,jdbcType=DECIMAL},
      </if>
      <if test="content != null">
        #{content,jdbcType=VARCHAR},
      </if>
      <if test="createUser != null">
        #{createUser,jdbcType=VARCHAR},
      </if>
      <if test="createTime != null">
        #{createTime,jdbcType=TIMESTAMP},
      </if>
      <if test="updateUser != null">
        #{updateUser,jdbcType=VARCHAR},
      </if>
      <if test="updateTime != null">
        #{updateTime,jdbcType=TIMESTAMP},
      </if>
      <if test="orderId != null">
        #{orderId,jdbcType=VARCHAR},
      </if>
      <if test="type != null">
        #{type,jdbcType=TINYINT},
      </if>
    </trim>
  </insert>
  <update id="updateByPrimaryKeySelective" parameterType="com.zng.model.TOrganizationricecard">
    update t_organizationricecard
    <set>
      <if test="orgenizationId != null">
        orgenization_id = #{orgenizationId,jdbcType=VARCHAR},
      </if>
      <if test="number != null">
        number = #{number,jdbcType=DECIMAL},
      </if>
      <if test="content != null">
        content = #{content,jdbcType=VARCHAR},
      </if>
      <if test="createUser != null">
        create_user = #{createUser,jdbcType=VARCHAR},
      </if>
      <if test="createTime != null">
        create_time = #{createTime,jdbcType=TIMESTAMP},
      </if>
      <if test="updateUser != null">
        update_user = #{updateUser,jdbcType=VARCHAR},
      </if>
      <if test="updateTime != null">
        update_time = #{updateTime,jdbcType=TIMESTAMP},
      </if>
      <if test="orderId != null">
        order_id = #{orderId,jdbcType=VARCHAR},
      </if>
      <if test="type != null">
        type = #{type,jdbcType=TINYINT},
      </if>
    </set>
    where id = #{id,jdbcType=VARCHAR}
  </update>
  <update id="updateByPrimaryKey" parameterType="com.zng.model.TOrganizationricecard">
    update t_organizationricecard
    set orgenization_id = #{orgenizationId,jdbcType=VARCHAR},
      number = #{number,jdbcType=DECIMAL},
      content = #{content,jdbcType=VARCHAR},
      create_user = #{createUser,jdbcType=VARCHAR},
      create_time = #{createTime,jdbcType=TIMESTAMP},
      update_user = #{updateUser,jdbcType=VARCHAR},
      update_time = #{updateTime,jdbcType=TIMESTAMP},
      order_id = #{orderId,jdbcType=VARCHAR},
      type = #{type,jdbcType=TINYINT}
    where id = #{id,jdbcType=VARCHAR}
  </update>
</mapper>