<?xml version="1.0" encoding="UTF-8"?>
<!DOCTYPE mapper PUBLIC "-//mybatis.org//DTD Mapper 3.0//EN" "http://mybatis.org/dtd/mybatis-3-mapper.dtd">
<mapper namespace="com.zng.mapper.TParentorderMapper">
  <resultMap id="BaseResultMap" type="com.zng.model.TParentorder">
    <id column="id" jdbcType="VARCHAR" property="id" />
    <result column="login_id" jdbcType="VARCHAR" property="loginId" />
    <result column="phone" jdbcType="VARCHAR" property="phone" />
    <result column="token" jdbcType="DECIMAL" property="token" />
    <result column="num" jdbcType="VARCHAR" property="num" />
    <result column="details" jdbcType="VARCHAR" property="details" />
    <result column="state" jdbcType="VARCHAR" property="state" />
    <result column="create_time" jdbcType="VARCHAR" property="createTime" />
    <result column="update_time" jdbcType="VARCHAR" property="updateTime" />
    <result column="title" jdbcType="VARCHAR" property="title" />
    <result column="address_id" jdbcType="VARCHAR" property="addressId" />
    <result column="logistics" jdbcType="VARCHAR" property="logistics" />
    <result column="money" jdbcType="DECIMAL" property="money" />
    <result column="total" jdbcType="DECIMAL" property="total" />
    <result column="pay_state" jdbcType="VARCHAR" property="payState" />
    <result column="addressee" jdbcType="VARCHAR" property="addressee" />
    <result column="address" jdbcType="VARCHAR" property="address" />
    <result column="discount" jdbcType="DECIMAL" property="discount" />
    <result column="business_id" jdbcType="VARCHAR" property="businessId" />
    <result column="course_id" jdbcType="VARCHAR" property="courseId" />
    <result column="transfer_img" jdbcType="VARCHAR" property="transferImg" />
    <result column="receive_payment_img" jdbcType="VARCHAR" property="receivePaymentImg" />
    <result column="is_transfer" jdbcType="VARCHAR" property="isTransfer" />
    <result column="financial_state" jdbcType="VARCHAR" property="financialState" />
    <result column="inviter_login" jdbcType="VARCHAR" property="inviterLogin" />
    <result column="inviter_phone" jdbcType="VARCHAR" property="inviterPhone" />
    <result column="remit_account" jdbcType="VARCHAR" property="remitAccount" />
    <result column="review_state" jdbcType="VARCHAR" property="reviewState" />
    <result column="delete_state" jdbcType="VARCHAR" property="deleteState" />
    <result column="pay_type" jdbcType="VARCHAR" property="payType" />
    <result column="commodity_id" jdbcType="VARCHAR" property="commodityId" />
    <result column="commodity_num" jdbcType="INTEGER" property="commodityNum" />
  </resultMap>
  <sql id="Base_Column_List">
    id, login_id, phone, token, num, details, state, create_time, update_time, title, 
    address_id, logistics, money, total, pay_state, addressee, address, discount, business_id, 
    course_id, transfer_img, receive_payment_img, is_transfer, financial_state, inviter_login, 
    inviter_phone, remit_account, review_state, delete_state, pay_type, commodity_id, 
    commodity_num
  </sql>
  <select id="selectByPrimaryKey" parameterType="java.lang.String" resultMap="BaseResultMap">
    select 
    <include refid="Base_Column_List" />
    from t_parentorder
    where id = #{id,jdbcType=VARCHAR}
  </select>
  <delete id="deleteByPrimaryKey" parameterType="java.lang.String">
    delete from t_parentorder
    where id = #{id,jdbcType=VARCHAR}
  </delete>
  <insert id="insert" parameterType="com.zng.model.TParentorder">
    insert into t_parentorder (id, login_id, phone, 
      token, num, details, 
      state, create_time, update_time, 
      title, address_id, logistics, 
      money, total, pay_state, 
      addressee, address, discount, 
      business_id, course_id, transfer_img, 
      receive_payment_img, is_transfer, financial_state, 
      inviter_login, inviter_phone, remit_account, 
      review_state, delete_state, pay_type, 
      commodity_id, commodity_num)
    values (#{id,jdbcType=VARCHAR}, #{loginId,jdbcType=VARCHAR}, #{phone,jdbcType=VARCHAR}, 
      #{token,jdbcType=DECIMAL}, #{num,jdbcType=VARCHAR}, #{details,jdbcType=VARCHAR}, 
      #{state,jdbcType=VARCHAR}, #{createTime,jdbcType=VARCHAR}, #{updateTime,jdbcType=VARCHAR}, 
      #{title,jdbcType=VARCHAR}, #{addressId,jdbcType=VARCHAR}, #{logistics,jdbcType=VARCHAR}, 
      #{money,jdbcType=DECIMAL}, #{total,jdbcType=DECIMAL}, #{payState,jdbcType=VARCHAR}, 
      #{addressee,jdbcType=VARCHAR}, #{address,jdbcType=VARCHAR}, #{discount,jdbcType=DECIMAL}, 
      #{businessId,jdbcType=VARCHAR}, #{courseId,jdbcType=VARCHAR}, #{transferImg,jdbcType=VARCHAR}, 
      #{receivePaymentImg,jdbcType=VARCHAR}, #{isTransfer,jdbcType=VARCHAR}, #{financialState,jdbcType=VARCHAR}, 
      #{inviterLogin,jdbcType=VARCHAR}, #{inviterPhone,jdbcType=VARCHAR}, #{remitAccount,jdbcType=VARCHAR}, 
      #{reviewState,jdbcType=VARCHAR}, #{deleteState,jdbcType=VARCHAR}, #{payType,jdbcType=VARCHAR}, 
      #{commodityId,jdbcType=VARCHAR}, #{commodityNum,jdbcType=INTEGER})
  </insert>
  <insert id="insertSelective" parameterType="com.zng.model.TParentorder">
    insert into t_parentorder
    <trim prefix="(" suffix=")" suffixOverrides=",">
      <if test="id != null">
        id,
      </if>
      <if test="loginId != null">
        login_id,
      </if>
      <if test="phone != null">
        phone,
      </if>
      <if test="token != null">
        token,
      </if>
      <if test="num != null">
        num,
      </if>
      <if test="details != null">
        details,
      </if>
      <if test="state != null">
        state,
      </if>
      <if test="createTime != null">
        create_time,
      </if>
      <if test="updateTime != null">
        update_time,
      </if>
      <if test="title != null">
        title,
      </if>
      <if test="addressId != null">
        address_id,
      </if>
      <if test="logistics != null">
        logistics,
      </if>
      <if test="money != null">
        money,
      </if>
      <if test="total != null">
        total,
      </if>
      <if test="payState != null">
        pay_state,
      </if>
      <if test="addressee != null">
        addressee,
      </if>
      <if test="address != null">
        address,
      </if>
      <if test="discount != null">
        discount,
      </if>
      <if test="businessId != null">
        business_id,
      </if>
      <if test="courseId != null">
        course_id,
      </if>
      <if test="transferImg != null">
        transfer_img,
      </if>
      <if test="receivePaymentImg != null">
        receive_payment_img,
      </if>
      <if test="isTransfer != null">
        is_transfer,
      </if>
      <if test="financialState != null">
        financial_state,
      </if>
      <if test="inviterLogin != null">
        inviter_login,
      </if>
      <if test="inviterPhone != null">
        inviter_phone,
      </if>
      <if test="remitAccount != null">
        remit_account,
      </if>
      <if test="reviewState != null">
        review_state,
      </if>
      <if test="deleteState != null">
        delete_state,
      </if>
      <if test="payType != null">
        pay_type,
      </if>
      <if test="commodityId != null">
        commodity_id,
      </if>
      <if test="commodityNum != null">
        commodity_num,
      </if>
    </trim>
    <trim prefix="values (" suffix=")" suffixOverrides=",">
      <if test="id != null">
        #{id,jdbcType=VARCHAR},
      </if>
      <if test="loginId != null">
        #{loginId,jdbcType=VARCHAR},
      </if>
      <if test="phone != null">
        #{phone,jdbcType=VARCHAR},
      </if>
      <if test="token != null">
        #{token,jdbcType=DECIMAL},
      </if>
      <if test="num != null">
        #{num,jdbcType=VARCHAR},
      </if>
      <if test="details != null">
        #{details,jdbcType=VARCHAR},
      </if>
      <if test="state != null">
        #{state,jdbcType=VARCHAR},
      </if>
      <if test="createTime != null">
        #{createTime,jdbcType=VARCHAR},
      </if>
      <if test="updateTime != null">
        #{updateTime,jdbcType=VARCHAR},
      </if>
      <if test="title != null">
        #{title,jdbcType=VARCHAR},
      </if>
      <if test="addressId != null">
        #{addressId,jdbcType=VARCHAR},
      </if>
      <if test="logistics != null">
        #{logistics,jdbcType=VARCHAR},
      </if>
      <if test="money != null">
        #{money,jdbcType=DECIMAL},
      </if>
      <if test="total != null">
        #{total,jdbcType=DECIMAL},
      </if>
      <if test="payState != null">
        #{payState,jdbcType=VARCHAR},
      </if>
      <if test="addressee != null">
        #{addressee,jdbcType=VARCHAR},
      </if>
      <if test="address != null">
        #{address,jdbcType=VARCHAR},
      </if>
      <if test="discount != null">
        #{discount,jdbcType=DECIMAL},
      </if>
      <if test="businessId != null">
        #{businessId,jdbcType=VARCHAR},
      </if>
      <if test="courseId != null">
        #{courseId,jdbcType=VARCHAR},
      </if>
      <if test="transferImg != null">
        #{transferImg,jdbcType=VARCHAR},
      </if>
      <if test="receivePaymentImg != null">
        #{receivePaymentImg,jdbcType=VARCHAR},
      </if>
      <if test="isTransfer != null">
        #{isTransfer,jdbcType=VARCHAR},
      </if>
      <if test="financialState != null">
        #{financialState,jdbcType=VARCHAR},
      </if>
      <if test="inviterLogin != null">
        #{inviterLogin,jdbcType=VARCHAR},
      </if>
      <if test="inviterPhone != null">
        #{inviterPhone,jdbcType=VARCHAR},
      </if>
      <if test="remitAccount != null">
        #{remitAccount,jdbcType=VARCHAR},
      </if>
      <if test="reviewState != null">
        #{reviewState,jdbcType=VARCHAR},
      </if>
      <if test="deleteState != null">
        #{deleteState,jdbcType=VARCHAR},
      </if>
      <if test="payType != null">
        #{payType,jdbcType=VARCHAR},
      </if>
      <if test="commodityId != null">
        #{commodityId,jdbcType=VARCHAR},
      </if>
      <if test="commodityNum != null">
        #{commodityNum,jdbcType=INTEGER},
      </if>
    </trim>
  </insert>
  <update id="updateByPrimaryKeySelective" parameterType="com.zng.model.TParentorder">
    update t_parentorder
    <set>
      <if test="loginId != null">
        login_id = #{loginId,jdbcType=VARCHAR},
      </if>
      <if test="phone != null">
        phone = #{phone,jdbcType=VARCHAR},
      </if>
      <if test="token != null">
        token = #{token,jdbcType=DECIMAL},
      </if>
      <if test="num != null">
        num = #{num,jdbcType=VARCHAR},
      </if>
      <if test="details != null">
        details = #{details,jdbcType=VARCHAR},
      </if>
      <if test="state != null">
        state = #{state,jdbcType=VARCHAR},
      </if>
      <if test="createTime != null">
        create_time = #{createTime,jdbcType=VARCHAR},
      </if>
      <if test="updateTime != null">
        update_time = #{updateTime,jdbcType=VARCHAR},
      </if>
      <if test="title != null">
        title = #{title,jdbcType=VARCHAR},
      </if>
      <if test="addressId != null">
        address_id = #{addressId,jdbcType=VARCHAR},
      </if>
      <if test="logistics != null">
        logistics = #{logistics,jdbcType=VARCHAR},
      </if>
      <if test="money != null">
        money = #{money,jdbcType=DECIMAL},
      </if>
      <if test="total != null">
        total = #{total,jdbcType=DECIMAL},
      </if>
      <if test="payState != null">
        pay_state = #{payState,jdbcType=VARCHAR},
      </if>
      <if test="addressee != null">
        addressee = #{addressee,jdbcType=VARCHAR},
      </if>
      <if test="address != null">
        address = #{address,jdbcType=VARCHAR},
      </if>
      <if test="discount != null">
        discount = #{discount,jdbcType=DECIMAL},
      </if>
      <if test="businessId != null">
        business_id = #{businessId,jdbcType=VARCHAR},
      </if>
      <if test="courseId != null">
        course_id = #{courseId,jdbcType=VARCHAR},
      </if>
      <if test="transferImg != null">
        transfer_img = #{transferImg,jdbcType=VARCHAR},
      </if>
      <if test="receivePaymentImg != null">
        receive_payment_img = #{receivePaymentImg,jdbcType=VARCHAR},
      </if>
      <if test="isTransfer != null">
        is_transfer = #{isTransfer,jdbcType=VARCHAR},
      </if>
      <if test="financialState != null">
        financial_state = #{financialState,jdbcType=VARCHAR},
      </if>
      <if test="inviterLogin != null">
        inviter_login = #{inviterLogin,jdbcType=VARCHAR},
      </if>
      <if test="inviterPhone != null">
        inviter_phone = #{inviterPhone,jdbcType=VARCHAR},
      </if>
      <if test="remitAccount != null">
        remit_account = #{remitAccount,jdbcType=VARCHAR},
      </if>
      <if test="reviewState != null">
        review_state = #{reviewState,jdbcType=VARCHAR},
      </if>
      <if test="deleteState != null">
        delete_state = #{deleteState,jdbcType=VARCHAR},
      </if>
      <if test="payType != null">
        pay_type = #{payType,jdbcType=VARCHAR},
      </if>
      <if test="commodityId != null">
        commodity_id = #{commodityId,jdbcType=VARCHAR},
      </if>
      <if test="commodityNum != null">
        commodity_num = #{commodityNum,jdbcType=INTEGER},
      </if>
    </set>
    where id = #{id,jdbcType=VARCHAR}
  </update>
  <update id="updateByPrimaryKey" parameterType="com.zng.model.TParentorder">
    update t_parentorder
    set login_id = #{loginId,jdbcType=VARCHAR},
      phone = #{phone,jdbcType=VARCHAR},
      token = #{token,jdbcType=DECIMAL},
      num = #{num,jdbcType=VARCHAR},
      details = #{details,jdbcType=VARCHAR},
      state = #{state,jdbcType=VARCHAR},
      create_time = #{createTime,jdbcType=VARCHAR},
      update_time = #{updateTime,jdbcType=VARCHAR},
      title = #{title,jdbcType=VARCHAR},
      address_id = #{addressId,jdbcType=VARCHAR},
      logistics = #{logistics,jdbcType=VARCHAR},
      money = #{money,jdbcType=DECIMAL},
      total = #{total,jdbcType=DECIMAL},
      pay_state = #{payState,jdbcType=VARCHAR},
      addressee = #{addressee,jdbcType=VARCHAR},
      address = #{address,jdbcType=VARCHAR},
      discount = #{discount,jdbcType=DECIMAL},
      business_id = #{businessId,jdbcType=VARCHAR},
      course_id = #{courseId,jdbcType=VARCHAR},
      transfer_img = #{transferImg,jdbcType=VARCHAR},
      receive_payment_img = #{receivePaymentImg,jdbcType=VARCHAR},
      is_transfer = #{isTransfer,jdbcType=VARCHAR},
      financial_state = #{financialState,jdbcType=VARCHAR},
      inviter_login = #{inviterLogin,jdbcType=VARCHAR},
      inviter_phone = #{inviterPhone,jdbcType=VARCHAR},
      remit_account = #{remitAccount,jdbcType=VARCHAR},
      review_state = #{reviewState,jdbcType=VARCHAR},
      delete_state = #{deleteState,jdbcType=VARCHAR},
      pay_type = #{payType,jdbcType=VARCHAR},
      commodity_id = #{commodityId,jdbcType=VARCHAR},
      commodity_num = #{commodityNum,jdbcType=INTEGER}
    where id = #{id,jdbcType=VARCHAR}
  </update>
</mapper>