<?xml version="1.0" encoding="UTF-8"?>
<!DOCTYPE mapper PUBLIC "-//mybatis.org//DTD Mapper 3.0//EN" "http://mybatis.org/dtd/mybatis-3-mapper.dtd">
<mapper namespace="com.zng.mapper.TPostageMapper">
  <resultMap id="BaseResultMap" type="com.zng.model.TPostage">
    <id column="id" jdbcType="VARCHAR" property="id" />
    <result column="business_id" jdbcType="VARCHAR" property="businessId" />
    <result column="province" jdbcType="VARCHAR" property="province" />
    <result column="postage" jdbcType="DECIMAL" property="postage" />
    <result column="state" jdbcType="VARCHAR" property="state" />
    <result column="create_time" jdbcType="VARCHAR" property="createTime" />
    <result column="update_time" jdbcType="VARCHAR" property="updateTime" />
    <result column="commodity_id" jdbcType="VARCHAR" property="commodityId" />
    <result column="number" jdbcType="INTEGER" property="number" />
    <result column="reach_num" jdbcType="INTEGER" property="reachNum" />
    <result column="reachnum_postage" jdbcType="DECIMAL" property="reachnumPostage" />
    <result column="send_state" jdbcType="VARCHAR" property="sendState" />
  </resultMap>
  <sql id="Base_Column_List">
    id, business_id, province, postage, state, create_time, update_time, commodity_id, 
    number, reach_num, reachnum_postage, send_state
  </sql>
  <select id="selectByPrimaryKey" parameterType="java.lang.String" resultMap="BaseResultMap">
    select 
    <include refid="Base_Column_List" />
    from t_postage
    where id = #{id,jdbcType=VARCHAR}
  </select>
  <delete id="deleteByPrimaryKey" parameterType="java.lang.String">
    delete from t_postage
    where id = #{id,jdbcType=VARCHAR}
  </delete>
  <insert id="insert" parameterType="com.zng.model.TPostage">
    insert into t_postage (id, business_id, province, 
      postage, state, create_time, 
      update_time, commodity_id, number, 
      reach_num, reachnum_postage, send_state
      )
    values (#{id,jdbcType=VARCHAR}, #{businessId,jdbcType=VARCHAR}, #{province,jdbcType=VARCHAR}, 
      #{postage,jdbcType=DECIMAL}, #{state,jdbcType=VARCHAR}, #{createTime,jdbcType=VARCHAR}, 
      #{updateTime,jdbcType=VARCHAR}, #{commodityId,jdbcType=VARCHAR}, #{number,jdbcType=INTEGER}, 
      #{reachNum,jdbcType=INTEGER}, #{reachnumPostage,jdbcType=DECIMAL}, #{sendState,jdbcType=VARCHAR}
      )
  </insert>
  <insert id="insertSelective" parameterType="com.zng.model.TPostage">
    insert into t_postage
    <trim prefix="(" suffix=")" suffixOverrides=",">
      <if test="id != null">
        id,
      </if>
      <if test="businessId != null">
        business_id,
      </if>
      <if test="province != null">
        province,
      </if>
      <if test="postage != null">
        postage,
      </if>
      <if test="state != null">
        state,
      </if>
      <if test="createTime != null">
        create_time,
      </if>
      <if test="updateTime != null">
        update_time,
      </if>
      <if test="commodityId != null">
        commodity_id,
      </if>
      <if test="number != null">
        number,
      </if>
      <if test="reachNum != null">
        reach_num,
      </if>
      <if test="reachnumPostage != null">
        reachnum_postage,
      </if>
      <if test="sendState != null">
        send_state,
      </if>
    </trim>
    <trim prefix="values (" suffix=")" suffixOverrides=",">
      <if test="id != null">
        #{id,jdbcType=VARCHAR},
      </if>
      <if test="businessId != null">
        #{businessId,jdbcType=VARCHAR},
      </if>
      <if test="province != null">
        #{province,jdbcType=VARCHAR},
      </if>
      <if test="postage != null">
        #{postage,jdbcType=DECIMAL},
      </if>
      <if test="state != null">
        #{state,jdbcType=VARCHAR},
      </if>
      <if test="createTime != null">
        #{createTime,jdbcType=VARCHAR},
      </if>
      <if test="updateTime != null">
        #{updateTime,jdbcType=VARCHAR},
      </if>
      <if test="commodityId != null">
        #{commodityId,jdbcType=VARCHAR},
      </if>
      <if test="number != null">
        #{number,jdbcType=INTEGER},
      </if>
      <if test="reachNum != null">
        #{reachNum,jdbcType=INTEGER},
      </if>
      <if test="reachnumPostage != null">
        #{reachnumPostage,jdbcType=DECIMAL},
      </if>
      <if test="sendState != null">
        #{sendState,jdbcType=VARCHAR},
      </if>
    </trim>
  </insert>
  <update id="updateByPrimaryKeySelective" parameterType="com.zng.model.TPostage">
    update t_postage
    <set>
      <if test="businessId != null">
        business_id = #{businessId,jdbcType=VARCHAR},
      </if>
      <if test="province != null">
        province = #{province,jdbcType=VARCHAR},
      </if>
      <if test="postage != null">
        postage = #{postage,jdbcType=DECIMAL},
      </if>
      <if test="state != null">
        state = #{state,jdbcType=VARCHAR},
      </if>
      <if test="createTime != null">
        create_time = #{createTime,jdbcType=VARCHAR},
      </if>
      <if test="updateTime != null">
        update_time = #{updateTime,jdbcType=VARCHAR},
      </if>
      <if test="commodityId != null">
        commodity_id = #{commodityId,jdbcType=VARCHAR},
      </if>
      <if test="number != null">
        number = #{number,jdbcType=INTEGER},
      </if>
      <if test="reachNum != null">
        reach_num = #{reachNum,jdbcType=INTEGER},
      </if>
      <if test="reachnumPostage != null">
        reachnum_postage = #{reachnumPostage,jdbcType=DECIMAL},
      </if>
      <if test="sendState != null">
        send_state = #{sendState,jdbcType=VARCHAR},
      </if>
    </set>
    where id = #{id,jdbcType=VARCHAR}
  </update>
  <update id="updateByPrimaryKey" parameterType="com.zng.model.TPostage">
    update t_postage
    set business_id = #{businessId,jdbcType=VARCHAR},
      province = #{province,jdbcType=VARCHAR},
      postage = #{postage,jdbcType=DECIMAL},
      state = #{state,jdbcType=VARCHAR},
      create_time = #{createTime,jdbcType=VARCHAR},
      update_time = #{updateTime,jdbcType=VARCHAR},
      commodity_id = #{commodityId,jdbcType=VARCHAR},
      number = #{number,jdbcType=INTEGER},
      reach_num = #{reachNum,jdbcType=INTEGER},
      reachnum_postage = #{reachnumPostage,jdbcType=DECIMAL},
      send_state = #{sendState,jdbcType=VARCHAR}
    where id = #{id,jdbcType=VARCHAR}
  </update>
</mapper>