<?xml version="1.0" encoding="UTF-8"?>
<!DOCTYPE mapper PUBLIC "-//mybatis.org//DTD Mapper 3.0//EN" "http://mybatis.org/dtd/mybatis-3-mapper.dtd">
<mapper namespace="com.zng.mapper.TPresenttogetherMapper">
  <resultMap id="BaseResultMap" type="com.zng.model.TPresenttogether">
    <id column="id" jdbcType="VARCHAR" property="id" />
    <result column="code" jdbcType="INTEGER" property="code" />
    <result column="inviter_id" jdbcType="INTEGER" property="inviterId" />
    <result column="state" jdbcType="VARCHAR" property="state" />
    <result column="create_time" jdbcType="VARCHAR" property="createTime" />
    <result column="update_time" jdbcType="VARCHAR" property="updateTime" />
    <result column="login_id" jdbcType="VARCHAR" property="loginId" />
    <result column="area" jdbcType="VARCHAR" property="area" />
    <result column="name" jdbcType="VARCHAR" property="name" />
    <result column="id_card" jdbcType="VARCHAR" property="idCard" />
    <result column="up_url" jdbcType="VARCHAR" property="upUrl" />
    <result column="region_id" jdbcType="VARCHAR" property="regionId" />
    <result column="down_url" jdbcType="VARCHAR" property="downUrl" />
    <result column="phone" jdbcType="VARCHAR" property="phone" />
    <result column="authentication_time" jdbcType="VARCHAR" property="authenticationTime" />
    <result column="together_id" jdbcType="VARCHAR" property="togetherId" />
    <result column="whether" jdbcType="INTEGER" property="whether" />
    <result column="address" jdbcType="VARCHAR" property="address" />
    <result column="birthday" jdbcType="VARCHAR" property="birthday" />
    <result column="sex" jdbcType="VARCHAR" property="sex" />
    <result column="nation" jdbcType="VARCHAR" property="nation" />
    <result column="expiration" jdbcType="VARCHAR" property="expiration" />
    <result column="pinyin" jdbcType="VARCHAR" property="pinyin" />
    <result column="bank_num" jdbcType="VARCHAR" property="bankNum" />
  </resultMap>
  <sql id="Base_Column_List">
    id, code, inviter_id, state, create_time, update_time, login_id, area, name, id_card, 
    up_url, region_id, down_url, phone, authentication_time, together_id, whether, address, 
    birthday, sex, nation, expiration, pinyin, bank_num
  </sql>
  <select id="selectByPrimaryKey" parameterType="java.lang.String" resultMap="BaseResultMap">
    select 
    <include refid="Base_Column_List" />
    from t_presenttogether
    where id = #{id,jdbcType=VARCHAR}
  </select>
  <delete id="deleteByPrimaryKey" parameterType="java.lang.String">
    delete from t_presenttogether
    where id = #{id,jdbcType=VARCHAR}
  </delete>
  <insert id="insert" parameterType="com.zng.model.TPresenttogether">
    insert into t_presenttogether (id, code, inviter_id, 
      state, create_time, update_time, 
      login_id, area, name, 
      id_card, up_url, region_id, 
      down_url, phone, authentication_time, 
      together_id, whether, address, 
      birthday, sex, nation, 
      expiration, pinyin, bank_num
      )
    values (#{id,jdbcType=VARCHAR}, #{code,jdbcType=INTEGER}, #{inviterId,jdbcType=INTEGER}, 
      #{state,jdbcType=VARCHAR}, #{createTime,jdbcType=VARCHAR}, #{updateTime,jdbcType=VARCHAR}, 
      #{loginId,jdbcType=VARCHAR}, #{area,jdbcType=VARCHAR}, #{name,jdbcType=VARCHAR}, 
      #{idCard,jdbcType=VARCHAR}, #{upUrl,jdbcType=VARCHAR}, #{regionId,jdbcType=VARCHAR}, 
      #{downUrl,jdbcType=VARCHAR}, #{phone,jdbcType=VARCHAR}, #{authenticationTime,jdbcType=VARCHAR}, 
      #{togetherId,jdbcType=VARCHAR}, #{whether,jdbcType=INTEGER}, #{address,jdbcType=VARCHAR}, 
      #{birthday,jdbcType=VARCHAR}, #{sex,jdbcType=VARCHAR}, #{nation,jdbcType=VARCHAR}, 
      #{expiration,jdbcType=VARCHAR}, #{pinyin,jdbcType=VARCHAR}, #{bankNum,jdbcType=VARCHAR}
      )
  </insert>
  <insert id="insertSelective" parameterType="com.zng.model.TPresenttogether">
    insert into t_presenttogether
    <trim prefix="(" suffix=")" suffixOverrides=",">
      <if test="id != null">
        id,
      </if>
      <if test="code != null">
        code,
      </if>
      <if test="inviterId != null">
        inviter_id,
      </if>
      <if test="state != null">
        state,
      </if>
      <if test="createTime != null">
        create_time,
      </if>
      <if test="updateTime != null">
        update_time,
      </if>
      <if test="loginId != null">
        login_id,
      </if>
      <if test="area != null">
        area,
      </if>
      <if test="name != null">
        name,
      </if>
      <if test="idCard != null">
        id_card,
      </if>
      <if test="upUrl != null">
        up_url,
      </if>
      <if test="regionId != null">
        region_id,
      </if>
      <if test="downUrl != null">
        down_url,
      </if>
      <if test="phone != null">
        phone,
      </if>
      <if test="authenticationTime != null">
        authentication_time,
      </if>
      <if test="togetherId != null">
        together_id,
      </if>
      <if test="whether != null">
        whether,
      </if>
      <if test="address != null">
        address,
      </if>
      <if test="birthday != null">
        birthday,
      </if>
      <if test="sex != null">
        sex,
      </if>
      <if test="nation != null">
        nation,
      </if>
      <if test="expiration != null">
        expiration,
      </if>
      <if test="pinyin != null">
        pinyin,
      </if>
      <if test="bankNum != null">
        bank_num,
      </if>
    </trim>
    <trim prefix="values (" suffix=")" suffixOverrides=",">
      <if test="id != null">
        #{id,jdbcType=VARCHAR},
      </if>
      <if test="code != null">
        #{code,jdbcType=INTEGER},
      </if>
      <if test="inviterId != null">
        #{inviterId,jdbcType=INTEGER},
      </if>
      <if test="state != null">
        #{state,jdbcType=VARCHAR},
      </if>
      <if test="createTime != null">
        #{createTime,jdbcType=VARCHAR},
      </if>
      <if test="updateTime != null">
        #{updateTime,jdbcType=VARCHAR},
      </if>
      <if test="loginId != null">
        #{loginId,jdbcType=VARCHAR},
      </if>
      <if test="area != null">
        #{area,jdbcType=VARCHAR},
      </if>
      <if test="name != null">
        #{name,jdbcType=VARCHAR},
      </if>
      <if test="idCard != null">
        #{idCard,jdbcType=VARCHAR},
      </if>
      <if test="upUrl != null">
        #{upUrl,jdbcType=VARCHAR},
      </if>
      <if test="regionId != null">
        #{regionId,jdbcType=VARCHAR},
      </if>
      <if test="downUrl != null">
        #{downUrl,jdbcType=VARCHAR},
      </if>
      <if test="phone != null">
        #{phone,jdbcType=VARCHAR},
      </if>
      <if test="authenticationTime != null">
        #{authenticationTime,jdbcType=VARCHAR},
      </if>
      <if test="togetherId != null">
        #{togetherId,jdbcType=VARCHAR},
      </if>
      <if test="whether != null">
        #{whether,jdbcType=INTEGER},
      </if>
      <if test="address != null">
        #{address,jdbcType=VARCHAR},
      </if>
      <if test="birthday != null">
        #{birthday,jdbcType=VARCHAR},
      </if>
      <if test="sex != null">
        #{sex,jdbcType=VARCHAR},
      </if>
      <if test="nation != null">
        #{nation,jdbcType=VARCHAR},
      </if>
      <if test="expiration != null">
        #{expiration,jdbcType=VARCHAR},
      </if>
      <if test="pinyin != null">
        #{pinyin,jdbcType=VARCHAR},
      </if>
      <if test="bankNum != null">
        #{bankNum,jdbcType=VARCHAR},
      </if>
    </trim>
  </insert>
  <update id="updateByPrimaryKeySelective" parameterType="com.zng.model.TPresenttogether">
    update t_presenttogether
    <set>
      <if test="code != null">
        code = #{code,jdbcType=INTEGER},
      </if>
      <if test="inviterId != null">
        inviter_id = #{inviterId,jdbcType=INTEGER},
      </if>
      <if test="state != null">
        state = #{state,jdbcType=VARCHAR},
      </if>
      <if test="createTime != null">
        create_time = #{createTime,jdbcType=VARCHAR},
      </if>
      <if test="updateTime != null">
        update_time = #{updateTime,jdbcType=VARCHAR},
      </if>
      <if test="loginId != null">
        login_id = #{loginId,jdbcType=VARCHAR},
      </if>
      <if test="area != null">
        area = #{area,jdbcType=VARCHAR},
      </if>
      <if test="name != null">
        name = #{name,jdbcType=VARCHAR},
      </if>
      <if test="idCard != null">
        id_card = #{idCard,jdbcType=VARCHAR},
      </if>
      <if test="upUrl != null">
        up_url = #{upUrl,jdbcType=VARCHAR},
      </if>
      <if test="regionId != null">
        region_id = #{regionId,jdbcType=VARCHAR},
      </if>
      <if test="downUrl != null">
        down_url = #{downUrl,jdbcType=VARCHAR},
      </if>
      <if test="phone != null">
        phone = #{phone,jdbcType=VARCHAR},
      </if>
      <if test="authenticationTime != null">
        authentication_time = #{authenticationTime,jdbcType=VARCHAR},
      </if>
      <if test="togetherId != null">
        together_id = #{togetherId,jdbcType=VARCHAR},
      </if>
      <if test="whether != null">
        whether = #{whether,jdbcType=INTEGER},
      </if>
      <if test="address != null">
        address = #{address,jdbcType=VARCHAR},
      </if>
      <if test="birthday != null">
        birthday = #{birthday,jdbcType=VARCHAR},
      </if>
      <if test="sex != null">
        sex = #{sex,jdbcType=VARCHAR},
      </if>
      <if test="nation != null">
        nation = #{nation,jdbcType=VARCHAR},
      </if>
      <if test="expiration != null">
        expiration = #{expiration,jdbcType=VARCHAR},
      </if>
      <if test="pinyin != null">
        pinyin = #{pinyin,jdbcType=VARCHAR},
      </if>
      <if test="bankNum != null">
        bank_num = #{bankNum,jdbcType=VARCHAR},
      </if>
    </set>
    where id = #{id,jdbcType=VARCHAR}
  </update>
  <update id="updateByPrimaryKey" parameterType="com.zng.model.TPresenttogether">
    update t_presenttogether
    set code = #{code,jdbcType=INTEGER},
      inviter_id = #{inviterId,jdbcType=INTEGER},
      state = #{state,jdbcType=VARCHAR},
      create_time = #{createTime,jdbcType=VARCHAR},
      update_time = #{updateTime,jdbcType=VARCHAR},
      login_id = #{loginId,jdbcType=VARCHAR},
      area = #{area,jdbcType=VARCHAR},
      name = #{name,jdbcType=VARCHAR},
      id_card = #{idCard,jdbcType=VARCHAR},
      up_url = #{upUrl,jdbcType=VARCHAR},
      region_id = #{regionId,jdbcType=VARCHAR},
      down_url = #{downUrl,jdbcType=VARCHAR},
      phone = #{phone,jdbcType=VARCHAR},
      authentication_time = #{authenticationTime,jdbcType=VARCHAR},
      together_id = #{togetherId,jdbcType=VARCHAR},
      whether = #{whether,jdbcType=INTEGER},
      address = #{address,jdbcType=VARCHAR},
      birthday = #{birthday,jdbcType=VARCHAR},
      sex = #{sex,jdbcType=VARCHAR},
      nation = #{nation,jdbcType=VARCHAR},
      expiration = #{expiration,jdbcType=VARCHAR},
      pinyin = #{pinyin,jdbcType=VARCHAR},
      bank_num = #{bankNum,jdbcType=VARCHAR}
    where id = #{id,jdbcType=VARCHAR}
  </update>
</mapper>