<?xml version="1.0" encoding="UTF-8"?>
<!DOCTYPE mapper PUBLIC "-//mybatis.org//DTD Mapper 3.0//EN" "http://mybatis.org/dtd/mybatis-3-mapper.dtd">
<mapper namespace="com.zng.mapper.TProductsbackinformationMapper">
  <resultMap id="BaseResultMap" type="com.zng.model.TProductsbackinformation">
    <id column="id" jdbcType="VARCHAR" property="id" />
    <result column="producsBack_id" jdbcType="VARCHAR" property="producsbackId" />
    <result column="login_id" jdbcType="VARCHAR" property="loginId" />
    <result column="content" jdbcType="VARCHAR" property="content" />
    <result column="reply_id" jdbcType="VARCHAR" property="replyId" />
    <result column="reply" jdbcType="VARCHAR" property="reply" />
    <result column="state" jdbcType="VARCHAR" property="state" />
    <result column="create_time" jdbcType="VARCHAR" property="createTime" />
    <result column="update_time" jdbcType="VARCHAR" property="updateTime" />
    <result column="url" jdbcType="VARCHAR" property="url" />
    <result column="reply_url" jdbcType="VARCHAR" property="replyUrl" />
    <result column="solve_state" jdbcType="VARCHAR" property="solveState" />
    <result column="commodity_id" jdbcType="VARCHAR" property="commodityId" />
    <result column="type" jdbcType="VARCHAR" property="type" />
  </resultMap>
  <sql id="Base_Column_List">
    id, producsBack_id, login_id, content, reply_id, reply, state, create_time, update_time, 
    url, reply_url, solve_state, commodity_id, type
  </sql>
  <select id="selectByPrimaryKey" parameterType="java.lang.String" resultMap="BaseResultMap">
    select 
    <include refid="Base_Column_List" />
    from t_productsbackinformation
    where id = #{id,jdbcType=VARCHAR}
  </select>
  <delete id="deleteByPrimaryKey" parameterType="java.lang.String">
    delete from t_productsbackinformation
    where id = #{id,jdbcType=VARCHAR}
  </delete>
  <insert id="insert" parameterType="com.zng.model.TProductsbackinformation">
    insert into t_productsbackinformation (id, producsBack_id, login_id, 
      content, reply_id, reply, 
      state, create_time, update_time, 
      url, reply_url, solve_state, 
      commodity_id, type)
    values (#{id,jdbcType=VARCHAR}, #{producsbackId,jdbcType=VARCHAR}, #{loginId,jdbcType=VARCHAR}, 
      #{content,jdbcType=VARCHAR}, #{replyId,jdbcType=VARCHAR}, #{reply,jdbcType=VARCHAR}, 
      #{state,jdbcType=VARCHAR}, #{createTime,jdbcType=VARCHAR}, #{updateTime,jdbcType=VARCHAR}, 
      #{url,jdbcType=VARCHAR}, #{replyUrl,jdbcType=VARCHAR}, #{solveState,jdbcType=VARCHAR}, 
      #{commodityId,jdbcType=VARCHAR}, #{type,jdbcType=VARCHAR})
  </insert>
  <insert id="insertSelective" parameterType="com.zng.model.TProductsbackinformation">
    insert into t_productsbackinformation
    <trim prefix="(" suffix=")" suffixOverrides=",">
      <if test="id != null">
        id,
      </if>
      <if test="producsbackId != null">
        producsBack_id,
      </if>
      <if test="loginId != null">
        login_id,
      </if>
      <if test="content != null">
        content,
      </if>
      <if test="replyId != null">
        reply_id,
      </if>
      <if test="reply != null">
        reply,
      </if>
      <if test="state != null">
        state,
      </if>
      <if test="createTime != null">
        create_time,
      </if>
      <if test="updateTime != null">
        update_time,
      </if>
      <if test="url != null">
        url,
      </if>
      <if test="replyUrl != null">
        reply_url,
      </if>
      <if test="solveState != null">
        solve_state,
      </if>
      <if test="commodityId != null">
        commodity_id,
      </if>
      <if test="type != null">
        type,
      </if>
    </trim>
    <trim prefix="values (" suffix=")" suffixOverrides=",">
      <if test="id != null">
        #{id,jdbcType=VARCHAR},
      </if>
      <if test="producsbackId != null">
        #{producsbackId,jdbcType=VARCHAR},
      </if>
      <if test="loginId != null">
        #{loginId,jdbcType=VARCHAR},
      </if>
      <if test="content != null">
        #{content,jdbcType=VARCHAR},
      </if>
      <if test="replyId != null">
        #{replyId,jdbcType=VARCHAR},
      </if>
      <if test="reply != null">
        #{reply,jdbcType=VARCHAR},
      </if>
      <if test="state != null">
        #{state,jdbcType=VARCHAR},
      </if>
      <if test="createTime != null">
        #{createTime,jdbcType=VARCHAR},
      </if>
      <if test="updateTime != null">
        #{updateTime,jdbcType=VARCHAR},
      </if>
      <if test="url != null">
        #{url,jdbcType=VARCHAR},
      </if>
      <if test="replyUrl != null">
        #{replyUrl,jdbcType=VARCHAR},
      </if>
      <if test="solveState != null">
        #{solveState,jdbcType=VARCHAR},
      </if>
      <if test="commodityId != null">
        #{commodityId,jdbcType=VARCHAR},
      </if>
      <if test="type != null">
        #{type,jdbcType=VARCHAR},
      </if>
    </trim>
  </insert>
  <update id="updateByPrimaryKeySelective" parameterType="com.zng.model.TProductsbackinformation">
    update t_productsbackinformation
    <set>
      <if test="producsbackId != null">
        producsBack_id = #{producsbackId,jdbcType=VARCHAR},
      </if>
      <if test="loginId != null">
        login_id = #{loginId,jdbcType=VARCHAR},
      </if>
      <if test="content != null">
        content = #{content,jdbcType=VARCHAR},
      </if>
      <if test="replyId != null">
        reply_id = #{replyId,jdbcType=VARCHAR},
      </if>
      <if test="reply != null">
        reply = #{reply,jdbcType=VARCHAR},
      </if>
      <if test="state != null">
        state = #{state,jdbcType=VARCHAR},
      </if>
      <if test="createTime != null">
        create_time = #{createTime,jdbcType=VARCHAR},
      </if>
      <if test="updateTime != null">
        update_time = #{updateTime,jdbcType=VARCHAR},
      </if>
      <if test="url != null">
        url = #{url,jdbcType=VARCHAR},
      </if>
      <if test="replyUrl != null">
        reply_url = #{replyUrl,jdbcType=VARCHAR},
      </if>
      <if test="solveState != null">
        solve_state = #{solveState,jdbcType=VARCHAR},
      </if>
      <if test="commodityId != null">
        commodity_id = #{commodityId,jdbcType=VARCHAR},
      </if>
      <if test="type != null">
        type = #{type,jdbcType=VARCHAR},
      </if>
    </set>
    where id = #{id,jdbcType=VARCHAR}
  </update>
  <update id="updateByPrimaryKey" parameterType="com.zng.model.TProductsbackinformation">
    update t_productsbackinformation
    set producsBack_id = #{producsbackId,jdbcType=VARCHAR},
      login_id = #{loginId,jdbcType=VARCHAR},
      content = #{content,jdbcType=VARCHAR},
      reply_id = #{replyId,jdbcType=VARCHAR},
      reply = #{reply,jdbcType=VARCHAR},
      state = #{state,jdbcType=VARCHAR},
      create_time = #{createTime,jdbcType=VARCHAR},
      update_time = #{updateTime,jdbcType=VARCHAR},
      url = #{url,jdbcType=VARCHAR},
      reply_url = #{replyUrl,jdbcType=VARCHAR},
      solve_state = #{solveState,jdbcType=VARCHAR},
      commodity_id = #{commodityId,jdbcType=VARCHAR},
      type = #{type,jdbcType=VARCHAR}
    where id = #{id,jdbcType=VARCHAR}
  </update>
</mapper>