<?xml version="1.0" encoding="UTF-8"?>
<!DOCTYPE mapper PUBLIC "-//mybatis.org//DTD Mapper 3.0//EN" "http://mybatis.org/dtd/mybatis-3-mapper.dtd">
<mapper namespace="com.zng.mapper.TProfitMapper">
  <resultMap id="BaseResultMap" type="com.zng.model.TProfit">
    <id column="id" jdbcType="VARCHAR" property="id" />
    <result column="token" jdbcType="VARCHAR" property="token" />
    <result column="login_id" jdbcType="VARCHAR" property="loginId" />
    <result column="parents_id" jdbcType="VARCHAR" property="parentsId" />
    <result column="grand_parents_id" jdbcType="VARCHAR" property="grandParentsId" />
    <result column="state" jdbcType="VARCHAR" property="state" />
    <result column="create_time" jdbcType="VARCHAR" property="createTime" />
    <result column="update_time" jdbcType="VARCHAR" property="updateTime" />
  </resultMap>
  <sql id="Base_Column_List">
    id, token, login_id, parents_id, grand_parents_id, state, create_time, update_time
  </sql>
  <select id="selectByPrimaryKey" parameterType="java.lang.String" resultMap="BaseResultMap">
    select 
    <include refid="Base_Column_List" />
    from t_profit
    where id = #{id,jdbcType=VARCHAR}
  </select>
  <delete id="deleteByPrimaryKey" parameterType="java.lang.String">
    delete from t_profit
    where id = #{id,jdbcType=VARCHAR}
  </delete>
  <insert id="insert" parameterType="com.zng.model.TProfit">
    insert into t_profit (id, token, login_id, 
      parents_id, grand_parents_id, state, 
      create_time, update_time)
    values (#{id,jdbcType=VARCHAR}, #{token,jdbcType=VARCHAR}, #{loginId,jdbcType=VARCHAR}, 
      #{parentsId,jdbcType=VARCHAR}, #{grandParentsId,jdbcType=VARCHAR}, #{state,jdbcType=VARCHAR}, 
      #{createTime,jdbcType=VARCHAR}, #{updateTime,jdbcType=VARCHAR})
  </insert>
  <insert id="insertSelective" parameterType="com.zng.model.TProfit">
    insert into t_profit
    <trim prefix="(" suffix=")" suffixOverrides=",">
      <if test="id != null">
        id,
      </if>
      <if test="token != null">
        token,
      </if>
      <if test="loginId != null">
        login_id,
      </if>
      <if test="parentsId != null">
        parents_id,
      </if>
      <if test="grandParentsId != null">
        grand_parents_id,
      </if>
      <if test="state != null">
        state,
      </if>
      <if test="createTime != null">
        create_time,
      </if>
      <if test="updateTime != null">
        update_time,
      </if>
    </trim>
    <trim prefix="values (" suffix=")" suffixOverrides=",">
      <if test="id != null">
        #{id,jdbcType=VARCHAR},
      </if>
      <if test="token != null">
        #{token,jdbcType=VARCHAR},
      </if>
      <if test="loginId != null">
        #{loginId,jdbcType=VARCHAR},
      </if>
      <if test="parentsId != null">
        #{parentsId,jdbcType=VARCHAR},
      </if>
      <if test="grandParentsId != null">
        #{grandParentsId,jdbcType=VARCHAR},
      </if>
      <if test="state != null">
        #{state,jdbcType=VARCHAR},
      </if>
      <if test="createTime != null">
        #{createTime,jdbcType=VARCHAR},
      </if>
      <if test="updateTime != null">
        #{updateTime,jdbcType=VARCHAR},
      </if>
    </trim>
  </insert>
  <update id="updateByPrimaryKeySelective" parameterType="com.zng.model.TProfit">
    update t_profit
    <set>
      <if test="token != null">
        token = #{token,jdbcType=VARCHAR},
      </if>
      <if test="loginId != null">
        login_id = #{loginId,jdbcType=VARCHAR},
      </if>
      <if test="parentsId != null">
        parents_id = #{parentsId,jdbcType=VARCHAR},
      </if>
      <if test="grandParentsId != null">
        grand_parents_id = #{grandParentsId,jdbcType=VARCHAR},
      </if>
      <if test="state != null">
        state = #{state,jdbcType=VARCHAR},
      </if>
      <if test="createTime != null">
        create_time = #{createTime,jdbcType=VARCHAR},
      </if>
      <if test="updateTime != null">
        update_time = #{updateTime,jdbcType=VARCHAR},
      </if>
    </set>
    where id = #{id,jdbcType=VARCHAR}
  </update>
  <update id="updateByPrimaryKey" parameterType="com.zng.model.TProfit">
    update t_profit
    set token = #{token,jdbcType=VARCHAR},
      login_id = #{loginId,jdbcType=VARCHAR},
      parents_id = #{parentsId,jdbcType=VARCHAR},
      grand_parents_id = #{grandParentsId,jdbcType=VARCHAR},
      state = #{state,jdbcType=VARCHAR},
      create_time = #{createTime,jdbcType=VARCHAR},
      update_time = #{updateTime,jdbcType=VARCHAR}
    where id = #{id,jdbcType=VARCHAR}
  </update>
</mapper>