<?xml version="1.0" encoding="UTF-8"?>
<!DOCTYPE mapper PUBLIC "-//mybatis.org//DTD Mapper 3.0//EN" "http://mybatis.org/dtd/mybatis-3-mapper.dtd">
<mapper namespace="com.zng.mapper.TProductsbackMapper">
  <resultMap id="BaseResultMap" type="com.zng.model.TProductsback">
    <id column="id" jdbcType="VARCHAR" property="id" />
    <result column="login_id" jdbcType="VARCHAR" property="loginId" />
    <result column="phone" jdbcType="VARCHAR" property="phone" />
    <result column="name" jdbcType="VARCHAR" property="name" />
    <result column="content" jdbcType="VARCHAR" property="content" />
    <result column="state" jdbcType="VARCHAR" property="state" />
    <result column="type" jdbcType="VARCHAR" property="type" />
    <result column="create_time" jdbcType="VARCHAR" property="createTime" />
    <result column="update_time" jdbcType="VARCHAR" property="updateTime" />
    <result column="reply" jdbcType="VARCHAR" property="reply" />
    <result column="url" jdbcType="VARCHAR" property="url" />
    <result column="commodity_id" jdbcType="VARCHAR" property="commodityId" />
    <result column="business_id" jdbcType="VARCHAR" property="businessId" />
    <result column="solve_state" jdbcType="VARCHAR" property="solveState" />
    <result column="reply_id" jdbcType="VARCHAR" property="replyId" />
    <result column="reply_url" jdbcType="VARCHAR" property="replyUrl" />
    <result column="buy_phone" jdbcType="VARCHAR" property="buyPhone" />
    <result column="buy_name" jdbcType="VARCHAR" property="buyName" />
    <result column="service_read" jdbcType="VARCHAR" property="serviceRead" />
    <result column="user_read" jdbcType="VARCHAR" property="userRead" />
  </resultMap>
  <sql id="Base_Column_List">
    id, login_id, phone, name, content, state, type, create_time, update_time, reply, 
    url, commodity_id, business_id, solve_state, reply_id, reply_url, buy_phone, buy_name, 
    service_read, user_read
  </sql>
  <select id="selectByPrimaryKey" parameterType="java.lang.String" resultMap="BaseResultMap">
    select 
    <include refid="Base_Column_List" />
    from t_productsback
    where id = #{id,jdbcType=VARCHAR}
  </select>
  <delete id="deleteByPrimaryKey" parameterType="java.lang.String">
    delete from t_productsback
    where id = #{id,jdbcType=VARCHAR}
  </delete>
  <insert id="insert" parameterType="com.zng.model.TProductsback">
    insert into t_productsback (id, login_id, phone, 
      name, content, state, 
      type, create_time, update_time, 
      reply, url, commodity_id, 
      business_id, solve_state, reply_id, 
      reply_url, buy_phone, buy_name, 
      service_read, user_read)
    values (#{id,jdbcType=VARCHAR}, #{loginId,jdbcType=VARCHAR}, #{phone,jdbcType=VARCHAR}, 
      #{name,jdbcType=VARCHAR}, #{content,jdbcType=VARCHAR}, #{state,jdbcType=VARCHAR}, 
      #{type,jdbcType=VARCHAR}, #{createTime,jdbcType=VARCHAR}, #{updateTime,jdbcType=VARCHAR}, 
      #{reply,jdbcType=VARCHAR}, #{url,jdbcType=VARCHAR}, #{commodityId,jdbcType=VARCHAR}, 
      #{businessId,jdbcType=VARCHAR}, #{solveState,jdbcType=VARCHAR}, #{replyId,jdbcType=VARCHAR}, 
      #{replyUrl,jdbcType=VARCHAR}, #{buyPhone,jdbcType=VARCHAR}, #{buyName,jdbcType=VARCHAR}, 
      #{serviceRead,jdbcType=VARCHAR}, #{userRead,jdbcType=VARCHAR})
  </insert>
  <insert id="insertSelective" parameterType="com.zng.model.TProductsback">
    insert into t_productsback
    <trim prefix="(" suffix=")" suffixOverrides=",">
      <if test="id != null">
        id,
      </if>
      <if test="loginId != null">
        login_id,
      </if>
      <if test="phone != null">
        phone,
      </if>
      <if test="name != null">
        name,
      </if>
      <if test="content != null">
        content,
      </if>
      <if test="state != null">
        state,
      </if>
      <if test="type != null">
        type,
      </if>
      <if test="createTime != null">
        create_time,
      </if>
      <if test="updateTime != null">
        update_time,
      </if>
      <if test="reply != null">
        reply,
      </if>
      <if test="url != null">
        url,
      </if>
      <if test="commodityId != null">
        commodity_id,
      </if>
      <if test="businessId != null">
        business_id,
      </if>
      <if test="solveState != null">
        solve_state,
      </if>
      <if test="replyId != null">
        reply_id,
      </if>
      <if test="replyUrl != null">
        reply_url,
      </if>
      <if test="buyPhone != null">
        buy_phone,
      </if>
      <if test="buyName != null">
        buy_name,
      </if>
      <if test="serviceRead != null">
        service_read,
      </if>
      <if test="userRead != null">
        user_read,
      </if>
    </trim>
    <trim prefix="values (" suffix=")" suffixOverrides=",">
      <if test="id != null">
        #{id,jdbcType=VARCHAR},
      </if>
      <if test="loginId != null">
        #{loginId,jdbcType=VARCHAR},
      </if>
      <if test="phone != null">
        #{phone,jdbcType=VARCHAR},
      </if>
      <if test="name != null">
        #{name,jdbcType=VARCHAR},
      </if>
      <if test="content != null">
        #{content,jdbcType=VARCHAR},
      </if>
      <if test="state != null">
        #{state,jdbcType=VARCHAR},
      </if>
      <if test="type != null">
        #{type,jdbcType=VARCHAR},
      </if>
      <if test="createTime != null">
        #{createTime,jdbcType=VARCHAR},
      </if>
      <if test="updateTime != null">
        #{updateTime,jdbcType=VARCHAR},
      </if>
      <if test="reply != null">
        #{reply,jdbcType=VARCHAR},
      </if>
      <if test="url != null">
        #{url,jdbcType=VARCHAR},
      </if>
      <if test="commodityId != null">
        #{commodityId,jdbcType=VARCHAR},
      </if>
      <if test="businessId != null">
        #{businessId,jdbcType=VARCHAR},
      </if>
      <if test="solveState != null">
        #{solveState,jdbcType=VARCHAR},
      </if>
      <if test="replyId != null">
        #{replyId,jdbcType=VARCHAR},
      </if>
      <if test="replyUrl != null">
        #{replyUrl,jdbcType=VARCHAR},
      </if>
      <if test="buyPhone != null">
        #{buyPhone,jdbcType=VARCHAR},
      </if>
      <if test="buyName != null">
        #{buyName,jdbcType=VARCHAR},
      </if>
      <if test="serviceRead != null">
        #{serviceRead,jdbcType=VARCHAR},
      </if>
      <if test="userRead != null">
        #{userRead,jdbcType=VARCHAR},
      </if>
    </trim>
  </insert>
  <update id="updateByPrimaryKeySelective" parameterType="com.zng.model.TProductsback">
    update t_productsback
    <set>
      <if test="loginId != null">
        login_id = #{loginId,jdbcType=VARCHAR},
      </if>
      <if test="phone != null">
        phone = #{phone,jdbcType=VARCHAR},
      </if>
      <if test="name != null">
        name = #{name,jdbcType=VARCHAR},
      </if>
      <if test="content != null">
        content = #{content,jdbcType=VARCHAR},
      </if>
      <if test="state != null">
        state = #{state,jdbcType=VARCHAR},
      </if>
      <if test="type != null">
        type = #{type,jdbcType=VARCHAR},
      </if>
      <if test="createTime != null">
        create_time = #{createTime,jdbcType=VARCHAR},
      </if>
      <if test="updateTime != null">
        update_time = #{updateTime,jdbcType=VARCHAR},
      </if>
      <if test="reply != null">
        reply = #{reply,jdbcType=VARCHAR},
      </if>
      <if test="url != null">
        url = #{url,jdbcType=VARCHAR},
      </if>
      <if test="commodityId != null">
        commodity_id = #{commodityId,jdbcType=VARCHAR},
      </if>
      <if test="businessId != null">
        business_id = #{businessId,jdbcType=VARCHAR},
      </if>
      <if test="solveState != null">
        solve_state = #{solveState,jdbcType=VARCHAR},
      </if>
      <if test="replyId != null">
        reply_id = #{replyId,jdbcType=VARCHAR},
      </if>
      <if test="replyUrl != null">
        reply_url = #{replyUrl,jdbcType=VARCHAR},
      </if>
      <if test="buyPhone != null">
        buy_phone = #{buyPhone,jdbcType=VARCHAR},
      </if>
      <if test="buyName != null">
        buy_name = #{buyName,jdbcType=VARCHAR},
      </if>
      <if test="serviceRead != null">
        service_read = #{serviceRead,jdbcType=VARCHAR},
      </if>
      <if test="userRead != null">
        user_read = #{userRead,jdbcType=VARCHAR},
      </if>
    </set>
    where id = #{id,jdbcType=VARCHAR}
  </update>
  <update id="updateByPrimaryKey" parameterType="com.zng.model.TProductsback">
    update t_productsback
    set login_id = #{loginId,jdbcType=VARCHAR},
      phone = #{phone,jdbcType=VARCHAR},
      name = #{name,jdbcType=VARCHAR},
      content = #{content,jdbcType=VARCHAR},
      state = #{state,jdbcType=VARCHAR},
      type = #{type,jdbcType=VARCHAR},
      create_time = #{createTime,jdbcType=VARCHAR},
      update_time = #{updateTime,jdbcType=VARCHAR},
      reply = #{reply,jdbcType=VARCHAR},
      url = #{url,jdbcType=VARCHAR},
      commodity_id = #{commodityId,jdbcType=VARCHAR},
      business_id = #{businessId,jdbcType=VARCHAR},
      solve_state = #{solveState,jdbcType=VARCHAR},
      reply_id = #{replyId,jdbcType=VARCHAR},
      reply_url = #{replyUrl,jdbcType=VARCHAR},
      buy_phone = #{buyPhone,jdbcType=VARCHAR},
      buy_name = #{buyName,jdbcType=VARCHAR},
      service_read = #{serviceRead,jdbcType=VARCHAR},
      user_read = #{userRead,jdbcType=VARCHAR}
    where id = #{id,jdbcType=VARCHAR}
  </update>
</mapper>