<?xml version="1.0" encoding="UTF-8"?>
<!DOCTYPE mapper PUBLIC "-//mybatis.org//DTD Mapper 3.0//EN" "http://mybatis.org/dtd/mybatis-3-mapper.dtd">
<mapper namespace="com.zng.mapper.TProductsapplicationMapper">
  <resultMap id="BaseResultMap" type="com.zng.model.TProductsapplication">
    <id column="id" jdbcType="VARCHAR" property="id" />
    <result column="selection_name" jdbcType="VARCHAR" property="selectionName" />
    <result column="selection_phone" jdbcType="VARCHAR" property="selectionPhone" />
    <result column="recommend_time" jdbcType="VARCHAR" property="recommendTime" />
    <result column="supplier_condition" jdbcType="VARCHAR" property="supplierCondition" />
    <result column="sample_condition" jdbcType="VARCHAR" property="sampleCondition" />
    <result column="company_name" jdbcType="VARCHAR" property="companyName" />
    <result column="company_address" jdbcType="VARCHAR" property="companyAddress" />
    <result column="person_name" jdbcType="VARCHAR" property="personName" />
    <result column="company_contacts" jdbcType="VARCHAR" property="companyContacts" />
    <result column="contacts_telephone" jdbcType="VARCHAR" property="contactsTelephone" />
    <result column="contacts_phone" jdbcType="VARCHAR" property="contactsPhone" />
    <result column="registered_capital" jdbcType="VARCHAR" property="registeredCapital" />
    <result column="establish_time" jdbcType="VARCHAR" property="establishTime" />
    <result column="business_contacts" jdbcType="VARCHAR" property="businessContacts" />
    <result column="contacts_email" jdbcType="VARCHAR" property="contactsEmail" />
    <result column="bank_information" jdbcType="VARCHAR" property="bankInformation" />
    <result column="company_account" jdbcType="VARCHAR" property="companyAccount" />
    <result column="tax_number" jdbcType="VARCHAR" property="taxNumber" />
    <result column="people_capacity" jdbcType="VARCHAR" property="peopleCapacity" />
    <result column="business_scope" jdbcType="VARCHAR" property="businessScope" />
    <result column="license_imageurl" jdbcType="VARCHAR" property="licenseImageurl" />
    <result column="organization_imageurl" jdbcType="VARCHAR" property="organizationImageurl" />
    <result column="register_imageurl" jdbcType="VARCHAR" property="registerImageurl" />
    <result column="report_imageurl" jdbcType="VARCHAR" property="reportImageurl" />
    <result column="product_name" jdbcType="VARCHAR" property="productName" />
    <result column="product_category" jdbcType="VARCHAR" property="productCategory" />
    <result column="product_burden" jdbcType="VARCHAR" property="productBurden" />
    <result column="content_pabulum" jdbcType="VARCHAR" property="contentPabulum" />
    <result column="stockpile_wayandtime" jdbcType="VARCHAR" property="stockpileWayandtime" />
    <result column="product_number" jdbcType="VARCHAR" property="productNumber" />
    <result column="permit_number" jdbcType="VARCHAR" property="permitNumber" />
    <result column="product_specialty" jdbcType="VARCHAR" property="productSpecialty" />
    <result column="product_remark" jdbcType="VARCHAR" property="productRemark" />
    <result column="product_url" jdbcType="VARCHAR" property="productUrl" />
    <result column="state" jdbcType="VARCHAR" property="state" />
    <result column="create_time" jdbcType="VARCHAR" property="createTime" />
    <result column="update_time" jdbcType="VARCHAR" property="updateTime" />
  </resultMap>
  <sql id="Base_Column_List">
    id, selection_name, selection_phone, recommend_time, supplier_condition, sample_condition, 
    company_name, company_address, person_name, company_contacts, contacts_telephone, 
    contacts_phone, registered_capital, establish_time, business_contacts, contacts_email, 
    bank_information, company_account, tax_number, people_capacity, business_scope, license_imageurl, 
    organization_imageurl, register_imageurl, report_imageurl, product_name, product_category, 
    product_burden, content_pabulum, stockpile_wayandtime, product_number, permit_number, 
    product_specialty, product_remark, product_url, state, create_time, update_time
  </sql>
  <select id="selectByPrimaryKey" parameterType="java.lang.String" resultMap="BaseResultMap">
    select 
    <include refid="Base_Column_List" />
    from t_productsapplication
    where id = #{id,jdbcType=VARCHAR}
  </select>
  <delete id="deleteByPrimaryKey" parameterType="java.lang.String">
    delete from t_productsapplication
    where id = #{id,jdbcType=VARCHAR}
  </delete>
  <insert id="insert" parameterType="com.zng.model.TProductsapplication">
    insert into t_productsapplication (id, selection_name, selection_phone, 
      recommend_time, supplier_condition, sample_condition, 
      company_name, company_address, person_name, 
      company_contacts, contacts_telephone, contacts_phone, 
      registered_capital, establish_time, business_contacts, 
      contacts_email, bank_information, company_account, 
      tax_number, people_capacity, business_scope, 
      license_imageurl, organization_imageurl, 
      register_imageurl, report_imageurl, product_name, 
      product_category, product_burden, content_pabulum, 
      stockpile_wayandtime, product_number, permit_number, 
      product_specialty, product_remark, product_url, 
      state, create_time, update_time
      )
    values (#{id,jdbcType=VARCHAR}, #{selectionName,jdbcType=VARCHAR}, #{selectionPhone,jdbcType=VARCHAR}, 
      #{recommendTime,jdbcType=VARCHAR}, #{supplierCondition,jdbcType=VARCHAR}, #{sampleCondition,jdbcType=VARCHAR}, 
      #{companyName,jdbcType=VARCHAR}, #{companyAddress,jdbcType=VARCHAR}, #{personName,jdbcType=VARCHAR}, 
      #{companyContacts,jdbcType=VARCHAR}, #{contactsTelephone,jdbcType=VARCHAR}, #{contactsPhone,jdbcType=VARCHAR}, 
      #{registeredCapital,jdbcType=VARCHAR}, #{establishTime,jdbcType=VARCHAR}, #{businessContacts,jdbcType=VARCHAR}, 
      #{contactsEmail,jdbcType=VARCHAR}, #{bankInformation,jdbcType=VARCHAR}, #{companyAccount,jdbcType=VARCHAR}, 
      #{taxNumber,jdbcType=VARCHAR}, #{peopleCapacity,jdbcType=VARCHAR}, #{businessScope,jdbcType=VARCHAR}, 
      #{licenseImageurl,jdbcType=VARCHAR}, #{organizationImageurl,jdbcType=VARCHAR}, 
      #{registerImageurl,jdbcType=VARCHAR}, #{reportImageurl,jdbcType=VARCHAR}, #{productName,jdbcType=VARCHAR}, 
      #{productCategory,jdbcType=VARCHAR}, #{productBurden,jdbcType=VARCHAR}, #{contentPabulum,jdbcType=VARCHAR}, 
      #{stockpileWayandtime,jdbcType=VARCHAR}, #{productNumber,jdbcType=VARCHAR}, #{permitNumber,jdbcType=VARCHAR}, 
      #{productSpecialty,jdbcType=VARCHAR}, #{productRemark,jdbcType=VARCHAR}, #{productUrl,jdbcType=VARCHAR}, 
      #{state,jdbcType=VARCHAR}, #{createTime,jdbcType=VARCHAR}, #{updateTime,jdbcType=VARCHAR}
      )
  </insert>
  <insert id="insertSelective" parameterType="com.zng.model.TProductsapplication">
    insert into t_productsapplication
    <trim prefix="(" suffix=")" suffixOverrides=",">
      <if test="id != null">
        id,
      </if>
      <if test="selectionName != null">
        selection_name,
      </if>
      <if test="selectionPhone != null">
        selection_phone,
      </if>
      <if test="recommendTime != null">
        recommend_time,
      </if>
      <if test="supplierCondition != null">
        supplier_condition,
      </if>
      <if test="sampleCondition != null">
        sample_condition,
      </if>
      <if test="companyName != null">
        company_name,
      </if>
      <if test="companyAddress != null">
        company_address,
      </if>
      <if test="personName != null">
        person_name,
      </if>
      <if test="companyContacts != null">
        company_contacts,
      </if>
      <if test="contactsTelephone != null">
        contacts_telephone,
      </if>
      <if test="contactsPhone != null">
        contacts_phone,
      </if>
      <if test="registeredCapital != null">
        registered_capital,
      </if>
      <if test="establishTime != null">
        establish_time,
      </if>
      <if test="businessContacts != null">
        business_contacts,
      </if>
      <if test="contactsEmail != null">
        contacts_email,
      </if>
      <if test="bankInformation != null">
        bank_information,
      </if>
      <if test="companyAccount != null">
        company_account,
      </if>
      <if test="taxNumber != null">
        tax_number,
      </if>
      <if test="peopleCapacity != null">
        people_capacity,
      </if>
      <if test="businessScope != null">
        business_scope,
      </if>
      <if test="licenseImageurl != null">
        license_imageurl,
      </if>
      <if test="organizationImageurl != null">
        organization_imageurl,
      </if>
      <if test="registerImageurl != null">
        register_imageurl,
      </if>
      <if test="reportImageurl != null">
        report_imageurl,
      </if>
      <if test="productName != null">
        product_name,
      </if>
      <if test="productCategory != null">
        product_category,
      </if>
      <if test="productBurden != null">
        product_burden,
      </if>
      <if test="contentPabulum != null">
        content_pabulum,
      </if>
      <if test="stockpileWayandtime != null">
        stockpile_wayandtime,
      </if>
      <if test="productNumber != null">
        product_number,
      </if>
      <if test="permitNumber != null">
        permit_number,
      </if>
      <if test="productSpecialty != null">
        product_specialty,
      </if>
      <if test="productRemark != null">
        product_remark,
      </if>
      <if test="productUrl != null">
        product_url,
      </if>
      <if test="state != null">
        state,
      </if>
      <if test="createTime != null">
        create_time,
      </if>
      <if test="updateTime != null">
        update_time,
      </if>
    </trim>
    <trim prefix="values (" suffix=")" suffixOverrides=",">
      <if test="id != null">
        #{id,jdbcType=VARCHAR},
      </if>
      <if test="selectionName != null">
        #{selectionName,jdbcType=VARCHAR},
      </if>
      <if test="selectionPhone != null">
        #{selectionPhone,jdbcType=VARCHAR},
      </if>
      <if test="recommendTime != null">
        #{recommendTime,jdbcType=VARCHAR},
      </if>
      <if test="supplierCondition != null">
        #{supplierCondition,jdbcType=VARCHAR},
      </if>
      <if test="sampleCondition != null">
        #{sampleCondition,jdbcType=VARCHAR},
      </if>
      <if test="companyName != null">
        #{companyName,jdbcType=VARCHAR},
      </if>
      <if test="companyAddress != null">
        #{companyAddress,jdbcType=VARCHAR},
      </if>
      <if test="personName != null">
        #{personName,jdbcType=VARCHAR},
      </if>
      <if test="companyContacts != null">
        #{companyContacts,jdbcType=VARCHAR},
      </if>
      <if test="contactsTelephone != null">
        #{contactsTelephone,jdbcType=VARCHAR},
      </if>
      <if test="contactsPhone != null">
        #{contactsPhone,jdbcType=VARCHAR},
      </if>
      <if test="registeredCapital != null">
        #{registeredCapital,jdbcType=VARCHAR},
      </if>
      <if test="establishTime != null">
        #{establishTime,jdbcType=VARCHAR},
      </if>
      <if test="businessContacts != null">
        #{businessContacts,jdbcType=VARCHAR},
      </if>
      <if test="contactsEmail != null">
        #{contactsEmail,jdbcType=VARCHAR},
      </if>
      <if test="bankInformation != null">
        #{bankInformation,jdbcType=VARCHAR},
      </if>
      <if test="companyAccount != null">
        #{companyAccount,jdbcType=VARCHAR},
      </if>
      <if test="taxNumber != null">
        #{taxNumber,jdbcType=VARCHAR},
      </if>
      <if test="peopleCapacity != null">
        #{peopleCapacity,jdbcType=VARCHAR},
      </if>
      <if test="businessScope != null">
        #{businessScope,jdbcType=VARCHAR},
      </if>
      <if test="licenseImageurl != null">
        #{licenseImageurl,jdbcType=VARCHAR},
      </if>
      <if test="organizationImageurl != null">
        #{organizationImageurl,jdbcType=VARCHAR},
      </if>
      <if test="registerImageurl != null">
        #{registerImageurl,jdbcType=VARCHAR},
      </if>
      <if test="reportImageurl != null">
        #{reportImageurl,jdbcType=VARCHAR},
      </if>
      <if test="productName != null">
        #{productName,jdbcType=VARCHAR},
      </if>
      <if test="productCategory != null">
        #{productCategory,jdbcType=VARCHAR},
      </if>
      <if test="productBurden != null">
        #{productBurden,jdbcType=VARCHAR},
      </if>
      <if test="contentPabulum != null">
        #{contentPabulum,jdbcType=VARCHAR},
      </if>
      <if test="stockpileWayandtime != null">
        #{stockpileWayandtime,jdbcType=VARCHAR},
      </if>
      <if test="productNumber != null">
        #{productNumber,jdbcType=VARCHAR},
      </if>
      <if test="permitNumber != null">
        #{permitNumber,jdbcType=VARCHAR},
      </if>
      <if test="productSpecialty != null">
        #{productSpecialty,jdbcType=VARCHAR},
      </if>
      <if test="productRemark != null">
        #{productRemark,jdbcType=VARCHAR},
      </if>
      <if test="productUrl != null">
        #{productUrl,jdbcType=VARCHAR},
      </if>
      <if test="state != null">
        #{state,jdbcType=VARCHAR},
      </if>
      <if test="createTime != null">
        #{createTime,jdbcType=VARCHAR},
      </if>
      <if test="updateTime != null">
        #{updateTime,jdbcType=VARCHAR},
      </if>
    </trim>
  </insert>
  <update id="updateByPrimaryKeySelective" parameterType="com.zng.model.TProductsapplication">
    update t_productsapplication
    <set>
      <if test="selectionName != null">
        selection_name = #{selectionName,jdbcType=VARCHAR},
      </if>
      <if test="selectionPhone != null">
        selection_phone = #{selectionPhone,jdbcType=VARCHAR},
      </if>
      <if test="recommendTime != null">
        recommend_time = #{recommendTime,jdbcType=VARCHAR},
      </if>
      <if test="supplierCondition != null">
        supplier_condition = #{supplierCondition,jdbcType=VARCHAR},
      </if>
      <if test="sampleCondition != null">
        sample_condition = #{sampleCondition,jdbcType=VARCHAR},
      </if>
      <if test="companyName != null">
        company_name = #{companyName,jdbcType=VARCHAR},
      </if>
      <if test="companyAddress != null">
        company_address = #{companyAddress,jdbcType=VARCHAR},
      </if>
      <if test="personName != null">
        person_name = #{personName,jdbcType=VARCHAR},
      </if>
      <if test="companyContacts != null">
        company_contacts = #{companyContacts,jdbcType=VARCHAR},
      </if>
      <if test="contactsTelephone != null">
        contacts_telephone = #{contactsTelephone,jdbcType=VARCHAR},
      </if>
      <if test="contactsPhone != null">
        contacts_phone = #{contactsPhone,jdbcType=VARCHAR},
      </if>
      <if test="registeredCapital != null">
        registered_capital = #{registeredCapital,jdbcType=VARCHAR},
      </if>
      <if test="establishTime != null">
        establish_time = #{establishTime,jdbcType=VARCHAR},
      </if>
      <if test="businessContacts != null">
        business_contacts = #{businessContacts,jdbcType=VARCHAR},
      </if>
      <if test="contactsEmail != null">
        contacts_email = #{contactsEmail,jdbcType=VARCHAR},
      </if>
      <if test="bankInformation != null">
        bank_information = #{bankInformation,jdbcType=VARCHAR},
      </if>
      <if test="companyAccount != null">
        company_account = #{companyAccount,jdbcType=VARCHAR},
      </if>
      <if test="taxNumber != null">
        tax_number = #{taxNumber,jdbcType=VARCHAR},
      </if>
      <if test="peopleCapacity != null">
        people_capacity = #{peopleCapacity,jdbcType=VARCHAR},
      </if>
      <if test="businessScope != null">
        business_scope = #{businessScope,jdbcType=VARCHAR},
      </if>
      <if test="licenseImageurl != null">
        license_imageurl = #{licenseImageurl,jdbcType=VARCHAR},
      </if>
      <if test="organizationImageurl != null">
        organization_imageurl = #{organizationImageurl,jdbcType=VARCHAR},
      </if>
      <if test="registerImageurl != null">
        register_imageurl = #{registerImageurl,jdbcType=VARCHAR},
      </if>
      <if test="reportImageurl != null">
        report_imageurl = #{reportImageurl,jdbcType=VARCHAR},
      </if>
      <if test="productName != null">
        product_name = #{productName,jdbcType=VARCHAR},
      </if>
      <if test="productCategory != null">
        product_category = #{productCategory,jdbcType=VARCHAR},
      </if>
      <if test="productBurden != null">
        product_burden = #{productBurden,jdbcType=VARCHAR},
      </if>
      <if test="contentPabulum != null">
        content_pabulum = #{contentPabulum,jdbcType=VARCHAR},
      </if>
      <if test="stockpileWayandtime != null">
        stockpile_wayandtime = #{stockpileWayandtime,jdbcType=VARCHAR},
      </if>
      <if test="productNumber != null">
        product_number = #{productNumber,jdbcType=VARCHAR},
      </if>
      <if test="permitNumber != null">
        permit_number = #{permitNumber,jdbcType=VARCHAR},
      </if>
      <if test="productSpecialty != null">
        product_specialty = #{productSpecialty,jdbcType=VARCHAR},
      </if>
      <if test="productRemark != null">
        product_remark = #{productRemark,jdbcType=VARCHAR},
      </if>
      <if test="productUrl != null">
        product_url = #{productUrl,jdbcType=VARCHAR},
      </if>
      <if test="state != null">
        state = #{state,jdbcType=VARCHAR},
      </if>
      <if test="createTime != null">
        create_time = #{createTime,jdbcType=VARCHAR},
      </if>
      <if test="updateTime != null">
        update_time = #{updateTime,jdbcType=VARCHAR},
      </if>
    </set>
    where id = #{id,jdbcType=VARCHAR}
  </update>
  <update id="updateByPrimaryKey" parameterType="com.zng.model.TProductsapplication">
    update t_productsapplication
    set selection_name = #{selectionName,jdbcType=VARCHAR},
      selection_phone = #{selectionPhone,jdbcType=VARCHAR},
      recommend_time = #{recommendTime,jdbcType=VARCHAR},
      supplier_condition = #{supplierCondition,jdbcType=VARCHAR},
      sample_condition = #{sampleCondition,jdbcType=VARCHAR},
      company_name = #{companyName,jdbcType=VARCHAR},
      company_address = #{companyAddress,jdbcType=VARCHAR},
      person_name = #{personName,jdbcType=VARCHAR},
      company_contacts = #{companyContacts,jdbcType=VARCHAR},
      contacts_telephone = #{contactsTelephone,jdbcType=VARCHAR},
      contacts_phone = #{contactsPhone,jdbcType=VARCHAR},
      registered_capital = #{registeredCapital,jdbcType=VARCHAR},
      establish_time = #{establishTime,jdbcType=VARCHAR},
      business_contacts = #{businessContacts,jdbcType=VARCHAR},
      contacts_email = #{contactsEmail,jdbcType=VARCHAR},
      bank_information = #{bankInformation,jdbcType=VARCHAR},
      company_account = #{companyAccount,jdbcType=VARCHAR},
      tax_number = #{taxNumber,jdbcType=VARCHAR},
      people_capacity = #{peopleCapacity,jdbcType=VARCHAR},
      business_scope = #{businessScope,jdbcType=VARCHAR},
      license_imageurl = #{licenseImageurl,jdbcType=VARCHAR},
      organization_imageurl = #{organizationImageurl,jdbcType=VARCHAR},
      register_imageurl = #{registerImageurl,jdbcType=VARCHAR},
      report_imageurl = #{reportImageurl,jdbcType=VARCHAR},
      product_name = #{productName,jdbcType=VARCHAR},
      product_category = #{productCategory,jdbcType=VARCHAR},
      product_burden = #{productBurden,jdbcType=VARCHAR},
      content_pabulum = #{contentPabulum,jdbcType=VARCHAR},
      stockpile_wayandtime = #{stockpileWayandtime,jdbcType=VARCHAR},
      product_number = #{productNumber,jdbcType=VARCHAR},
      permit_number = #{permitNumber,jdbcType=VARCHAR},
      product_specialty = #{productSpecialty,jdbcType=VARCHAR},
      product_remark = #{productRemark,jdbcType=VARCHAR},
      product_url = #{productUrl,jdbcType=VARCHAR},
      state = #{state,jdbcType=VARCHAR},
      create_time = #{createTime,jdbcType=VARCHAR},
      update_time = #{updateTime,jdbcType=VARCHAR}
    where id = #{id,jdbcType=VARCHAR}
  </update>
</mapper>