<?xml version="1.0" encoding="UTF-8"?>
<!DOCTYPE mapper PUBLIC "-//mybatis.org//DTD Mapper 3.0//EN" "http://mybatis.org/dtd/mybatis-3-mapper.dtd">
<mapper namespace="com.zng.mapper.TQrcodeMapper">
  <resultMap id="BaseResultMap" type="com.zng.model.TQrcode">
    <id column="id" jdbcType="VARCHAR" property="id" />
    <result column="business_id" jdbcType="VARCHAR" property="businessId" />
    <result column="production_batch" jdbcType="VARCHAR" property="productionBatch" />
    <result column="timestamp" jdbcType="BIGINT" property="timestamp" />
    <result column="create_time" jdbcType="VARCHAR" property="createTime" />
    <result column="scan_code" jdbcType="INTEGER" property="scanCode" />
    <result column="address" jdbcType="VARCHAR" property="address" />
    <result column="commodity" jdbcType="VARCHAR" property="commodity" />
    <result column="state" jdbcType="INTEGER" property="state" />
    <result column="update_time" jdbcType="VARCHAR" property="updateTime" />
    <result column="business_name" jdbcType="VARCHAR" property="businessName" />
    <result column="commodity_name" jdbcType="VARCHAR" property="commodityName" />
  </resultMap>
  <sql id="Base_Column_List">
    id, business_id, production_batch, timestamp, create_time, scan_code, address, commodity, 
    state, update_time, business_name, commodity_name
  </sql>
  <select id="selectByPrimaryKey" parameterType="java.lang.String" resultMap="BaseResultMap">
    select 
    <include refid="Base_Column_List" />
    from t_qrcode
    where id = #{id,jdbcType=VARCHAR}
  </select>
  <delete id="deleteByPrimaryKey" parameterType="java.lang.String">
    delete from t_qrcode
    where id = #{id,jdbcType=VARCHAR}
  </delete>
  <insert id="insert" parameterType="com.zng.model.TQrcode">
    insert into t_qrcode (id, business_id, production_batch, 
      timestamp, create_time, scan_code, 
      address, commodity, state, 
      update_time, business_name, commodity_name
      )
    values (#{id,jdbcType=VARCHAR}, #{businessId,jdbcType=VARCHAR}, #{productionBatch,jdbcType=VARCHAR}, 
      #{timestamp,jdbcType=BIGINT}, #{createTime,jdbcType=VARCHAR}, #{scanCode,jdbcType=INTEGER}, 
      #{address,jdbcType=VARCHAR}, #{commodity,jdbcType=VARCHAR}, #{state,jdbcType=INTEGER}, 
      #{updateTime,jdbcType=VARCHAR}, #{businessName,jdbcType=VARCHAR}, #{commodityName,jdbcType=VARCHAR}
      )
  </insert>
  <insert id="insertSelective" parameterType="com.zng.model.TQrcode">
    insert into t_qrcode
    <trim prefix="(" suffix=")" suffixOverrides=",">
      <if test="id != null">
        id,
      </if>
      <if test="businessId != null">
        business_id,
      </if>
      <if test="productionBatch != null">
        production_batch,
      </if>
      <if test="timestamp != null">
        timestamp,
      </if>
      <if test="createTime != null">
        create_time,
      </if>
      <if test="scanCode != null">
        scan_code,
      </if>
      <if test="address != null">
        address,
      </if>
      <if test="commodity != null">
        commodity,
      </if>
      <if test="state != null">
        state,
      </if>
      <if test="updateTime != null">
        update_time,
      </if>
      <if test="businessName != null">
        business_name,
      </if>
      <if test="commodityName != null">
        commodity_name,
      </if>
    </trim>
    <trim prefix="values (" suffix=")" suffixOverrides=",">
      <if test="id != null">
        #{id,jdbcType=VARCHAR},
      </if>
      <if test="businessId != null">
        #{businessId,jdbcType=VARCHAR},
      </if>
      <if test="productionBatch != null">
        #{productionBatch,jdbcType=VARCHAR},
      </if>
      <if test="timestamp != null">
        #{timestamp,jdbcType=BIGINT},
      </if>
      <if test="createTime != null">
        #{createTime,jdbcType=VARCHAR},
      </if>
      <if test="scanCode != null">
        #{scanCode,jdbcType=INTEGER},
      </if>
      <if test="address != null">
        #{address,jdbcType=VARCHAR},
      </if>
      <if test="commodity != null">
        #{commodity,jdbcType=VARCHAR},
      </if>
      <if test="state != null">
        #{state,jdbcType=INTEGER},
      </if>
      <if test="updateTime != null">
        #{updateTime,jdbcType=VARCHAR},
      </if>
      <if test="businessName != null">
        #{businessName,jdbcType=VARCHAR},
      </if>
      <if test="commodityName != null">
        #{commodityName,jdbcType=VARCHAR},
      </if>
    </trim>
  </insert>
  <update id="updateByPrimaryKeySelective" parameterType="com.zng.model.TQrcode">
    update t_qrcode
    <set>
      <if test="businessId != null">
        business_id = #{businessId,jdbcType=VARCHAR},
      </if>
      <if test="productionBatch != null">
        production_batch = #{productionBatch,jdbcType=VARCHAR},
      </if>
      <if test="timestamp != null">
        timestamp = #{timestamp,jdbcType=BIGINT},
      </if>
      <if test="createTime != null">
        create_time = #{createTime,jdbcType=VARCHAR},
      </if>
      <if test="scanCode != null">
        scan_code = #{scanCode,jdbcType=INTEGER},
      </if>
      <if test="address != null">
        address = #{address,jdbcType=VARCHAR},
      </if>
      <if test="commodity != null">
        commodity = #{commodity,jdbcType=VARCHAR},
      </if>
      <if test="state != null">
        state = #{state,jdbcType=INTEGER},
      </if>
      <if test="updateTime != null">
        update_time = #{updateTime,jdbcType=VARCHAR},
      </if>
      <if test="businessName != null">
        business_name = #{businessName,jdbcType=VARCHAR},
      </if>
      <if test="commodityName != null">
        commodity_name = #{commodityName,jdbcType=VARCHAR},
      </if>
    </set>
    where id = #{id,jdbcType=VARCHAR}
  </update>
  <update id="updateByPrimaryKey" parameterType="com.zng.model.TQrcode">
    update t_qrcode
    set business_id = #{businessId,jdbcType=VARCHAR},
      production_batch = #{productionBatch,jdbcType=VARCHAR},
      timestamp = #{timestamp,jdbcType=BIGINT},
      create_time = #{createTime,jdbcType=VARCHAR},
      scan_code = #{scanCode,jdbcType=INTEGER},
      address = #{address,jdbcType=VARCHAR},
      commodity = #{commodity,jdbcType=VARCHAR},
      state = #{state,jdbcType=INTEGER},
      update_time = #{updateTime,jdbcType=VARCHAR},
      business_name = #{businessName,jdbcType=VARCHAR},
      commodity_name = #{commodityName,jdbcType=VARCHAR}
    where id = #{id,jdbcType=VARCHAR}
  </update>
</mapper>