<?xml version="1.0" encoding="UTF-8"?>
<!DOCTYPE mapper PUBLIC "-//mybatis.org//DTD Mapper 3.0//EN" "http://mybatis.org/dtd/mybatis-3-mapper.dtd">
<mapper namespace="com.zng.mapper.TRaffleticketMapper">
  <resultMap id="BaseResultMap" type="com.zng.model.TRaffleticket">
    <id column="id" jdbcType="VARCHAR" property="id" />
    <result column="state" jdbcType="VARCHAR" property="state" />
    <result column="create_time" jdbcType="VARCHAR" property="createTime" />
    <result column="update_time" jdbcType="VARCHAR" property="updateTime" />
    <result column="order_id" jdbcType="VARCHAR" property="orderId" />
    <result column="login_id" jdbcType="VARCHAR" property="loginId" />
    <result column="consequence" jdbcType="VARCHAR" property="consequence" />
    <result column="order_title" jdbcType="VARCHAR" property="orderTitle" />
    <result column="order_money" jdbcType="DECIMAL" property="orderMoney" />
    <result column="phone" jdbcType="VARCHAR" property="phone" />
    <result column="commodity_id" jdbcType="VARCHAR" property="commodityId" />
    <result column="business_id" jdbcType="VARCHAR" property="businessId" />
    <result column="consignee_name" jdbcType="VARCHAR" property="consigneeName" />
  </resultMap>
  <sql id="Base_Column_List">
    id, state, create_time, update_time, order_id, login_id, consequence, order_title, 
    order_money, phone, commodity_id, business_id, consignee_name
  </sql>
  <select id="selectByPrimaryKey" parameterType="java.lang.String" resultMap="BaseResultMap">
    select 
    <include refid="Base_Column_List" />
    from t_raffleticket
    where id = #{id,jdbcType=VARCHAR}
  </select>
  <delete id="deleteByPrimaryKey" parameterType="java.lang.String">
    delete from t_raffleticket
    where id = #{id,jdbcType=VARCHAR}
  </delete>
  <insert id="insert" parameterType="com.zng.model.TRaffleticket">
    insert into t_raffleticket (id, state, create_time, 
      update_time, order_id, login_id, 
      consequence, order_title, order_money, 
      phone, commodity_id, business_id, 
      consignee_name)
    values (#{id,jdbcType=VARCHAR}, #{state,jdbcType=VARCHAR}, #{createTime,jdbcType=VARCHAR}, 
      #{updateTime,jdbcType=VARCHAR}, #{orderId,jdbcType=VARCHAR}, #{loginId,jdbcType=VARCHAR}, 
      #{consequence,jdbcType=VARCHAR}, #{orderTitle,jdbcType=VARCHAR}, #{orderMoney,jdbcType=DECIMAL}, 
      #{phone,jdbcType=VARCHAR}, #{commodityId,jdbcType=VARCHAR}, #{businessId,jdbcType=VARCHAR}, 
      #{consigneeName,jdbcType=VARCHAR})
  </insert>
  <insert id="insertSelective" parameterType="com.zng.model.TRaffleticket">
    insert into t_raffleticket
    <trim prefix="(" suffix=")" suffixOverrides=",">
      <if test="id != null">
        id,
      </if>
      <if test="state != null">
        state,
      </if>
      <if test="createTime != null">
        create_time,
      </if>
      <if test="updateTime != null">
        update_time,
      </if>
      <if test="orderId != null">
        order_id,
      </if>
      <if test="loginId != null">
        login_id,
      </if>
      <if test="consequence != null">
        consequence,
      </if>
      <if test="orderTitle != null">
        order_title,
      </if>
      <if test="orderMoney != null">
        order_money,
      </if>
      <if test="phone != null">
        phone,
      </if>
      <if test="commodityId != null">
        commodity_id,
      </if>
      <if test="businessId != null">
        business_id,
      </if>
      <if test="consigneeName != null">
        consignee_name,
      </if>
    </trim>
    <trim prefix="values (" suffix=")" suffixOverrides=",">
      <if test="id != null">
        #{id,jdbcType=VARCHAR},
      </if>
      <if test="state != null">
        #{state,jdbcType=VARCHAR},
      </if>
      <if test="createTime != null">
        #{createTime,jdbcType=VARCHAR},
      </if>
      <if test="updateTime != null">
        #{updateTime,jdbcType=VARCHAR},
      </if>
      <if test="orderId != null">
        #{orderId,jdbcType=VARCHAR},
      </if>
      <if test="loginId != null">
        #{loginId,jdbcType=VARCHAR},
      </if>
      <if test="consequence != null">
        #{consequence,jdbcType=VARCHAR},
      </if>
      <if test="orderTitle != null">
        #{orderTitle,jdbcType=VARCHAR},
      </if>
      <if test="orderMoney != null">
        #{orderMoney,jdbcType=DECIMAL},
      </if>
      <if test="phone != null">
        #{phone,jdbcType=VARCHAR},
      </if>
      <if test="commodityId != null">
        #{commodityId,jdbcType=VARCHAR},
      </if>
      <if test="businessId != null">
        #{businessId,jdbcType=VARCHAR},
      </if>
      <if test="consigneeName != null">
        #{consigneeName,jdbcType=VARCHAR},
      </if>
    </trim>
  </insert>
  <update id="updateByPrimaryKeySelective" parameterType="com.zng.model.TRaffleticket">
    update t_raffleticket
    <set>
      <if test="state != null">
        state = #{state,jdbcType=VARCHAR},
      </if>
      <if test="createTime != null">
        create_time = #{createTime,jdbcType=VARCHAR},
      </if>
      <if test="updateTime != null">
        update_time = #{updateTime,jdbcType=VARCHAR},
      </if>
      <if test="orderId != null">
        order_id = #{orderId,jdbcType=VARCHAR},
      </if>
      <if test="loginId != null">
        login_id = #{loginId,jdbcType=VARCHAR},
      </if>
      <if test="consequence != null">
        consequence = #{consequence,jdbcType=VARCHAR},
      </if>
      <if test="orderTitle != null">
        order_title = #{orderTitle,jdbcType=VARCHAR},
      </if>
      <if test="orderMoney != null">
        order_money = #{orderMoney,jdbcType=DECIMAL},
      </if>
      <if test="phone != null">
        phone = #{phone,jdbcType=VARCHAR},
      </if>
      <if test="commodityId != null">
        commodity_id = #{commodityId,jdbcType=VARCHAR},
      </if>
      <if test="businessId != null">
        business_id = #{businessId,jdbcType=VARCHAR},
      </if>
      <if test="consigneeName != null">
        consignee_name = #{consigneeName,jdbcType=VARCHAR},
      </if>
    </set>
    where id = #{id,jdbcType=VARCHAR}
  </update>
  <update id="updateByPrimaryKey" parameterType="com.zng.model.TRaffleticket">
    update t_raffleticket
    set state = #{state,jdbcType=VARCHAR},
      create_time = #{createTime,jdbcType=VARCHAR},
      update_time = #{updateTime,jdbcType=VARCHAR},
      order_id = #{orderId,jdbcType=VARCHAR},
      login_id = #{loginId,jdbcType=VARCHAR},
      consequence = #{consequence,jdbcType=VARCHAR},
      order_title = #{orderTitle,jdbcType=VARCHAR},
      order_money = #{orderMoney,jdbcType=DECIMAL},
      phone = #{phone,jdbcType=VARCHAR},
      commodity_id = #{commodityId,jdbcType=VARCHAR},
      business_id = #{businessId,jdbcType=VARCHAR},
      consignee_name = #{consigneeName,jdbcType=VARCHAR}
    where id = #{id,jdbcType=VARCHAR}
  </update>
</mapper>