<?xml version="1.0" encoding="UTF-8"?>
<!DOCTYPE mapper PUBLIC "-//mybatis.org//DTD Mapper 3.0//EN" "http://mybatis.org/dtd/mybatis-3-mapper.dtd">
<mapper namespace="com.zng.mapper.TRatetemplateMapper">
  <resultMap id="BaseResultMap" type="com.zng.model.TRatetemplate">
    <id column="id" jdbcType="VARCHAR" property="id" />
    <result column="operation" jdbcType="VARCHAR" property="operation" />
    <result column="first_cash" jdbcType="VARCHAR" property="firstCash" />
    <result column="first_token" jdbcType="VARCHAR" property="firstToken" />
    <result column="second_cash" jdbcType="VARCHAR" property="secondCash" />
    <result column="second_token" jdbcType="VARCHAR" property="secondToken" />
    <result column="city" jdbcType="VARCHAR" property="city" />
    <result column="score" jdbcType="VARCHAR" property="score" />
    <result column="platform" jdbcType="VARCHAR" property="platform" />
    <result column="produce" jdbcType="VARCHAR" property="produce" />
    <result column="system" jdbcType="VARCHAR" property="system" />
    <result column="supplement" jdbcType="VARCHAR" property="supplement" />
    <result column="zng_company" jdbcType="VARCHAR" property="zngCompany" />
    <result column="remaining" jdbcType="VARCHAR" property="remaining" />
    <result column="remarks" jdbcType="VARCHAR" property="remarks" />
    <result column="state" jdbcType="VARCHAR" property="state" />
    <result column="create_time" jdbcType="VARCHAR" property="createTime" />
    <result column="update_time" jdbcType="VARCHAR" property="updateTime" />
    <result column="type" jdbcType="VARCHAR" property="type" />
    <result column="together_space" jdbcType="VARCHAR" property="togetherSpace" />
    <result column="conversion_tea" jdbcType="VARCHAR" property="conversionTea" />
    <result column="token_release" jdbcType="VARCHAR" property="tokenRelease" />
    <result column="buy_oneself" jdbcType="VARCHAR" property="buyOneself" />
    <result column="draw_reserved" jdbcType="VARCHAR" property="drawReserved" />
    <result column="admin_account" jdbcType="VARCHAR" property="adminAccount" />
    <result column="business_id" jdbcType="VARCHAR" property="businessId" />
  </resultMap>
  <sql id="Base_Column_List">
    id, operation, first_cash, first_token, second_cash, second_token, city, score, platform, 
    produce, system, supplement, zng_company, remaining, remarks, state, create_time, 
    update_time, type, together_space, conversion_tea, token_release, buy_oneself, draw_reserved, 
    admin_account, business_id
  </sql>
  <select id="selectByPrimaryKey" parameterType="java.lang.String" resultMap="BaseResultMap">
    select 
    <include refid="Base_Column_List" />
    from t_ratetemplate
    where id = #{id,jdbcType=VARCHAR}
  </select>
  <delete id="deleteByPrimaryKey" parameterType="java.lang.String">
    delete from t_ratetemplate
    where id = #{id,jdbcType=VARCHAR}
  </delete>
  <insert id="insert" parameterType="com.zng.model.TRatetemplate">
    insert into t_ratetemplate (id, operation, first_cash, 
      first_token, second_cash, second_token, 
      city, score, platform, 
      produce, system, supplement, 
      zng_company, remaining, remarks, 
      state, create_time, update_time, 
      type, together_space, conversion_tea, 
      token_release, buy_oneself, draw_reserved, 
      admin_account, business_id)
    values (#{id,jdbcType=VARCHAR}, #{operation,jdbcType=VARCHAR}, #{firstCash,jdbcType=VARCHAR}, 
      #{firstToken,jdbcType=VARCHAR}, #{secondCash,jdbcType=VARCHAR}, #{secondToken,jdbcType=VARCHAR}, 
      #{city,jdbcType=VARCHAR}, #{score,jdbcType=VARCHAR}, #{platform,jdbcType=VARCHAR}, 
      #{produce,jdbcType=VARCHAR}, #{system,jdbcType=VARCHAR}, #{supplement,jdbcType=VARCHAR}, 
      #{zngCompany,jdbcType=VARCHAR}, #{remaining,jdbcType=VARCHAR}, #{remarks,jdbcType=VARCHAR}, 
      #{state,jdbcType=VARCHAR}, #{createTime,jdbcType=VARCHAR}, #{updateTime,jdbcType=VARCHAR}, 
      #{type,jdbcType=VARCHAR}, #{togetherSpace,jdbcType=VARCHAR}, #{conversionTea,jdbcType=VARCHAR}, 
      #{tokenRelease,jdbcType=VARCHAR}, #{buyOneself,jdbcType=VARCHAR}, #{drawReserved,jdbcType=VARCHAR}, 
      #{adminAccount,jdbcType=VARCHAR}, #{businessId,jdbcType=VARCHAR})
  </insert>
  <insert id="insertSelective" parameterType="com.zng.model.TRatetemplate">
    insert into t_ratetemplate
    <trim prefix="(" suffix=")" suffixOverrides=",">
      <if test="id != null">
        id,
      </if>
      <if test="operation != null">
        operation,
      </if>
      <if test="firstCash != null">
        first_cash,
      </if>
      <if test="firstToken != null">
        first_token,
      </if>
      <if test="secondCash != null">
        second_cash,
      </if>
      <if test="secondToken != null">
        second_token,
      </if>
      <if test="city != null">
        city,
      </if>
      <if test="score != null">
        score,
      </if>
      <if test="platform != null">
        platform,
      </if>
      <if test="produce != null">
        produce,
      </if>
      <if test="system != null">
        system,
      </if>
      <if test="supplement != null">
        supplement,
      </if>
      <if test="zngCompany != null">
        zng_company,
      </if>
      <if test="remaining != null">
        remaining,
      </if>
      <if test="remarks != null">
        remarks,
      </if>
      <if test="state != null">
        state,
      </if>
      <if test="createTime != null">
        create_time,
      </if>
      <if test="updateTime != null">
        update_time,
      </if>
      <if test="type != null">
        type,
      </if>
      <if test="togetherSpace != null">
        together_space,
      </if>
      <if test="conversionTea != null">
        conversion_tea,
      </if>
      <if test="tokenRelease != null">
        token_release,
      </if>
      <if test="buyOneself != null">
        buy_oneself,
      </if>
      <if test="drawReserved != null">
        draw_reserved,
      </if>
      <if test="adminAccount != null">
        admin_account,
      </if>
      <if test="businessId != null">
        business_id,
      </if>
    </trim>
    <trim prefix="values (" suffix=")" suffixOverrides=",">
      <if test="id != null">
        #{id,jdbcType=VARCHAR},
      </if>
      <if test="operation != null">
        #{operation,jdbcType=VARCHAR},
      </if>
      <if test="firstCash != null">
        #{firstCash,jdbcType=VARCHAR},
      </if>
      <if test="firstToken != null">
        #{firstToken,jdbcType=VARCHAR},
      </if>
      <if test="secondCash != null">
        #{secondCash,jdbcType=VARCHAR},
      </if>
      <if test="secondToken != null">
        #{secondToken,jdbcType=VARCHAR},
      </if>
      <if test="city != null">
        #{city,jdbcType=VARCHAR},
      </if>
      <if test="score != null">
        #{score,jdbcType=VARCHAR},
      </if>
      <if test="platform != null">
        #{platform,jdbcType=VARCHAR},
      </if>
      <if test="produce != null">
        #{produce,jdbcType=VARCHAR},
      </if>
      <if test="system != null">
        #{system,jdbcType=VARCHAR},
      </if>
      <if test="supplement != null">
        #{supplement,jdbcType=VARCHAR},
      </if>
      <if test="zngCompany != null">
        #{zngCompany,jdbcType=VARCHAR},
      </if>
      <if test="remaining != null">
        #{remaining,jdbcType=VARCHAR},
      </if>
      <if test="remarks != null">
        #{remarks,jdbcType=VARCHAR},
      </if>
      <if test="state != null">
        #{state,jdbcType=VARCHAR},
      </if>
      <if test="createTime != null">
        #{createTime,jdbcType=VARCHAR},
      </if>
      <if test="updateTime != null">
        #{updateTime,jdbcType=VARCHAR},
      </if>
      <if test="type != null">
        #{type,jdbcType=VARCHAR},
      </if>
      <if test="togetherSpace != null">
        #{togetherSpace,jdbcType=VARCHAR},
      </if>
      <if test="conversionTea != null">
        #{conversionTea,jdbcType=VARCHAR},
      </if>
      <if test="tokenRelease != null">
        #{tokenRelease,jdbcType=VARCHAR},
      </if>
      <if test="buyOneself != null">
        #{buyOneself,jdbcType=VARCHAR},
      </if>
      <if test="drawReserved != null">
        #{drawReserved,jdbcType=VARCHAR},
      </if>
      <if test="adminAccount != null">
        #{adminAccount,jdbcType=VARCHAR},
      </if>
      <if test="businessId != null">
        #{businessId,jdbcType=VARCHAR},
      </if>
    </trim>
  </insert>
  <update id="updateByPrimaryKeySelective" parameterType="com.zng.model.TRatetemplate">
    update t_ratetemplate
    <set>
      <if test="operation != null">
        operation = #{operation,jdbcType=VARCHAR},
      </if>
      <if test="firstCash != null">
        first_cash = #{firstCash,jdbcType=VARCHAR},
      </if>
      <if test="firstToken != null">
        first_token = #{firstToken,jdbcType=VARCHAR},
      </if>
      <if test="secondCash != null">
        second_cash = #{secondCash,jdbcType=VARCHAR},
      </if>
      <if test="secondToken != null">
        second_token = #{secondToken,jdbcType=VARCHAR},
      </if>
      <if test="city != null">
        city = #{city,jdbcType=VARCHAR},
      </if>
      <if test="score != null">
        score = #{score,jdbcType=VARCHAR},
      </if>
      <if test="platform != null">
        platform = #{platform,jdbcType=VARCHAR},
      </if>
      <if test="produce != null">
        produce = #{produce,jdbcType=VARCHAR},
      </if>
      <if test="system != null">
        system = #{system,jdbcType=VARCHAR},
      </if>
      <if test="supplement != null">
        supplement = #{supplement,jdbcType=VARCHAR},
      </if>
      <if test="zngCompany != null">
        zng_company = #{zngCompany,jdbcType=VARCHAR},
      </if>
      <if test="remaining != null">
        remaining = #{remaining,jdbcType=VARCHAR},
      </if>
      <if test="remarks != null">
        remarks = #{remarks,jdbcType=VARCHAR},
      </if>
      <if test="state != null">
        state = #{state,jdbcType=VARCHAR},
      </if>
      <if test="createTime != null">
        create_time = #{createTime,jdbcType=VARCHAR},
      </if>
      <if test="updateTime != null">
        update_time = #{updateTime,jdbcType=VARCHAR},
      </if>
      <if test="type != null">
        type = #{type,jdbcType=VARCHAR},
      </if>
      <if test="togetherSpace != null">
        together_space = #{togetherSpace,jdbcType=VARCHAR},
      </if>
      <if test="conversionTea != null">
        conversion_tea = #{conversionTea,jdbcType=VARCHAR},
      </if>
      <if test="tokenRelease != null">
        token_release = #{tokenRelease,jdbcType=VARCHAR},
      </if>
      <if test="buyOneself != null">
        buy_oneself = #{buyOneself,jdbcType=VARCHAR},
      </if>
      <if test="drawReserved != null">
        draw_reserved = #{drawReserved,jdbcType=VARCHAR},
      </if>
      <if test="adminAccount != null">
        admin_account = #{adminAccount,jdbcType=VARCHAR},
      </if>
      <if test="businessId != null">
        business_id = #{businessId,jdbcType=VARCHAR},
      </if>
    </set>
    where id = #{id,jdbcType=VARCHAR}
  </update>
  <update id="updateByPrimaryKey" parameterType="com.zng.model.TRatetemplate">
    update t_ratetemplate
    set operation = #{operation,jdbcType=VARCHAR},
      first_cash = #{firstCash,jdbcType=VARCHAR},
      first_token = #{firstToken,jdbcType=VARCHAR},
      second_cash = #{secondCash,jdbcType=VARCHAR},
      second_token = #{secondToken,jdbcType=VARCHAR},
      city = #{city,jdbcType=VARCHAR},
      score = #{score,jdbcType=VARCHAR},
      platform = #{platform,jdbcType=VARCHAR},
      produce = #{produce,jdbcType=VARCHAR},
      system = #{system,jdbcType=VARCHAR},
      supplement = #{supplement,jdbcType=VARCHAR},
      zng_company = #{zngCompany,jdbcType=VARCHAR},
      remaining = #{remaining,jdbcType=VARCHAR},
      remarks = #{remarks,jdbcType=VARCHAR},
      state = #{state,jdbcType=VARCHAR},
      create_time = #{createTime,jdbcType=VARCHAR},
      update_time = #{updateTime,jdbcType=VARCHAR},
      type = #{type,jdbcType=VARCHAR},
      together_space = #{togetherSpace,jdbcType=VARCHAR},
      conversion_tea = #{conversionTea,jdbcType=VARCHAR},
      token_release = #{tokenRelease,jdbcType=VARCHAR},
      buy_oneself = #{buyOneself,jdbcType=VARCHAR},
      draw_reserved = #{drawReserved,jdbcType=VARCHAR},
      admin_account = #{adminAccount,jdbcType=VARCHAR},
      business_id = #{businessId,jdbcType=VARCHAR}
    where id = #{id,jdbcType=VARCHAR}
  </update>
</mapper>