<?xml version="1.0" encoding="UTF-8"?>
<!DOCTYPE mapper PUBLIC "-//mybatis.org//DTD Mapper 3.0//EN" "http://mybatis.org/dtd/mybatis-3-mapper.dtd">
<mapper namespace="com.zng.mapper.TRegimentMapper">
  <resultMap id="BaseResultMap" type="com.zng.model.TRegiment">
    <id column="id" jdbcType="VARCHAR" property="id" />
    <result column="title" jdbcType="VARCHAR" property="title" />
    <result column="state" jdbcType="VARCHAR" property="state" />
    <result column="create_time" jdbcType="TIMESTAMP" property="createTime" />
    <result column="update_time" jdbcType="TIMESTAMP" property="updateTime" />
    <result column="organization_id" jdbcType="VARCHAR" property="organizationId" />
    <result column="name" jdbcType="VARCHAR" property="name" />
    <result column="described" jdbcType="VARCHAR" property="described" />
    <result column="requirement" jdbcType="VARCHAR" property="requirement" />
    <result column="work_domain" jdbcType="VARCHAR" property="workDomain" />
  </resultMap>
  <sql id="Base_Column_List">
    id, title, state, create_time, update_time, organization_id, name, described, requirement, 
    work_domain
  </sql>
  <select id="selectByPrimaryKey" parameterType="java.lang.String" resultMap="BaseResultMap">
    select 
    <include refid="Base_Column_List" />
    from t_regiment
    where id = #{id,jdbcType=VARCHAR}
  </select>
  <delete id="deleteByPrimaryKey" parameterType="java.lang.String">
    delete from t_regiment
    where id = #{id,jdbcType=VARCHAR}
  </delete>
  <insert id="insert" parameterType="com.zng.model.TRegiment">
    insert into t_regiment (id, title, state, 
      create_time, update_time, organization_id, 
      name, described, requirement, 
      work_domain)
    values (#{id,jdbcType=VARCHAR}, #{title,jdbcType=VARCHAR}, #{state,jdbcType=VARCHAR}, 
      #{createTime,jdbcType=TIMESTAMP}, #{updateTime,jdbcType=TIMESTAMP}, #{organizationId,jdbcType=VARCHAR}, 
      #{name,jdbcType=VARCHAR}, #{described,jdbcType=VARCHAR}, #{requirement,jdbcType=VARCHAR}, 
      #{workDomain,jdbcType=VARCHAR})
  </insert>
  <insert id="insertSelective" parameterType="com.zng.model.TRegiment">
    insert into t_regiment
    <trim prefix="(" suffix=")" suffixOverrides=",">
      <if test="id != null">
        id,
      </if>
      <if test="title != null">
        title,
      </if>
      <if test="state != null">
        state,
      </if>
      <if test="createTime != null">
        create_time,
      </if>
      <if test="updateTime != null">
        update_time,
      </if>
      <if test="organizationId != null">
        organization_id,
      </if>
      <if test="name != null">
        name,
      </if>
      <if test="described != null">
        described,
      </if>
      <if test="requirement != null">
        requirement,
      </if>
      <if test="workDomain != null">
        work_domain,
      </if>
    </trim>
    <trim prefix="values (" suffix=")" suffixOverrides=",">
      <if test="id != null">
        #{id,jdbcType=VARCHAR},
      </if>
      <if test="title != null">
        #{title,jdbcType=VARCHAR},
      </if>
      <if test="state != null">
        #{state,jdbcType=VARCHAR},
      </if>
      <if test="createTime != null">
        #{createTime,jdbcType=TIMESTAMP},
      </if>
      <if test="updateTime != null">
        #{updateTime,jdbcType=TIMESTAMP},
      </if>
      <if test="organizationId != null">
        #{organizationId,jdbcType=VARCHAR},
      </if>
      <if test="name != null">
        #{name,jdbcType=VARCHAR},
      </if>
      <if test="described != null">
        #{described,jdbcType=VARCHAR},
      </if>
      <if test="requirement != null">
        #{requirement,jdbcType=VARCHAR},
      </if>
      <if test="workDomain != null">
        #{workDomain,jdbcType=VARCHAR},
      </if>
    </trim>
  </insert>
  <update id="updateByPrimaryKeySelective" parameterType="com.zng.model.TRegiment">
    update t_regiment
    <set>
      <if test="title != null">
        title = #{title,jdbcType=VARCHAR},
      </if>
      <if test="state != null">
        state = #{state,jdbcType=VARCHAR},
      </if>
      <if test="createTime != null">
        create_time = #{createTime,jdbcType=TIMESTAMP},
      </if>
      <if test="updateTime != null">
        update_time = #{updateTime,jdbcType=TIMESTAMP},
      </if>
      <if test="organizationId != null">
        organization_id = #{organizationId,jdbcType=VARCHAR},
      </if>
      <if test="name != null">
        name = #{name,jdbcType=VARCHAR},
      </if>
      <if test="described != null">
        described = #{described,jdbcType=VARCHAR},
      </if>
      <if test="requirement != null">
        requirement = #{requirement,jdbcType=VARCHAR},
      </if>
      <if test="workDomain != null">
        work_domain = #{workDomain,jdbcType=VARCHAR},
      </if>
    </set>
    where id = #{id,jdbcType=VARCHAR}
  </update>
  <update id="updateByPrimaryKey" parameterType="com.zng.model.TRegiment">
    update t_regiment
    set title = #{title,jdbcType=VARCHAR},
      state = #{state,jdbcType=VARCHAR},
      create_time = #{createTime,jdbcType=TIMESTAMP},
      update_time = #{updateTime,jdbcType=TIMESTAMP},
      organization_id = #{organizationId,jdbcType=VARCHAR},
      name = #{name,jdbcType=VARCHAR},
      described = #{described,jdbcType=VARCHAR},
      requirement = #{requirement,jdbcType=VARCHAR},
      work_domain = #{workDomain,jdbcType=VARCHAR}
    where id = #{id,jdbcType=VARCHAR}
  </update>
</mapper>