<?xml version="1.0" encoding="UTF-8"?>
<!DOCTYPE mapper PUBLIC "-//mybatis.org//DTD Mapper 3.0//EN" "http://mybatis.org/dtd/mybatis-3-mapper.dtd">
<mapper namespace="com.zng.mapper.TRelationshipMapper">
  <resultMap id="BaseResultMap" type="com.zng.model.TRelationship">
    <id column="id" jdbcType="INTEGER" property="id" />
    <result column="regiment_id" jdbcType="VARCHAR" property="regimentId" />
    <result column="together_id" jdbcType="VARCHAR" property="togetherId" />
    <result column="regiment_name" jdbcType="VARCHAR" property="regimentName" />
    <result column="authentication_id" jdbcType="VARCHAR" property="authenticationId" />
    <result column="create_time" jdbcType="VARCHAR" property="createTime" />
    <result column="state" jdbcType="VARCHAR" property="state" />
    <result column="business_id" jdbcType="VARCHAR" property="businessId" />
    <result column="place" jdbcType="VARCHAR" property="place" />
    <result column="place_id" jdbcType="VARCHAR" property="placeId" />
    <result column="wechat_id" jdbcType="VARCHAR" property="wechatId" />
  </resultMap>
  <sql id="Base_Column_List">
    id, regiment_id, together_id, regiment_name, authentication_id, create_time, state, 
    business_id, place, place_id, wechat_id
  </sql>
  <select id="selectByPrimaryKey" parameterType="java.lang.Integer" resultMap="BaseResultMap">
    select 
    <include refid="Base_Column_List" />
    from t_relationship
    where id = #{id,jdbcType=INTEGER}
  </select>
  <delete id="deleteByPrimaryKey" parameterType="java.lang.Integer">
    delete from t_relationship
    where id = #{id,jdbcType=INTEGER}
  </delete>
  <insert id="insert" parameterType="com.zng.model.TRelationship">
    insert into t_relationship (id, regiment_id, together_id, 
      regiment_name, authentication_id, create_time, 
      state, business_id, place, 
      place_id, wechat_id)
    values (#{id,jdbcType=INTEGER}, #{regimentId,jdbcType=VARCHAR}, #{togetherId,jdbcType=VARCHAR}, 
      #{regimentName,jdbcType=VARCHAR}, #{authenticationId,jdbcType=VARCHAR}, #{createTime,jdbcType=VARCHAR}, 
      #{state,jdbcType=VARCHAR}, #{businessId,jdbcType=VARCHAR}, #{place,jdbcType=VARCHAR}, 
      #{placeId,jdbcType=VARCHAR}, #{wechatId,jdbcType=VARCHAR})
  </insert>
  <insert id="insertSelective" parameterType="com.zng.model.TRelationship">
    insert into t_relationship
    <trim prefix="(" suffix=")" suffixOverrides=",">
      <if test="id != null">
        id,
      </if>
      <if test="regimentId != null">
        regiment_id,
      </if>
      <if test="togetherId != null">
        together_id,
      </if>
      <if test="regimentName != null">
        regiment_name,
      </if>
      <if test="authenticationId != null">
        authentication_id,
      </if>
      <if test="createTime != null">
        create_time,
      </if>
      <if test="state != null">
        state,
      </if>
      <if test="businessId != null">
        business_id,
      </if>
      <if test="place != null">
        place,
      </if>
      <if test="placeId != null">
        place_id,
      </if>
      <if test="wechatId != null">
        wechat_id,
      </if>
    </trim>
    <trim prefix="values (" suffix=")" suffixOverrides=",">
      <if test="id != null">
        #{id,jdbcType=INTEGER},
      </if>
      <if test="regimentId != null">
        #{regimentId,jdbcType=VARCHAR},
      </if>
      <if test="togetherId != null">
        #{togetherId,jdbcType=VARCHAR},
      </if>
      <if test="regimentName != null">
        #{regimentName,jdbcType=VARCHAR},
      </if>
      <if test="authenticationId != null">
        #{authenticationId,jdbcType=VARCHAR},
      </if>
      <if test="createTime != null">
        #{createTime,jdbcType=VARCHAR},
      </if>
      <if test="state != null">
        #{state,jdbcType=VARCHAR},
      </if>
      <if test="businessId != null">
        #{businessId,jdbcType=VARCHAR},
      </if>
      <if test="place != null">
        #{place,jdbcType=VARCHAR},
      </if>
      <if test="placeId != null">
        #{placeId,jdbcType=VARCHAR},
      </if>
      <if test="wechatId != null">
        #{wechatId,jdbcType=VARCHAR},
      </if>
    </trim>
  </insert>
  <update id="updateByPrimaryKeySelective" parameterType="com.zng.model.TRelationship">
    update t_relationship
    <set>
      <if test="regimentId != null">
        regiment_id = #{regimentId,jdbcType=VARCHAR},
      </if>
      <if test="togetherId != null">
        together_id = #{togetherId,jdbcType=VARCHAR},
      </if>
      <if test="regimentName != null">
        regiment_name = #{regimentName,jdbcType=VARCHAR},
      </if>
      <if test="authenticationId != null">
        authentication_id = #{authenticationId,jdbcType=VARCHAR},
      </if>
      <if test="createTime != null">
        create_time = #{createTime,jdbcType=VARCHAR},
      </if>
      <if test="state != null">
        state = #{state,jdbcType=VARCHAR},
      </if>
      <if test="businessId != null">
        business_id = #{businessId,jdbcType=VARCHAR},
      </if>
      <if test="place != null">
        place = #{place,jdbcType=VARCHAR},
      </if>
      <if test="placeId != null">
        place_id = #{placeId,jdbcType=VARCHAR},
      </if>
      <if test="wechatId != null">
        wechat_id = #{wechatId,jdbcType=VARCHAR},
      </if>
    </set>
    where id = #{id,jdbcType=INTEGER}
  </update>
  <update id="updateByPrimaryKey" parameterType="com.zng.model.TRelationship">
    update t_relationship
    set regiment_id = #{regimentId,jdbcType=VARCHAR},
      together_id = #{togetherId,jdbcType=VARCHAR},
      regiment_name = #{regimentName,jdbcType=VARCHAR},
      authentication_id = #{authenticationId,jdbcType=VARCHAR},
      create_time = #{createTime,jdbcType=VARCHAR},
      state = #{state,jdbcType=VARCHAR},
      business_id = #{businessId,jdbcType=VARCHAR},
      place = #{place,jdbcType=VARCHAR},
      place_id = #{placeId,jdbcType=VARCHAR},
      wechat_id = #{wechatId,jdbcType=VARCHAR}
    where id = #{id,jdbcType=INTEGER}
  </update>
</mapper>