<?xml version="1.0" encoding="UTF-8"?>
<!DOCTYPE mapper PUBLIC "-//mybatis.org//DTD Mapper 3.0//EN" "http://mybatis.org/dtd/mybatis-3-mapper.dtd">
<mapper namespace="com.zng.mapper.TRicecardMapper">
  <resultMap id="BaseResultMap" type="com.zng.model.TRicecard">
    <id column="id" jdbcType="VARCHAR" property="id" />
    <result column="number" jdbcType="DECIMAL" property="number" />
    <result column="content" jdbcType="VARCHAR" property="content" />
    <result column="create_user" jdbcType="VARCHAR" property="createUser" />
    <result column="create_time" jdbcType="TIMESTAMP" property="createTime" />
    <result column="update_user" jdbcType="VARCHAR" property="updateUser" />
    <result column="update_time" jdbcType="TIMESTAMP" property="updateTime" />
    <result column="order_id" jdbcType="VARCHAR" property="orderId" />
    <result column="type" jdbcType="TINYINT" property="type" />
    <result column="nick_name" jdbcType="VARCHAR" property="nickName" />
    <result column="cash_out_id" jdbcType="VARCHAR" property="cashOutId" />
    <result column="business_id" jdbcType="VARCHAR" property="businessId" />
    <result column="business_name" jdbcType="VARCHAR" property="businessName" />
    <result column="pay_id" jdbcType="VARCHAR" property="payId" />
    <result column="item_id" jdbcType="VARCHAR" property="itemId" />
    <result column="class_order_id" jdbcType="VARCHAR" property="classOrderId" />
  </resultMap>
  <sql id="Base_Column_List">
    id, number, content, create_user, create_time, update_user, update_time, order_id, 
    type, nick_name, cash_out_id, business_id, business_name, pay_id, item_id, class_order_id
  </sql>
  <select id="selectByPrimaryKey" parameterType="java.lang.String" resultMap="BaseResultMap">
    select 
    <include refid="Base_Column_List" />
    from t_ricecard
    where id = #{id,jdbcType=VARCHAR}
  </select>
  <delete id="deleteByPrimaryKey" parameterType="java.lang.String">
    delete from t_ricecard
    where id = #{id,jdbcType=VARCHAR}
  </delete>
  <insert id="insert" parameterType="com.zng.model.TRicecard">
    insert into t_ricecard (id, number, content, 
      create_user, create_time, update_user, 
      update_time, order_id, type, 
      nick_name, cash_out_id, business_id, 
      business_name, pay_id, item_id, 
      class_order_id)
    values (#{id,jdbcType=VARCHAR}, #{number,jdbcType=DECIMAL}, #{content,jdbcType=VARCHAR}, 
      #{createUser,jdbcType=VARCHAR}, #{createTime,jdbcType=TIMESTAMP}, #{updateUser,jdbcType=VARCHAR}, 
      #{updateTime,jdbcType=TIMESTAMP}, #{orderId,jdbcType=VARCHAR}, #{type,jdbcType=TINYINT}, 
      #{nickName,jdbcType=VARCHAR}, #{cashOutId,jdbcType=VARCHAR}, #{businessId,jdbcType=VARCHAR}, 
      #{businessName,jdbcType=VARCHAR}, #{payId,jdbcType=VARCHAR}, #{itemId,jdbcType=VARCHAR}, 
      #{classOrderId,jdbcType=VARCHAR})
  </insert>
  <insert id="insertSelective" parameterType="com.zng.model.TRicecard">
    insert into t_ricecard
    <trim prefix="(" suffix=")" suffixOverrides=",">
      <if test="id != null">
        id,
      </if>
      <if test="number != null">
        number,
      </if>
      <if test="content != null">
        content,
      </if>
      <if test="createUser != null">
        create_user,
      </if>
      <if test="createTime != null">
        create_time,
      </if>
      <if test="updateUser != null">
        update_user,
      </if>
      <if test="updateTime != null">
        update_time,
      </if>
      <if test="orderId != null">
        order_id,
      </if>
      <if test="type != null">
        type,
      </if>
      <if test="nickName != null">
        nick_name,
      </if>
      <if test="cashOutId != null">
        cash_out_id,
      </if>
      <if test="businessId != null">
        business_id,
      </if>
      <if test="businessName != null">
        business_name,
      </if>
      <if test="payId != null">
        pay_id,
      </if>
      <if test="itemId != null">
        item_id,
      </if>
      <if test="classOrderId != null">
        class_order_id,
      </if>
    </trim>
    <trim prefix="values (" suffix=")" suffixOverrides=",">
      <if test="id != null">
        #{id,jdbcType=VARCHAR},
      </if>
      <if test="number != null">
        #{number,jdbcType=DECIMAL},
      </if>
      <if test="content != null">
        #{content,jdbcType=VARCHAR},
      </if>
      <if test="createUser != null">
        #{createUser,jdbcType=VARCHAR},
      </if>
      <if test="createTime != null">
        #{createTime,jdbcType=TIMESTAMP},
      </if>
      <if test="updateUser != null">
        #{updateUser,jdbcType=VARCHAR},
      </if>
      <if test="updateTime != null">
        #{updateTime,jdbcType=TIMESTAMP},
      </if>
      <if test="orderId != null">
        #{orderId,jdbcType=VARCHAR},
      </if>
      <if test="type != null">
        #{type,jdbcType=TINYINT},
      </if>
      <if test="nickName != null">
        #{nickName,jdbcType=VARCHAR},
      </if>
      <if test="cashOutId != null">
        #{cashOutId,jdbcType=VARCHAR},
      </if>
      <if test="businessId != null">
        #{businessId,jdbcType=VARCHAR},
      </if>
      <if test="businessName != null">
        #{businessName,jdbcType=VARCHAR},
      </if>
      <if test="payId != null">
        #{payId,jdbcType=VARCHAR},
      </if>
      <if test="itemId != null">
        #{itemId,jdbcType=VARCHAR},
      </if>
      <if test="classOrderId != null">
        #{classOrderId,jdbcType=VARCHAR},
      </if>
    </trim>
  </insert>
  <update id="updateByPrimaryKeySelective" parameterType="com.zng.model.TRicecard">
    update t_ricecard
    <set>
      <if test="number != null">
        number = #{number,jdbcType=DECIMAL},
      </if>
      <if test="content != null">
        content = #{content,jdbcType=VARCHAR},
      </if>
      <if test="createUser != null">
        create_user = #{createUser,jdbcType=VARCHAR},
      </if>
      <if test="createTime != null">
        create_time = #{createTime,jdbcType=TIMESTAMP},
      </if>
      <if test="updateUser != null">
        update_user = #{updateUser,jdbcType=VARCHAR},
      </if>
      <if test="updateTime != null">
        update_time = #{updateTime,jdbcType=TIMESTAMP},
      </if>
      <if test="orderId != null">
        order_id = #{orderId,jdbcType=VARCHAR},
      </if>
      <if test="type != null">
        type = #{type,jdbcType=TINYINT},
      </if>
      <if test="nickName != null">
        nick_name = #{nickName,jdbcType=VARCHAR},
      </if>
      <if test="cashOutId != null">
        cash_out_id = #{cashOutId,jdbcType=VARCHAR},
      </if>
      <if test="businessId != null">
        business_id = #{businessId,jdbcType=VARCHAR},
      </if>
      <if test="businessName != null">
        business_name = #{businessName,jdbcType=VARCHAR},
      </if>
      <if test="payId != null">
        pay_id = #{payId,jdbcType=VARCHAR},
      </if>
      <if test="itemId != null">
        item_id = #{itemId,jdbcType=VARCHAR},
      </if>
      <if test="classOrderId != null">
        class_order_id = #{classOrderId,jdbcType=VARCHAR},
      </if>
    </set>
    where id = #{id,jdbcType=VARCHAR}
  </update>
  <update id="updateByPrimaryKey" parameterType="com.zng.model.TRicecard">
    update t_ricecard
    set number = #{number,jdbcType=DECIMAL},
      content = #{content,jdbcType=VARCHAR},
      create_user = #{createUser,jdbcType=VARCHAR},
      create_time = #{createTime,jdbcType=TIMESTAMP},
      update_user = #{updateUser,jdbcType=VARCHAR},
      update_time = #{updateTime,jdbcType=TIMESTAMP},
      order_id = #{orderId,jdbcType=VARCHAR},
      type = #{type,jdbcType=TINYINT},
      nick_name = #{nickName,jdbcType=VARCHAR},
      cash_out_id = #{cashOutId,jdbcType=VARCHAR},
      business_id = #{businessId,jdbcType=VARCHAR},
      business_name = #{businessName,jdbcType=VARCHAR},
      pay_id = #{payId,jdbcType=VARCHAR},
      item_id = #{itemId,jdbcType=VARCHAR},
      class_order_id = #{classOrderId,jdbcType=VARCHAR}
    where id = #{id,jdbcType=VARCHAR}
  </update>
</mapper>