<?xml version="1.0" encoding="UTF-8"?>
<!DOCTYPE mapper PUBLIC "-//mybatis.org//DTD Mapper 3.0//EN" "http://mybatis.org/dtd/mybatis-3-mapper.dtd">
<mapper namespace="com.zng.mapper.TScoreMapper">
  <resultMap id="BaseResultMap" type="com.zng.model.TScore">
    <id column="id" jdbcType="VARCHAR" property="id" />
    <result column="interpersonal_fraction" jdbcType="DECIMAL" property="interpersonalFraction" />
    <result column="ability_fraction" jdbcType="DECIMAL" property="abilityFraction" />
    <result column="sincerity_fraction" jdbcType="DECIMAL" property="sincerityFraction" />
    <result column="deed_fraction" jdbcType="DECIMAL" property="deedFraction" />
    <result column="experience_fraction" jdbcType="DECIMAL" property="experienceFraction" />
    <result column="rater_login_id" jdbcType="VARCHAR" property="raterLoginId" />
    <result column="state" jdbcType="VARCHAR" property="state" />
    <result column="create_time" jdbcType="VARCHAR" property="createTime" />
    <result column="update_time" jdbcType="VARCHAR" property="updateTime" />
    <result column="item_id" jdbcType="VARCHAR" property="itemId" />
    <result column="login_id" jdbcType="VARCHAR" property="loginId" />
    <result column="type" jdbcType="VARCHAR" property="type" />
    <result column="total_score" jdbcType="DECIMAL" property="totalScore" />
  </resultMap>
  <sql id="Base_Column_List">
    id, interpersonal_fraction, ability_fraction, sincerity_fraction, deed_fraction, 
    experience_fraction, rater_login_id, state, create_time, update_time, item_id, login_id, 
    type, total_score
  </sql>
  <select id="selectByPrimaryKey" parameterType="java.lang.String" resultMap="BaseResultMap">
    select 
    <include refid="Base_Column_List" />
    from t_score
    where id = #{id,jdbcType=VARCHAR}
  </select>
  <delete id="deleteByPrimaryKey" parameterType="java.lang.String">
    delete from t_score
    where id = #{id,jdbcType=VARCHAR}
  </delete>
  <insert id="insert" parameterType="com.zng.model.TScore">
    insert into t_score (id, interpersonal_fraction, ability_fraction, 
      sincerity_fraction, deed_fraction, experience_fraction, 
      rater_login_id, state, create_time, 
      update_time, item_id, login_id, 
      type, total_score)
    values (#{id,jdbcType=VARCHAR}, #{interpersonalFraction,jdbcType=DECIMAL}, #{abilityFraction,jdbcType=DECIMAL}, 
      #{sincerityFraction,jdbcType=DECIMAL}, #{deedFraction,jdbcType=DECIMAL}, #{experienceFraction,jdbcType=DECIMAL}, 
      #{raterLoginId,jdbcType=VARCHAR}, #{state,jdbcType=VARCHAR}, #{createTime,jdbcType=VARCHAR}, 
      #{updateTime,jdbcType=VARCHAR}, #{itemId,jdbcType=VARCHAR}, #{loginId,jdbcType=VARCHAR}, 
      #{type,jdbcType=VARCHAR}, #{totalScore,jdbcType=DECIMAL})
  </insert>
  <insert id="insertSelective" parameterType="com.zng.model.TScore">
    insert into t_score
    <trim prefix="(" suffix=")" suffixOverrides=",">
      <if test="id != null">
        id,
      </if>
      <if test="interpersonalFraction != null">
        interpersonal_fraction,
      </if>
      <if test="abilityFraction != null">
        ability_fraction,
      </if>
      <if test="sincerityFraction != null">
        sincerity_fraction,
      </if>
      <if test="deedFraction != null">
        deed_fraction,
      </if>
      <if test="experienceFraction != null">
        experience_fraction,
      </if>
      <if test="raterLoginId != null">
        rater_login_id,
      </if>
      <if test="state != null">
        state,
      </if>
      <if test="createTime != null">
        create_time,
      </if>
      <if test="updateTime != null">
        update_time,
      </if>
      <if test="itemId != null">
        item_id,
      </if>
      <if test="loginId != null">
        login_id,
      </if>
      <if test="type != null">
        type,
      </if>
      <if test="totalScore != null">
        total_score,
      </if>
    </trim>
    <trim prefix="values (" suffix=")" suffixOverrides=",">
      <if test="id != null">
        #{id,jdbcType=VARCHAR},
      </if>
      <if test="interpersonalFraction != null">
        #{interpersonalFraction,jdbcType=DECIMAL},
      </if>
      <if test="abilityFraction != null">
        #{abilityFraction,jdbcType=DECIMAL},
      </if>
      <if test="sincerityFraction != null">
        #{sincerityFraction,jdbcType=DECIMAL},
      </if>
      <if test="deedFraction != null">
        #{deedFraction,jdbcType=DECIMAL},
      </if>
      <if test="experienceFraction != null">
        #{experienceFraction,jdbcType=DECIMAL},
      </if>
      <if test="raterLoginId != null">
        #{raterLoginId,jdbcType=VARCHAR},
      </if>
      <if test="state != null">
        #{state,jdbcType=VARCHAR},
      </if>
      <if test="createTime != null">
        #{createTime,jdbcType=VARCHAR},
      </if>
      <if test="updateTime != null">
        #{updateTime,jdbcType=VARCHAR},
      </if>
      <if test="itemId != null">
        #{itemId,jdbcType=VARCHAR},
      </if>
      <if test="loginId != null">
        #{loginId,jdbcType=VARCHAR},
      </if>
      <if test="type != null">
        #{type,jdbcType=VARCHAR},
      </if>
      <if test="totalScore != null">
        #{totalScore,jdbcType=DECIMAL},
      </if>
    </trim>
  </insert>
  <update id="updateByPrimaryKeySelective" parameterType="com.zng.model.TScore">
    update t_score
    <set>
      <if test="interpersonalFraction != null">
        interpersonal_fraction = #{interpersonalFraction,jdbcType=DECIMAL},
      </if>
      <if test="abilityFraction != null">
        ability_fraction = #{abilityFraction,jdbcType=DECIMAL},
      </if>
      <if test="sincerityFraction != null">
        sincerity_fraction = #{sincerityFraction,jdbcType=DECIMAL},
      </if>
      <if test="deedFraction != null">
        deed_fraction = #{deedFraction,jdbcType=DECIMAL},
      </if>
      <if test="experienceFraction != null">
        experience_fraction = #{experienceFraction,jdbcType=DECIMAL},
      </if>
      <if test="raterLoginId != null">
        rater_login_id = #{raterLoginId,jdbcType=VARCHAR},
      </if>
      <if test="state != null">
        state = #{state,jdbcType=VARCHAR},
      </if>
      <if test="createTime != null">
        create_time = #{createTime,jdbcType=VARCHAR},
      </if>
      <if test="updateTime != null">
        update_time = #{updateTime,jdbcType=VARCHAR},
      </if>
      <if test="itemId != null">
        item_id = #{itemId,jdbcType=VARCHAR},
      </if>
      <if test="loginId != null">
        login_id = #{loginId,jdbcType=VARCHAR},
      </if>
      <if test="type != null">
        type = #{type,jdbcType=VARCHAR},
      </if>
      <if test="totalScore != null">
        total_score = #{totalScore,jdbcType=DECIMAL},
      </if>
    </set>
    where id = #{id,jdbcType=VARCHAR}
  </update>
  <update id="updateByPrimaryKey" parameterType="com.zng.model.TScore">
    update t_score
    set interpersonal_fraction = #{interpersonalFraction,jdbcType=DECIMAL},
      ability_fraction = #{abilityFraction,jdbcType=DECIMAL},
      sincerity_fraction = #{sincerityFraction,jdbcType=DECIMAL},
      deed_fraction = #{deedFraction,jdbcType=DECIMAL},
      experience_fraction = #{experienceFraction,jdbcType=DECIMAL},
      rater_login_id = #{raterLoginId,jdbcType=VARCHAR},
      state = #{state,jdbcType=VARCHAR},
      create_time = #{createTime,jdbcType=VARCHAR},
      update_time = #{updateTime,jdbcType=VARCHAR},
      item_id = #{itemId,jdbcType=VARCHAR},
      login_id = #{loginId,jdbcType=VARCHAR},
      type = #{type,jdbcType=VARCHAR},
      total_score = #{totalScore,jdbcType=DECIMAL}
    where id = #{id,jdbcType=VARCHAR}
  </update>
</mapper>