<?xml version="1.0" encoding="UTF-8"?>
<!DOCTYPE mapper PUBLIC "-//mybatis.org//DTD Mapper 3.0//EN" "http://mybatis.org/dtd/mybatis-3-mapper.dtd">
<mapper namespace="com.zng.mapper.TSeckillactivityMapper">
  <resultMap id="BaseResultMap" type="com.zng.model.TSeckillactivity">
    <id column="id" jdbcType="VARCHAR" property="id" />
    <result column="stock" jdbcType="INTEGER" property="stock" />
    <result column="total" jdbcType="INTEGER" property="total" />
    <result column="num" jdbcType="INTEGER" property="num" />
    <result column="start_time" jdbcType="VARCHAR" property="startTime" />
    <result column="end_time" jdbcType="VARCHAR" property="endTime" />
    <result column="state" jdbcType="VARCHAR" property="state" />
    <result column="create_time" jdbcType="VARCHAR" property="createTime" />
    <result column="update_time" jdbcType="VARCHAR" property="updateTime" />
    <result column="exchange_time" jdbcType="VARCHAR" property="exchangeTime" />
    <result column="end_exchange_time" jdbcType="VARCHAR" property="endExchangeTime" />
    <result column="commodity_id" jdbcType="VARCHAR" property="commodityId" />
    <result column="period" jdbcType="VARCHAR" property="period" />
    <result column="price" jdbcType="DECIMAL" property="price" />
    <result column="market_price" jdbcType="VARCHAR" property="marketPrice" />
    <result column="two_year_price" jdbcType="VARCHAR" property="twoYearPrice" />
    <result column="name" jdbcType="VARCHAR" property="name" />
    <result column="details" jdbcType="VARCHAR" property="details" />
    <result column="img_url" jdbcType="VARCHAR" property="imgUrl" />
    <result column="business_id" jdbcType="VARCHAR" property="businessId" />
  </resultMap>
  <sql id="Base_Column_List">
    id, stock, total, num, start_time, end_time, state, create_time, update_time, exchange_time, 
    end_exchange_time, commodity_id, period, price, market_price, two_year_price, name, 
    details, img_url, business_id
  </sql>
  <select id="selectByPrimaryKey" parameterType="java.lang.String" resultMap="BaseResultMap">
    select 
    <include refid="Base_Column_List" />
    from t_seckillactivity
    where id = #{id,jdbcType=VARCHAR}
  </select>
  <delete id="deleteByPrimaryKey" parameterType="java.lang.String">
    delete from t_seckillactivity
    where id = #{id,jdbcType=VARCHAR}
  </delete>
  <insert id="insert" parameterType="com.zng.model.TSeckillactivity">
    insert into t_seckillactivity (id, stock, total, 
      num, start_time, end_time, 
      state, create_time, update_time, 
      exchange_time, end_exchange_time, commodity_id, 
      period, price, market_price, 
      two_year_price, name, details, 
      img_url, business_id)
    values (#{id,jdbcType=VARCHAR}, #{stock,jdbcType=INTEGER}, #{total,jdbcType=INTEGER}, 
      #{num,jdbcType=INTEGER}, #{startTime,jdbcType=VARCHAR}, #{endTime,jdbcType=VARCHAR}, 
      #{state,jdbcType=VARCHAR}, #{createTime,jdbcType=VARCHAR}, #{updateTime,jdbcType=VARCHAR}, 
      #{exchangeTime,jdbcType=VARCHAR}, #{endExchangeTime,jdbcType=VARCHAR}, #{commodityId,jdbcType=VARCHAR}, 
      #{period,jdbcType=VARCHAR}, #{price,jdbcType=DECIMAL}, #{marketPrice,jdbcType=VARCHAR}, 
      #{twoYearPrice,jdbcType=VARCHAR}, #{name,jdbcType=VARCHAR}, #{details,jdbcType=VARCHAR}, 
      #{imgUrl,jdbcType=VARCHAR}, #{businessId,jdbcType=VARCHAR})
  </insert>
  <insert id="insertSelective" parameterType="com.zng.model.TSeckillactivity">
    insert into t_seckillactivity
    <trim prefix="(" suffix=")" suffixOverrides=",">
      <if test="id != null">
        id,
      </if>
      <if test="stock != null">
        stock,
      </if>
      <if test="total != null">
        total,
      </if>
      <if test="num != null">
        num,
      </if>
      <if test="startTime != null">
        start_time,
      </if>
      <if test="endTime != null">
        end_time,
      </if>
      <if test="state != null">
        state,
      </if>
      <if test="createTime != null">
        create_time,
      </if>
      <if test="updateTime != null">
        update_time,
      </if>
      <if test="exchangeTime != null">
        exchange_time,
      </if>
      <if test="endExchangeTime != null">
        end_exchange_time,
      </if>
      <if test="commodityId != null">
        commodity_id,
      </if>
      <if test="period != null">
        period,
      </if>
      <if test="price != null">
        price,
      </if>
      <if test="marketPrice != null">
        market_price,
      </if>
      <if test="twoYearPrice != null">
        two_year_price,
      </if>
      <if test="name != null">
        name,
      </if>
      <if test="details != null">
        details,
      </if>
      <if test="imgUrl != null">
        img_url,
      </if>
      <if test="businessId != null">
        business_id,
      </if>
    </trim>
    <trim prefix="values (" suffix=")" suffixOverrides=",">
      <if test="id != null">
        #{id,jdbcType=VARCHAR},
      </if>
      <if test="stock != null">
        #{stock,jdbcType=INTEGER},
      </if>
      <if test="total != null">
        #{total,jdbcType=INTEGER},
      </if>
      <if test="num != null">
        #{num,jdbcType=INTEGER},
      </if>
      <if test="startTime != null">
        #{startTime,jdbcType=VARCHAR},
      </if>
      <if test="endTime != null">
        #{endTime,jdbcType=VARCHAR},
      </if>
      <if test="state != null">
        #{state,jdbcType=VARCHAR},
      </if>
      <if test="createTime != null">
        #{createTime,jdbcType=VARCHAR},
      </if>
      <if test="updateTime != null">
        #{updateTime,jdbcType=VARCHAR},
      </if>
      <if test="exchangeTime != null">
        #{exchangeTime,jdbcType=VARCHAR},
      </if>
      <if test="endExchangeTime != null">
        #{endExchangeTime,jdbcType=VARCHAR},
      </if>
      <if test="commodityId != null">
        #{commodityId,jdbcType=VARCHAR},
      </if>
      <if test="period != null">
        #{period,jdbcType=VARCHAR},
      </if>
      <if test="price != null">
        #{price,jdbcType=DECIMAL},
      </if>
      <if test="marketPrice != null">
        #{marketPrice,jdbcType=VARCHAR},
      </if>
      <if test="twoYearPrice != null">
        #{twoYearPrice,jdbcType=VARCHAR},
      </if>
      <if test="name != null">
        #{name,jdbcType=VARCHAR},
      </if>
      <if test="details != null">
        #{details,jdbcType=VARCHAR},
      </if>
      <if test="imgUrl != null">
        #{imgUrl,jdbcType=VARCHAR},
      </if>
      <if test="businessId != null">
        #{businessId,jdbcType=VARCHAR},
      </if>
    </trim>
  </insert>
  <update id="updateByPrimaryKeySelective" parameterType="com.zng.model.TSeckillactivity">
    update t_seckillactivity
    <set>
      <if test="stock != null">
        stock = #{stock,jdbcType=INTEGER},
      </if>
      <if test="total != null">
        total = #{total,jdbcType=INTEGER},
      </if>
      <if test="num != null">
        num = #{num,jdbcType=INTEGER},
      </if>
      <if test="startTime != null">
        start_time = #{startTime,jdbcType=VARCHAR},
      </if>
      <if test="endTime != null">
        end_time = #{endTime,jdbcType=VARCHAR},
      </if>
      <if test="state != null">
        state = #{state,jdbcType=VARCHAR},
      </if>
      <if test="createTime != null">
        create_time = #{createTime,jdbcType=VARCHAR},
      </if>
      <if test="updateTime != null">
        update_time = #{updateTime,jdbcType=VARCHAR},
      </if>
      <if test="exchangeTime != null">
        exchange_time = #{exchangeTime,jdbcType=VARCHAR},
      </if>
      <if test="endExchangeTime != null">
        end_exchange_time = #{endExchangeTime,jdbcType=VARCHAR},
      </if>
      <if test="commodityId != null">
        commodity_id = #{commodityId,jdbcType=VARCHAR},
      </if>
      <if test="period != null">
        period = #{period,jdbcType=VARCHAR},
      </if>
      <if test="price != null">
        price = #{price,jdbcType=DECIMAL},
      </if>
      <if test="marketPrice != null">
        market_price = #{marketPrice,jdbcType=VARCHAR},
      </if>
      <if test="twoYearPrice != null">
        two_year_price = #{twoYearPrice,jdbcType=VARCHAR},
      </if>
      <if test="name != null">
        name = #{name,jdbcType=VARCHAR},
      </if>
      <if test="details != null">
        details = #{details,jdbcType=VARCHAR},
      </if>
      <if test="imgUrl != null">
        img_url = #{imgUrl,jdbcType=VARCHAR},
      </if>
      <if test="businessId != null">
        business_id = #{businessId,jdbcType=VARCHAR},
      </if>
    </set>
    where id = #{id,jdbcType=VARCHAR}
  </update>
  <update id="updateByPrimaryKey" parameterType="com.zng.model.TSeckillactivity">
    update t_seckillactivity
    set stock = #{stock,jdbcType=INTEGER},
      total = #{total,jdbcType=INTEGER},
      num = #{num,jdbcType=INTEGER},
      start_time = #{startTime,jdbcType=VARCHAR},
      end_time = #{endTime,jdbcType=VARCHAR},
      state = #{state,jdbcType=VARCHAR},
      create_time = #{createTime,jdbcType=VARCHAR},
      update_time = #{updateTime,jdbcType=VARCHAR},
      exchange_time = #{exchangeTime,jdbcType=VARCHAR},
      end_exchange_time = #{endExchangeTime,jdbcType=VARCHAR},
      commodity_id = #{commodityId,jdbcType=VARCHAR},
      period = #{period,jdbcType=VARCHAR},
      price = #{price,jdbcType=DECIMAL},
      market_price = #{marketPrice,jdbcType=VARCHAR},
      two_year_price = #{twoYearPrice,jdbcType=VARCHAR},
      name = #{name,jdbcType=VARCHAR},
      details = #{details,jdbcType=VARCHAR},
      img_url = #{imgUrl,jdbcType=VARCHAR},
      business_id = #{businessId,jdbcType=VARCHAR}
    where id = #{id,jdbcType=VARCHAR}
  </update>
</mapper>