<?xml version="1.0" encoding="UTF-8"?>
<!DOCTYPE mapper PUBLIC "-//mybatis.org//DTD Mapper 3.0//EN" "http://mybatis.org/dtd/mybatis-3-mapper.dtd">
<mapper namespace="com.zng.mapper.TStatisticsMapper">
  <resultMap id="BaseResultMap" type="com.zng.model.TStatistics">
    <id column="id" jdbcType="VARCHAR" property="id" />
    <result column="sum" jdbcType="VARCHAR" property="sum" />
    <result column="state" jdbcType="VARCHAR" property="state" />
    <result column="create_time" jdbcType="VARCHAR" property="createTime" />
    <result column="update_time" jdbcType="VARCHAR" property="updateTime" />
    <result column="login_id" jdbcType="VARCHAR" property="loginId" />
    <result column="total_sum" jdbcType="VARCHAR" property="totalSum" />
    <result column="total_money_login" jdbcType="VARCHAR" property="totalMoneyLogin" />
    <result column="total_money" jdbcType="VARCHAR" property="totalMoney" />
  </resultMap>
  <sql id="Base_Column_List">
    id, sum, state, create_time, update_time, login_id, total_sum, total_money_login, 
    total_money
  </sql>
  <select id="selectByPrimaryKey" parameterType="java.lang.String" resultMap="BaseResultMap">
    select 
    <include refid="Base_Column_List" />
    from t_statistics
    where id = #{id,jdbcType=VARCHAR}
  </select>
  <delete id="deleteByPrimaryKey" parameterType="java.lang.String">
    delete from t_statistics
    where id = #{id,jdbcType=VARCHAR}
  </delete>
  <insert id="insert" parameterType="com.zng.model.TStatistics">
    insert into t_statistics (id, sum, state, 
      create_time, update_time, login_id, 
      total_sum, total_money_login, total_money
      )
    values (#{id,jdbcType=VARCHAR}, #{sum,jdbcType=VARCHAR}, #{state,jdbcType=VARCHAR}, 
      #{createTime,jdbcType=VARCHAR}, #{updateTime,jdbcType=VARCHAR}, #{loginId,jdbcType=VARCHAR}, 
      #{totalSum,jdbcType=VARCHAR}, #{totalMoneyLogin,jdbcType=VARCHAR}, #{totalMoney,jdbcType=VARCHAR}
      )
  </insert>
  <insert id="insertSelective" parameterType="com.zng.model.TStatistics">
    insert into t_statistics
    <trim prefix="(" suffix=")" suffixOverrides=",">
      <if test="id != null">
        id,
      </if>
      <if test="sum != null">
        sum,
      </if>
      <if test="state != null">
        state,
      </if>
      <if test="createTime != null">
        create_time,
      </if>
      <if test="updateTime != null">
        update_time,
      </if>
      <if test="loginId != null">
        login_id,
      </if>
      <if test="totalSum != null">
        total_sum,
      </if>
      <if test="totalMoneyLogin != null">
        total_money_login,
      </if>
      <if test="totalMoney != null">
        total_money,
      </if>
    </trim>
    <trim prefix="values (" suffix=")" suffixOverrides=",">
      <if test="id != null">
        #{id,jdbcType=VARCHAR},
      </if>
      <if test="sum != null">
        #{sum,jdbcType=VARCHAR},
      </if>
      <if test="state != null">
        #{state,jdbcType=VARCHAR},
      </if>
      <if test="createTime != null">
        #{createTime,jdbcType=VARCHAR},
      </if>
      <if test="updateTime != null">
        #{updateTime,jdbcType=VARCHAR},
      </if>
      <if test="loginId != null">
        #{loginId,jdbcType=VARCHAR},
      </if>
      <if test="totalSum != null">
        #{totalSum,jdbcType=VARCHAR},
      </if>
      <if test="totalMoneyLogin != null">
        #{totalMoneyLogin,jdbcType=VARCHAR},
      </if>
      <if test="totalMoney != null">
        #{totalMoney,jdbcType=VARCHAR},
      </if>
    </trim>
  </insert>
  <update id="updateByPrimaryKeySelective" parameterType="com.zng.model.TStatistics">
    update t_statistics
    <set>
      <if test="sum != null">
        sum = #{sum,jdbcType=VARCHAR},
      </if>
      <if test="state != null">
        state = #{state,jdbcType=VARCHAR},
      </if>
      <if test="createTime != null">
        create_time = #{createTime,jdbcType=VARCHAR},
      </if>
      <if test="updateTime != null">
        update_time = #{updateTime,jdbcType=VARCHAR},
      </if>
      <if test="loginId != null">
        login_id = #{loginId,jdbcType=VARCHAR},
      </if>
      <if test="totalSum != null">
        total_sum = #{totalSum,jdbcType=VARCHAR},
      </if>
      <if test="totalMoneyLogin != null">
        total_money_login = #{totalMoneyLogin,jdbcType=VARCHAR},
      </if>
      <if test="totalMoney != null">
        total_money = #{totalMoney,jdbcType=VARCHAR},
      </if>
    </set>
    where id = #{id,jdbcType=VARCHAR}
  </update>
  <update id="updateByPrimaryKey" parameterType="com.zng.model.TStatistics">
    update t_statistics
    set sum = #{sum,jdbcType=VARCHAR},
      state = #{state,jdbcType=VARCHAR},
      create_time = #{createTime,jdbcType=VARCHAR},
      update_time = #{updateTime,jdbcType=VARCHAR},
      login_id = #{loginId,jdbcType=VARCHAR},
      total_sum = #{totalSum,jdbcType=VARCHAR},
      total_money_login = #{totalMoneyLogin,jdbcType=VARCHAR},
      total_money = #{totalMoney,jdbcType=VARCHAR}
    where id = #{id,jdbcType=VARCHAR}
  </update>
</mapper>