<?xml version="1.0" encoding="UTF-8"?>
<!DOCTYPE mapper PUBLIC "-//mybatis.org//DTD Mapper 3.0//EN" "http://mybatis.org/dtd/mybatis-3-mapper.dtd">
<mapper namespace="com.zng.mapper.TSystemdaysMapper">
  <resultMap id="BaseResultMap" type="com.zng.model.TSystemdays">
    <id column="id" jdbcType="VARCHAR" property="id" />
    <result column="zng_calculatedays" jdbcType="INTEGER" property="zngCalculatedays" />
    <result column="sys_runingdays" jdbcType="INTEGER" property="sysRuningdays" />
    <result column="state" jdbcType="VARCHAR" property="state" />
    <result column="create_time" jdbcType="VARCHAR" property="createTime" />
    <result column="update_time" jdbcType="VARCHAR" property="updateTime" />
    <result column="priod" jdbcType="INTEGER" property="priod" />
  </resultMap>
  <sql id="Base_Column_List">
    id, zng_calculatedays, sys_runingdays, state, create_time, update_time, priod
  </sql>
  <select id="selectByPrimaryKey" parameterType="java.lang.String" resultMap="BaseResultMap">
    select 
    <include refid="Base_Column_List" />
    from t_systemdays
    where id = #{id,jdbcType=VARCHAR}
  </select>
  <delete id="deleteByPrimaryKey" parameterType="java.lang.String">
    delete from t_systemdays
    where id = #{id,jdbcType=VARCHAR}
  </delete>
  <insert id="insert" parameterType="com.zng.model.TSystemdays">
    insert into t_systemdays (id, zng_calculatedays, sys_runingdays, 
      state, create_time, update_time, 
      priod)
    values (#{id,jdbcType=VARCHAR}, #{zngCalculatedays,jdbcType=INTEGER}, #{sysRuningdays,jdbcType=INTEGER}, 
      #{state,jdbcType=VARCHAR}, #{createTime,jdbcType=VARCHAR}, #{updateTime,jdbcType=VARCHAR}, 
      #{priod,jdbcType=INTEGER})
  </insert>
  <insert id="insertSelective" parameterType="com.zng.model.TSystemdays">
    insert into t_systemdays
    <trim prefix="(" suffix=")" suffixOverrides=",">
      <if test="id != null">
        id,
      </if>
      <if test="zngCalculatedays != null">
        zng_calculatedays,
      </if>
      <if test="sysRuningdays != null">
        sys_runingdays,
      </if>
      <if test="state != null">
        state,
      </if>
      <if test="createTime != null">
        create_time,
      </if>
      <if test="updateTime != null">
        update_time,
      </if>
      <if test="priod != null">
        priod,
      </if>
    </trim>
    <trim prefix="values (" suffix=")" suffixOverrides=",">
      <if test="id != null">
        #{id,jdbcType=VARCHAR},
      </if>
      <if test="zngCalculatedays != null">
        #{zngCalculatedays,jdbcType=INTEGER},
      </if>
      <if test="sysRuningdays != null">
        #{sysRuningdays,jdbcType=INTEGER},
      </if>
      <if test="state != null">
        #{state,jdbcType=VARCHAR},
      </if>
      <if test="createTime != null">
        #{createTime,jdbcType=VARCHAR},
      </if>
      <if test="updateTime != null">
        #{updateTime,jdbcType=VARCHAR},
      </if>
      <if test="priod != null">
        #{priod,jdbcType=INTEGER},
      </if>
    </trim>
  </insert>
  <update id="updateByPrimaryKeySelective" parameterType="com.zng.model.TSystemdays">
    update t_systemdays
    <set>
      <if test="zngCalculatedays != null">
        zng_calculatedays = #{zngCalculatedays,jdbcType=INTEGER},
      </if>
      <if test="sysRuningdays != null">
        sys_runingdays = #{sysRuningdays,jdbcType=INTEGER},
      </if>
      <if test="state != null">
        state = #{state,jdbcType=VARCHAR},
      </if>
      <if test="createTime != null">
        create_time = #{createTime,jdbcType=VARCHAR},
      </if>
      <if test="updateTime != null">
        update_time = #{updateTime,jdbcType=VARCHAR},
      </if>
      <if test="priod != null">
        priod = #{priod,jdbcType=INTEGER},
      </if>
    </set>
    where id = #{id,jdbcType=VARCHAR}
  </update>
  <update id="updateByPrimaryKey" parameterType="com.zng.model.TSystemdays">
    update t_systemdays
    set zng_calculatedays = #{zngCalculatedays,jdbcType=INTEGER},
      sys_runingdays = #{sysRuningdays,jdbcType=INTEGER},
      state = #{state,jdbcType=VARCHAR},
      create_time = #{createTime,jdbcType=VARCHAR},
      update_time = #{updateTime,jdbcType=VARCHAR},
      priod = #{priod,jdbcType=INTEGER}
    where id = #{id,jdbcType=VARCHAR}
  </update>
</mapper>