<?xml version="1.0" encoding="UTF-8"?>
<!DOCTYPE mapper PUBLIC "-//mybatis.org//DTD Mapper 3.0//EN" "http://mybatis.org/dtd/mybatis-3-mapper.dtd">
<mapper namespace="com.zng.mapper.TTeamoneyMapper">
  <resultMap id="BaseResultMap" type="com.zng.model.TTeamoney">
    <id column="id" jdbcType="VARCHAR" property="id" />
    <result column="phone" jdbcType="VARCHAR" property="phone" />
    <result column="money" jdbcType="DECIMAL" property="money" />
    <result column="login_id" jdbcType="VARCHAR" property="loginId" />
    <result column="one_teng_num" jdbcType="BIGINT" property="oneTengNum" />
    <result column="one_bai_num" jdbcType="BIGINT" property="oneBaiNum" />
    <result column="two_teng_num" jdbcType="BIGINT" property="twoTengNum" />
    <result column="two_bai_num" jdbcType="BIGINT" property="twoBaiNum" />
    <result column="create_time" jdbcType="VARCHAR" property="createTime" />
    <result column="update_time" jdbcType="VARCHAR" property="updateTime" />
    <result column="state" jdbcType="VARCHAR" property="state" />
  </resultMap>
  <sql id="Base_Column_List">
    id, phone, money, login_id, one_teng_num, one_bai_num, two_teng_num, two_bai_num, 
    create_time, update_time, state
  </sql>
  <select id="selectByPrimaryKey" parameterType="java.lang.String" resultMap="BaseResultMap">
    select 
    <include refid="Base_Column_List" />
    from t_teamoney
    where id = #{id,jdbcType=VARCHAR}
  </select>
  <delete id="deleteByPrimaryKey" parameterType="java.lang.String">
    delete from t_teamoney
    where id = #{id,jdbcType=VARCHAR}
  </delete>
  <insert id="insert" parameterType="com.zng.model.TTeamoney">
    insert into t_teamoney (id, phone, money, 
      login_id, one_teng_num, one_bai_num, 
      two_teng_num, two_bai_num, create_time, 
      update_time, state)
    values (#{id,jdbcType=VARCHAR}, #{phone,jdbcType=VARCHAR}, #{money,jdbcType=DECIMAL}, 
      #{loginId,jdbcType=VARCHAR}, #{oneTengNum,jdbcType=BIGINT}, #{oneBaiNum,jdbcType=BIGINT}, 
      #{twoTengNum,jdbcType=BIGINT}, #{twoBaiNum,jdbcType=BIGINT}, #{createTime,jdbcType=VARCHAR}, 
      #{updateTime,jdbcType=VARCHAR}, #{state,jdbcType=VARCHAR})
  </insert>
  <insert id="insertSelective" parameterType="com.zng.model.TTeamoney">
    insert into t_teamoney
    <trim prefix="(" suffix=")" suffixOverrides=",">
      <if test="id != null">
        id,
      </if>
      <if test="phone != null">
        phone,
      </if>
      <if test="money != null">
        money,
      </if>
      <if test="loginId != null">
        login_id,
      </if>
      <if test="oneTengNum != null">
        one_teng_num,
      </if>
      <if test="oneBaiNum != null">
        one_bai_num,
      </if>
      <if test="twoTengNum != null">
        two_teng_num,
      </if>
      <if test="twoBaiNum != null">
        two_bai_num,
      </if>
      <if test="createTime != null">
        create_time,
      </if>
      <if test="updateTime != null">
        update_time,
      </if>
      <if test="state != null">
        state,
      </if>
    </trim>
    <trim prefix="values (" suffix=")" suffixOverrides=",">
      <if test="id != null">
        #{id,jdbcType=VARCHAR},
      </if>
      <if test="phone != null">
        #{phone,jdbcType=VARCHAR},
      </if>
      <if test="money != null">
        #{money,jdbcType=DECIMAL},
      </if>
      <if test="loginId != null">
        #{loginId,jdbcType=VARCHAR},
      </if>
      <if test="oneTengNum != null">
        #{oneTengNum,jdbcType=BIGINT},
      </if>
      <if test="oneBaiNum != null">
        #{oneBaiNum,jdbcType=BIGINT},
      </if>
      <if test="twoTengNum != null">
        #{twoTengNum,jdbcType=BIGINT},
      </if>
      <if test="twoBaiNum != null">
        #{twoBaiNum,jdbcType=BIGINT},
      </if>
      <if test="createTime != null">
        #{createTime,jdbcType=VARCHAR},
      </if>
      <if test="updateTime != null">
        #{updateTime,jdbcType=VARCHAR},
      </if>
      <if test="state != null">
        #{state,jdbcType=VARCHAR},
      </if>
    </trim>
  </insert>
  <update id="updateByPrimaryKeySelective" parameterType="com.zng.model.TTeamoney">
    update t_teamoney
    <set>
      <if test="phone != null">
        phone = #{phone,jdbcType=VARCHAR},
      </if>
      <if test="money != null">
        money = #{money,jdbcType=DECIMAL},
      </if>
      <if test="loginId != null">
        login_id = #{loginId,jdbcType=VARCHAR},
      </if>
      <if test="oneTengNum != null">
        one_teng_num = #{oneTengNum,jdbcType=BIGINT},
      </if>
      <if test="oneBaiNum != null">
        one_bai_num = #{oneBaiNum,jdbcType=BIGINT},
      </if>
      <if test="twoTengNum != null">
        two_teng_num = #{twoTengNum,jdbcType=BIGINT},
      </if>
      <if test="twoBaiNum != null">
        two_bai_num = #{twoBaiNum,jdbcType=BIGINT},
      </if>
      <if test="createTime != null">
        create_time = #{createTime,jdbcType=VARCHAR},
      </if>
      <if test="updateTime != null">
        update_time = #{updateTime,jdbcType=VARCHAR},
      </if>
      <if test="state != null">
        state = #{state,jdbcType=VARCHAR},
      </if>
    </set>
    where id = #{id,jdbcType=VARCHAR}
  </update>
  <update id="updateByPrimaryKey" parameterType="com.zng.model.TTeamoney">
    update t_teamoney
    set phone = #{phone,jdbcType=VARCHAR},
      money = #{money,jdbcType=DECIMAL},
      login_id = #{loginId,jdbcType=VARCHAR},
      one_teng_num = #{oneTengNum,jdbcType=BIGINT},
      one_bai_num = #{oneBaiNum,jdbcType=BIGINT},
      two_teng_num = #{twoTengNum,jdbcType=BIGINT},
      two_bai_num = #{twoBaiNum,jdbcType=BIGINT},
      create_time = #{createTime,jdbcType=VARCHAR},
      update_time = #{updateTime,jdbcType=VARCHAR},
      state = #{state,jdbcType=VARCHAR}
    where id = #{id,jdbcType=VARCHAR}
  </update>
</mapper>