<?xml version="1.0" encoding="UTF-8"?>
<!DOCTYPE mapper PUBLIC "-//mybatis.org//DTD Mapper 3.0//EN" "http://mybatis.org/dtd/mybatis-3-mapper.dtd">
<mapper namespace="com.zng.mapper.TTeamMapper">
  <resultMap id="BaseResultMap" type="com.zng.model.TTeam">
    <id column="id" jdbcType="VARCHAR" property="id" />
    <result column="begin_time" jdbcType="VARCHAR" property="beginTime" />
    <result column="create_time" jdbcType="VARCHAR" property="createTime" />
    <result column="end_time" jdbcType="VARCHAR" property="endTime" />
    <result column="login_id" jdbcType="VARCHAR" property="loginId" />
    <result column="rate" jdbcType="DECIMAL" property="rate" />
    <result column="state" jdbcType="VARCHAR" property="state" />
    <result column="team_num" jdbcType="INTEGER" property="teamNum" />
    <result column="team_type" jdbcType="VARCHAR" property="teamType" />
    <result column="update_time" jdbcType="VARCHAR" property="updateTime" />
    <result column="number" jdbcType="INTEGER" property="number" />
    <result column="commodity_id" jdbcType="VARCHAR" property="commodityId" />
    <result column="type" jdbcType="VARCHAR" property="type" />
  </resultMap>
  <sql id="Base_Column_List">
    id, begin_time, create_time, end_time, login_id, rate, state, team_num, team_type, 
    update_time, number, commodity_id, type
  </sql>
  <select id="selectByPrimaryKey" parameterType="java.lang.String" resultMap="BaseResultMap">
    select 
    <include refid="Base_Column_List" />
    from t_team
    where id = #{id,jdbcType=VARCHAR}
  </select>
  <delete id="deleteByPrimaryKey" parameterType="java.lang.String">
    delete from t_team
    where id = #{id,jdbcType=VARCHAR}
  </delete>
  <insert id="insert" parameterType="com.zng.model.TTeam">
    insert into t_team (id, begin_time, create_time, 
      end_time, login_id, rate, 
      state, team_num, team_type, 
      update_time, number, commodity_id, 
      type)
    values (#{id,jdbcType=VARCHAR}, #{beginTime,jdbcType=VARCHAR}, #{createTime,jdbcType=VARCHAR}, 
      #{endTime,jdbcType=VARCHAR}, #{loginId,jdbcType=VARCHAR}, #{rate,jdbcType=DECIMAL}, 
      #{state,jdbcType=VARCHAR}, #{teamNum,jdbcType=INTEGER}, #{teamType,jdbcType=VARCHAR}, 
      #{updateTime,jdbcType=VARCHAR}, #{number,jdbcType=INTEGER}, #{commodityId,jdbcType=VARCHAR}, 
      #{type,jdbcType=VARCHAR})
  </insert>
  <insert id="insertSelective" parameterType="com.zng.model.TTeam">
    insert into t_team
    <trim prefix="(" suffix=")" suffixOverrides=",">
      <if test="id != null">
        id,
      </if>
      <if test="beginTime != null">
        begin_time,
      </if>
      <if test="createTime != null">
        create_time,
      </if>
      <if test="endTime != null">
        end_time,
      </if>
      <if test="loginId != null">
        login_id,
      </if>
      <if test="rate != null">
        rate,
      </if>
      <if test="state != null">
        state,
      </if>
      <if test="teamNum != null">
        team_num,
      </if>
      <if test="teamType != null">
        team_type,
      </if>
      <if test="updateTime != null">
        update_time,
      </if>
      <if test="number != null">
        number,
      </if>
      <if test="commodityId != null">
        commodity_id,
      </if>
      <if test="type != null">
        type,
      </if>
    </trim>
    <trim prefix="values (" suffix=")" suffixOverrides=",">
      <if test="id != null">
        #{id,jdbcType=VARCHAR},
      </if>
      <if test="beginTime != null">
        #{beginTime,jdbcType=VARCHAR},
      </if>
      <if test="createTime != null">
        #{createTime,jdbcType=VARCHAR},
      </if>
      <if test="endTime != null">
        #{endTime,jdbcType=VARCHAR},
      </if>
      <if test="loginId != null">
        #{loginId,jdbcType=VARCHAR},
      </if>
      <if test="rate != null">
        #{rate,jdbcType=DECIMAL},
      </if>
      <if test="state != null">
        #{state,jdbcType=VARCHAR},
      </if>
      <if test="teamNum != null">
        #{teamNum,jdbcType=INTEGER},
      </if>
      <if test="teamType != null">
        #{teamType,jdbcType=VARCHAR},
      </if>
      <if test="updateTime != null">
        #{updateTime,jdbcType=VARCHAR},
      </if>
      <if test="number != null">
        #{number,jdbcType=INTEGER},
      </if>
      <if test="commodityId != null">
        #{commodityId,jdbcType=VARCHAR},
      </if>
      <if test="type != null">
        #{type,jdbcType=VARCHAR},
      </if>
    </trim>
  </insert>
  <update id="updateByPrimaryKeySelective" parameterType="com.zng.model.TTeam">
    update t_team
    <set>
      <if test="beginTime != null">
        begin_time = #{beginTime,jdbcType=VARCHAR},
      </if>
      <if test="createTime != null">
        create_time = #{createTime,jdbcType=VARCHAR},
      </if>
      <if test="endTime != null">
        end_time = #{endTime,jdbcType=VARCHAR},
      </if>
      <if test="loginId != null">
        login_id = #{loginId,jdbcType=VARCHAR},
      </if>
      <if test="rate != null">
        rate = #{rate,jdbcType=DECIMAL},
      </if>
      <if test="state != null">
        state = #{state,jdbcType=VARCHAR},
      </if>
      <if test="teamNum != null">
        team_num = #{teamNum,jdbcType=INTEGER},
      </if>
      <if test="teamType != null">
        team_type = #{teamType,jdbcType=VARCHAR},
      </if>
      <if test="updateTime != null">
        update_time = #{updateTime,jdbcType=VARCHAR},
      </if>
      <if test="number != null">
        number = #{number,jdbcType=INTEGER},
      </if>
      <if test="commodityId != null">
        commodity_id = #{commodityId,jdbcType=VARCHAR},
      </if>
      <if test="type != null">
        type = #{type,jdbcType=VARCHAR},
      </if>
    </set>
    where id = #{id,jdbcType=VARCHAR}
  </update>
  <update id="updateByPrimaryKey" parameterType="com.zng.model.TTeam">
    update t_team
    set begin_time = #{beginTime,jdbcType=VARCHAR},
      create_time = #{createTime,jdbcType=VARCHAR},
      end_time = #{endTime,jdbcType=VARCHAR},
      login_id = #{loginId,jdbcType=VARCHAR},
      rate = #{rate,jdbcType=DECIMAL},
      state = #{state,jdbcType=VARCHAR},
      team_num = #{teamNum,jdbcType=INTEGER},
      team_type = #{teamType,jdbcType=VARCHAR},
      update_time = #{updateTime,jdbcType=VARCHAR},
      number = #{number,jdbcType=INTEGER},
      commodity_id = #{commodityId,jdbcType=VARCHAR},
      type = #{type,jdbcType=VARCHAR}
    where id = #{id,jdbcType=VARCHAR}
  </update>
</mapper>