<?xml version="1.0" encoding="UTF-8"?>
<!DOCTYPE mapper PUBLIC "-//mybatis.org//DTD Mapper 3.0//EN" "http://mybatis.org/dtd/mybatis-3-mapper.dtd">
<mapper namespace="com.zng.mapper.TTeaminformationMapper">
  <resultMap id="BaseResultMap" type="com.zng.model.TTeaminformation">
    <id column="id" jdbcType="VARCHAR" property="id" />
    <result column="team_id" jdbcType="VARCHAR" property="teamId" />
    <result column="role" jdbcType="VARCHAR" property="role" />
    <result column="together_id" jdbcType="VARCHAR" property="togetherId" />
    <result column="state" jdbcType="VARCHAR" property="state" />
    <result column="create_time" jdbcType="VARCHAR" property="createTime" />
    <result column="update_time" jdbcType="VARCHAR" property="updateTime" />
    <result column="promoter" jdbcType="VARCHAR" property="promoter" />
  </resultMap>
  <sql id="Base_Column_List">
    id, team_id, role, together_id, state, create_time, update_time, promoter
  </sql>
  <select id="selectByPrimaryKey" parameterType="java.lang.String" resultMap="BaseResultMap">
    select 
    <include refid="Base_Column_List" />
    from t_teaminformation
    where id = #{id,jdbcType=VARCHAR}
  </select>
  <delete id="deleteByPrimaryKey" parameterType="java.lang.String">
    delete from t_teaminformation
    where id = #{id,jdbcType=VARCHAR}
  </delete>
  <insert id="insert" parameterType="com.zng.model.TTeaminformation">
    insert into t_teaminformation (id, team_id, role, 
      together_id, state, create_time, 
      update_time, promoter)
    values (#{id,jdbcType=VARCHAR}, #{teamId,jdbcType=VARCHAR}, #{role,jdbcType=VARCHAR}, 
      #{togetherId,jdbcType=VARCHAR}, #{state,jdbcType=VARCHAR}, #{createTime,jdbcType=VARCHAR}, 
      #{updateTime,jdbcType=VARCHAR}, #{promoter,jdbcType=VARCHAR})
  </insert>
  <insert id="insertSelective" parameterType="com.zng.model.TTeaminformation">
    insert into t_teaminformation
    <trim prefix="(" suffix=")" suffixOverrides=",">
      <if test="id != null">
        id,
      </if>
      <if test="teamId != null">
        team_id,
      </if>
      <if test="role != null">
        role,
      </if>
      <if test="togetherId != null">
        together_id,
      </if>
      <if test="state != null">
        state,
      </if>
      <if test="createTime != null">
        create_time,
      </if>
      <if test="updateTime != null">
        update_time,
      </if>
      <if test="promoter != null">
        promoter,
      </if>
    </trim>
    <trim prefix="values (" suffix=")" suffixOverrides=",">
      <if test="id != null">
        #{id,jdbcType=VARCHAR},
      </if>
      <if test="teamId != null">
        #{teamId,jdbcType=VARCHAR},
      </if>
      <if test="role != null">
        #{role,jdbcType=VARCHAR},
      </if>
      <if test="togetherId != null">
        #{togetherId,jdbcType=VARCHAR},
      </if>
      <if test="state != null">
        #{state,jdbcType=VARCHAR},
      </if>
      <if test="createTime != null">
        #{createTime,jdbcType=VARCHAR},
      </if>
      <if test="updateTime != null">
        #{updateTime,jdbcType=VARCHAR},
      </if>
      <if test="promoter != null">
        #{promoter,jdbcType=VARCHAR},
      </if>
    </trim>
  </insert>
  <update id="updateByPrimaryKeySelective" parameterType="com.zng.model.TTeaminformation">
    update t_teaminformation
    <set>
      <if test="teamId != null">
        team_id = #{teamId,jdbcType=VARCHAR},
      </if>
      <if test="role != null">
        role = #{role,jdbcType=VARCHAR},
      </if>
      <if test="togetherId != null">
        together_id = #{togetherId,jdbcType=VARCHAR},
      </if>
      <if test="state != null">
        state = #{state,jdbcType=VARCHAR},
      </if>
      <if test="createTime != null">
        create_time = #{createTime,jdbcType=VARCHAR},
      </if>
      <if test="updateTime != null">
        update_time = #{updateTime,jdbcType=VARCHAR},
      </if>
      <if test="promoter != null">
        promoter = #{promoter,jdbcType=VARCHAR},
      </if>
    </set>
    where id = #{id,jdbcType=VARCHAR}
  </update>
  <update id="updateByPrimaryKey" parameterType="com.zng.model.TTeaminformation">
    update t_teaminformation
    set team_id = #{teamId,jdbcType=VARCHAR},
      role = #{role,jdbcType=VARCHAR},
      together_id = #{togetherId,jdbcType=VARCHAR},
      state = #{state,jdbcType=VARCHAR},
      create_time = #{createTime,jdbcType=VARCHAR},
      update_time = #{updateTime,jdbcType=VARCHAR},
      promoter = #{promoter,jdbcType=VARCHAR}
    where id = #{id,jdbcType=VARCHAR}
  </update>
</mapper>