<?xml version="1.0" encoding="UTF-8"?>
<!DOCTYPE mapper PUBLIC "-//mybatis.org//DTD Mapper 3.0//EN" "http://mybatis.org/dtd/mybatis-3-mapper.dtd">
<mapper namespace="com.zng.mapper.TTeamitemMapper">
  <resultMap id="BaseResultMap" type="com.zng.model.TTeamitem">
    <id column="id" jdbcType="VARCHAR" property="id" />
    <result column="buy_num" jdbcType="VARCHAR" property="buyNum" />
    <result column="comm_name" jdbcType="VARCHAR" property="commName" />
    <result column="comm_id" jdbcType="VARCHAR" property="commId" />
    <result column="login_id" jdbcType="VARCHAR" property="loginId" />
    <result column="team_id" jdbcType="VARCHAR" property="teamId" />
    <result column="total_fee" jdbcType="DECIMAL" property="totalFee" />
    <result column="state" jdbcType="VARCHAR" property="state" />
    <result column="create_time" jdbcType="VARCHAR" property="createTime" />
    <result column="update_time" jdbcType="VARCHAR" property="updateTime" />
    <result column="roles" jdbcType="VARCHAR" property="roles" />
  </resultMap>
  <sql id="Base_Column_List">
    id, buy_num, comm_name, comm_id, login_id, team_id, total_fee, state, create_time, 
    update_time, roles
  </sql>
  <select id="selectByPrimaryKey" parameterType="java.lang.String" resultMap="BaseResultMap">
    select 
    <include refid="Base_Column_List" />
    from t_teamitem
    where id = #{id,jdbcType=VARCHAR}
  </select>
  <delete id="deleteByPrimaryKey" parameterType="java.lang.String">
    delete from t_teamitem
    where id = #{id,jdbcType=VARCHAR}
  </delete>
  <insert id="insert" parameterType="com.zng.model.TTeamitem">
    insert into t_teamitem (id, buy_num, comm_name, 
      comm_id, login_id, team_id, 
      total_fee, state, create_time, 
      update_time, roles)
    values (#{id,jdbcType=VARCHAR}, #{buyNum,jdbcType=VARCHAR}, #{commName,jdbcType=VARCHAR}, 
      #{commId,jdbcType=VARCHAR}, #{loginId,jdbcType=VARCHAR}, #{teamId,jdbcType=VARCHAR}, 
      #{totalFee,jdbcType=DECIMAL}, #{state,jdbcType=VARCHAR}, #{createTime,jdbcType=VARCHAR}, 
      #{updateTime,jdbcType=VARCHAR}, #{roles,jdbcType=VARCHAR})
  </insert>
  <insert id="insertSelective" parameterType="com.zng.model.TTeamitem">
    insert into t_teamitem
    <trim prefix="(" suffix=")" suffixOverrides=",">
      <if test="id != null">
        id,
      </if>
      <if test="buyNum != null">
        buy_num,
      </if>
      <if test="commName != null">
        comm_name,
      </if>
      <if test="commId != null">
        comm_id,
      </if>
      <if test="loginId != null">
        login_id,
      </if>
      <if test="teamId != null">
        team_id,
      </if>
      <if test="totalFee != null">
        total_fee,
      </if>
      <if test="state != null">
        state,
      </if>
      <if test="createTime != null">
        create_time,
      </if>
      <if test="updateTime != null">
        update_time,
      </if>
      <if test="roles != null">
        roles,
      </if>
    </trim>
    <trim prefix="values (" suffix=")" suffixOverrides=",">
      <if test="id != null">
        #{id,jdbcType=VARCHAR},
      </if>
      <if test="buyNum != null">
        #{buyNum,jdbcType=VARCHAR},
      </if>
      <if test="commName != null">
        #{commName,jdbcType=VARCHAR},
      </if>
      <if test="commId != null">
        #{commId,jdbcType=VARCHAR},
      </if>
      <if test="loginId != null">
        #{loginId,jdbcType=VARCHAR},
      </if>
      <if test="teamId != null">
        #{teamId,jdbcType=VARCHAR},
      </if>
      <if test="totalFee != null">
        #{totalFee,jdbcType=DECIMAL},
      </if>
      <if test="state != null">
        #{state,jdbcType=VARCHAR},
      </if>
      <if test="createTime != null">
        #{createTime,jdbcType=VARCHAR},
      </if>
      <if test="updateTime != null">
        #{updateTime,jdbcType=VARCHAR},
      </if>
      <if test="roles != null">
        #{roles,jdbcType=VARCHAR},
      </if>
    </trim>
  </insert>
  <update id="updateByPrimaryKeySelective" parameterType="com.zng.model.TTeamitem">
    update t_teamitem
    <set>
      <if test="buyNum != null">
        buy_num = #{buyNum,jdbcType=VARCHAR},
      </if>
      <if test="commName != null">
        comm_name = #{commName,jdbcType=VARCHAR},
      </if>
      <if test="commId != null">
        comm_id = #{commId,jdbcType=VARCHAR},
      </if>
      <if test="loginId != null">
        login_id = #{loginId,jdbcType=VARCHAR},
      </if>
      <if test="teamId != null">
        team_id = #{teamId,jdbcType=VARCHAR},
      </if>
      <if test="totalFee != null">
        total_fee = #{totalFee,jdbcType=DECIMAL},
      </if>
      <if test="state != null">
        state = #{state,jdbcType=VARCHAR},
      </if>
      <if test="createTime != null">
        create_time = #{createTime,jdbcType=VARCHAR},
      </if>
      <if test="updateTime != null">
        update_time = #{updateTime,jdbcType=VARCHAR},
      </if>
      <if test="roles != null">
        roles = #{roles,jdbcType=VARCHAR},
      </if>
    </set>
    where id = #{id,jdbcType=VARCHAR}
  </update>
  <update id="updateByPrimaryKey" parameterType="com.zng.model.TTeamitem">
    update t_teamitem
    set buy_num = #{buyNum,jdbcType=VARCHAR},
      comm_name = #{commName,jdbcType=VARCHAR},
      comm_id = #{commId,jdbcType=VARCHAR},
      login_id = #{loginId,jdbcType=VARCHAR},
      team_id = #{teamId,jdbcType=VARCHAR},
      total_fee = #{totalFee,jdbcType=DECIMAL},
      state = #{state,jdbcType=VARCHAR},
      create_time = #{createTime,jdbcType=VARCHAR},
      update_time = #{updateTime,jdbcType=VARCHAR},
      roles = #{roles,jdbcType=VARCHAR}
    where id = #{id,jdbcType=VARCHAR}
  </update>
</mapper>