<?xml version="1.0" encoding="UTF-8"?>
<!DOCTYPE mapper PUBLIC "-//mybatis.org//DTD Mapper 3.0//EN" "http://mybatis.org/dtd/mybatis-3-mapper.dtd">
<mapper namespace="com.zng.mapper.TTogethermedicalcommodityMapper">
  <resultMap id="BaseResultMap" type="com.zng.model.TTogethermedicalcommodity">
    <id column="id" jdbcType="VARCHAR" property="id" />
    <result column="state" jdbcType="VARCHAR" property="state" />
    <result column="create_time" jdbcType="VARCHAR" property="createTime" />
    <result column="update_time" jdbcType="VARCHAR" property="updateTime" />
    <result column="num" jdbcType="VARCHAR" property="num" />
    <result column="commodity_id" jdbcType="VARCHAR" property="commodityId" />
    <result column="business_id" jdbcType="VARCHAR" property="businessId" />
    <result column="sort" jdbcType="INTEGER" property="sort" />
    <result column="packing" jdbcType="VARCHAR" property="packing" />
  </resultMap>
  <sql id="Base_Column_List">
    id, state, create_time, update_time, num, commodity_id, business_id, sort, packing
  </sql>
  <select id="selectByPrimaryKey" parameterType="java.lang.String" resultMap="BaseResultMap">
    select 
    <include refid="Base_Column_List" />
    from t_togethermedicalcommodity
    where id = #{id,jdbcType=VARCHAR}
  </select>
  <delete id="deleteByPrimaryKey" parameterType="java.lang.String">
    delete from t_togethermedicalcommodity
    where id = #{id,jdbcType=VARCHAR}
  </delete>
  <insert id="insert" parameterType="com.zng.model.TTogethermedicalcommodity">
    insert into t_togethermedicalcommodity (id, state, create_time, 
      update_time, num, commodity_id, 
      business_id, sort, packing
      )
    values (#{id,jdbcType=VARCHAR}, #{state,jdbcType=VARCHAR}, #{createTime,jdbcType=VARCHAR}, 
      #{updateTime,jdbcType=VARCHAR}, #{num,jdbcType=VARCHAR}, #{commodityId,jdbcType=VARCHAR}, 
      #{businessId,jdbcType=VARCHAR}, #{sort,jdbcType=INTEGER}, #{packing,jdbcType=VARCHAR}
      )
  </insert>
  <insert id="insertSelective" parameterType="com.zng.model.TTogethermedicalcommodity">
    insert into t_togethermedicalcommodity
    <trim prefix="(" suffix=")" suffixOverrides=",">
      <if test="id != null">
        id,
      </if>
      <if test="state != null">
        state,
      </if>
      <if test="createTime != null">
        create_time,
      </if>
      <if test="updateTime != null">
        update_time,
      </if>
      <if test="num != null">
        num,
      </if>
      <if test="commodityId != null">
        commodity_id,
      </if>
      <if test="businessId != null">
        business_id,
      </if>
      <if test="sort != null">
        sort,
      </if>
      <if test="packing != null">
        packing,
      </if>
    </trim>
    <trim prefix="values (" suffix=")" suffixOverrides=",">
      <if test="id != null">
        #{id,jdbcType=VARCHAR},
      </if>
      <if test="state != null">
        #{state,jdbcType=VARCHAR},
      </if>
      <if test="createTime != null">
        #{createTime,jdbcType=VARCHAR},
      </if>
      <if test="updateTime != null">
        #{updateTime,jdbcType=VARCHAR},
      </if>
      <if test="num != null">
        #{num,jdbcType=VARCHAR},
      </if>
      <if test="commodityId != null">
        #{commodityId,jdbcType=VARCHAR},
      </if>
      <if test="businessId != null">
        #{businessId,jdbcType=VARCHAR},
      </if>
      <if test="sort != null">
        #{sort,jdbcType=INTEGER},
      </if>
      <if test="packing != null">
        #{packing,jdbcType=VARCHAR},
      </if>
    </trim>
  </insert>
  <update id="updateByPrimaryKeySelective" parameterType="com.zng.model.TTogethermedicalcommodity">
    update t_togethermedicalcommodity
    <set>
      <if test="state != null">
        state = #{state,jdbcType=VARCHAR},
      </if>
      <if test="createTime != null">
        create_time = #{createTime,jdbcType=VARCHAR},
      </if>
      <if test="updateTime != null">
        update_time = #{updateTime,jdbcType=VARCHAR},
      </if>
      <if test="num != null">
        num = #{num,jdbcType=VARCHAR},
      </if>
      <if test="commodityId != null">
        commodity_id = #{commodityId,jdbcType=VARCHAR},
      </if>
      <if test="businessId != null">
        business_id = #{businessId,jdbcType=VARCHAR},
      </if>
      <if test="sort != null">
        sort = #{sort,jdbcType=INTEGER},
      </if>
      <if test="packing != null">
        packing = #{packing,jdbcType=VARCHAR},
      </if>
    </set>
    where id = #{id,jdbcType=VARCHAR}
  </update>
  <update id="updateByPrimaryKey" parameterType="com.zng.model.TTogethermedicalcommodity">
    update t_togethermedicalcommodity
    set state = #{state,jdbcType=VARCHAR},
      create_time = #{createTime,jdbcType=VARCHAR},
      update_time = #{updateTime,jdbcType=VARCHAR},
      num = #{num,jdbcType=VARCHAR},
      commodity_id = #{commodityId,jdbcType=VARCHAR},
      business_id = #{businessId,jdbcType=VARCHAR},
      sort = #{sort,jdbcType=INTEGER},
      packing = #{packing,jdbcType=VARCHAR}
    where id = #{id,jdbcType=VARCHAR}
  </update>
</mapper>