<?xml version="1.0" encoding="UTF-8"?>
<!DOCTYPE mapper PUBLIC "-//mybatis.org//DTD Mapper 3.0//EN" "http://mybatis.org/dtd/mybatis-3-mapper.dtd">
<mapper namespace="com.zng.mapper.TTogetherMapper">
  <resultMap id="BaseResultMap" type="com.zng.model.TTogether">
    <id column="id" jdbcType="VARCHAR" property="id" />
    <result column="token" jdbcType="DECIMAL" property="token" />
    <result column="token_record" jdbcType="DECIMAL" property="tokenRecord" />
    <result column="zng_record" jdbcType="DECIMAL" property="zngRecord" />
    <result column="regiment_grade" jdbcType="INTEGER" property="regimentGrade" />
    <result column="regiment_total_num" jdbcType="INTEGER" property="regimentTotalNum" />
    <result column="regiment_subordinate_num" jdbcType="INTEGER" property="regimentSubordinateNum" />
    <result column="total_performance" jdbcType="DECIMAL" property="totalPerformance" />
    <result column="three_performance" jdbcType="DECIMAL" property="threePerformance" />
    <result column="state" jdbcType="VARCHAR" property="state" />
    <result column="create_time" jdbcType="VARCHAR" property="createTime" />
    <result column="update_time" jdbcType="VARCHAR" property="updateTime" />
    <result column="login_id" jdbcType="VARCHAR" property="loginId" />
    <result column="area" jdbcType="VARCHAR" property="area" />
    <result column="name" jdbcType="VARCHAR" property="name" />
    <result column="id_card" jdbcType="VARCHAR" property="idCard" />
    <result column="up_url" jdbcType="VARCHAR" property="upUrl" />
    <result column="region_id" jdbcType="VARCHAR" property="regionId" />
    <result column="down_url" jdbcType="VARCHAR" property="downUrl" />
    <result column="phone" jdbcType="VARCHAR" property="phone" />
    <result column="wait_token" jdbcType="DECIMAL" property="waitToken" />
    <result column="wait_zng" jdbcType="DECIMAL" property="waitZng" />
    <result column="power" jdbcType="VARCHAR" property="power" />
    <result column="medal_login" jdbcType="VARCHAR" property="medalLogin" />
    <result column="score_medal" jdbcType="VARCHAR" property="scoreMedal" />
    <result column="people_medal" jdbcType="VARCHAR" property="peopleMedal" />
    <result column="money_medal" jdbcType="VARCHAR" property="moneyMedal" />
    <result column="authentication_time" jdbcType="VARCHAR" property="authenticationTime" />
    <result column="first_matching" jdbcType="VARCHAR" property="firstMatching" />
    <result column="second_matching" jdbcType="VARCHAR" property="secondMatching" />
    <result column="location" jdbcType="VARCHAR" property="location" />
    <result column="resources" jdbcType="VARCHAR" property="resources" />
    <result column="good_at" jdbcType="VARCHAR" property="goodAt" />
    <result column="mind" jdbcType="VARCHAR" property="mind" />
    <result column="experience" jdbcType="VARCHAR" property="experience" />
    <result column="role" jdbcType="VARCHAR" property="role" />
    <result column="work_area" jdbcType="VARCHAR" property="workArea" />
    <result column="together_id" jdbcType="VARCHAR" property="togetherId" />
    <result column="whether" jdbcType="INTEGER" property="whether" />
    <result column="together_time" jdbcType="VARCHAR" property="togetherTime" />
    <result column="address" jdbcType="VARCHAR" property="address" />
    <result column="birthday" jdbcType="VARCHAR" property="birthday" />
    <result column="sex" jdbcType="VARCHAR" property="sex" />
    <result column="nation" jdbcType="VARCHAR" property="nation" />
    <result column="expiration" jdbcType="VARCHAR" property="expiration" />
    <result column="highest_regiment_grade" jdbcType="INTEGER" property="highestRegimentGrade" />
    <result column="grade_permission" jdbcType="VARCHAR" property="gradePermission" />
    <result column="pinyin" jdbcType="VARCHAR" property="pinyin" />
    <result column="together_buy_state" jdbcType="VARCHAR" property="togetherBuyState" />
    <result column="upgrade_time" jdbcType="VARCHAR" property="upgradeTime" />
    <result column="viscount_state" jdbcType="VARCHAR" property="viscountState" />
    <result column="excellence_state" jdbcType="VARCHAR" property="excellenceState" />
    <result column="downgrade_time" jdbcType="VARCHAR" property="downgradeTime" />
    <result column="pay_state" jdbcType="VARCHAR" property="payState" />
    <result column="lock_token" jdbcType="DECIMAL" property="lockToken" />
    <result column="average_price" jdbcType="VARCHAR" property="averagePrice" />
    <result column="big_hero_state" jdbcType="VARCHAR" property="bigHeroState" />
    <result column="line_highest_grade" jdbcType="INTEGER" property="lineHighestGrade" />
    <result column="previous_token" jdbcType="DECIMAL" property="previousToken" />
    <result column="month_buy_lock" jdbcType="DECIMAL" property="monthBuyLock" />
    <result column="month_buy_time" jdbcType="VARCHAR" property="monthBuyTime" />
    <result column="month_buy_num" jdbcType="INTEGER" property="monthBuyNum" />
    <result column="month_buy_money" jdbcType="DECIMAL" property="monthBuyMoney" />
    <result column="unlock_excitation_num" jdbcType="DECIMAL" property="unlockExcitationNum" />
    <result column="last_upgrade_time" jdbcType="VARCHAR" property="lastUpgradeTime" />
    <result column="is_together_welfare" jdbcType="VARCHAR" property="isTogetherWelfare" />
    <result column="is_nan_welfare" jdbcType="VARCHAR" property="isNanWelfare" />
    <result column="customization_buy_money" jdbcType="DECIMAL" property="customizationBuyMoney" />
    <result column="optimization_buy_money" jdbcType="DECIMAL" property="optimizationBuyMoney" />
    <result column="customization_number" jdbcType="INTEGER" property="customizationNumber" />
    <result column="is_active" jdbcType="VARCHAR" property="isActive" />
    <result column="new_performance" jdbcType="DECIMAL" property="newPerformance" />
    <result column="mrf_lock_num" jdbcType="DECIMAL" property="mrfLockNum" />
    <result column="is_community" jdbcType="VARCHAR" property="isCommunity" />
    <result column="nzz_customization_money" jdbcType="DECIMAL" property="nzzCustomizationMoney" />
    <result column="nzz_optimization_money" jdbcType="DECIMAL" property="nzzOptimizationMoney" />
    <result column="nzz_customization_number" jdbcType="INTEGER" property="nzzCustomizationNumber" />
  </resultMap>
  <sql id="Base_Column_List">
    id, token, token_record, zng_record, regiment_grade, regiment_total_num, regiment_subordinate_num, 
    total_performance, three_performance, state, create_time, update_time, login_id, 
    area, name, id_card, up_url, region_id, down_url, phone, wait_token, wait_zng, power, 
    medal_login, score_medal, people_medal, money_medal, authentication_time, first_matching, 
    second_matching, location, resources, good_at, mind, experience, role, work_area, 
    together_id, whether, together_time, address, birthday, sex, nation, expiration, 
    highest_regiment_grade, grade_permission, pinyin, together_buy_state, upgrade_time, 
    viscount_state, excellence_state, downgrade_time, pay_state, lock_token, average_price, 
    big_hero_state, line_highest_grade, previous_token, month_buy_lock, month_buy_time, 
    month_buy_num, month_buy_money, unlock_excitation_num, last_upgrade_time, is_together_welfare, 
    is_nan_welfare, customization_buy_money, optimization_buy_money, customization_number, 
    is_active, new_performance, mrf_lock_num, is_community, nzz_customization_money, 
    nzz_optimization_money, nzz_customization_number
  </sql>
  <select id="selectByPrimaryKey" parameterType="java.lang.String" resultMap="BaseResultMap">
    select 
    <include refid="Base_Column_List" />
    from t_together
    where id = #{id,jdbcType=VARCHAR}
  </select>
  <delete id="deleteByPrimaryKey" parameterType="java.lang.String">
    delete from t_together
    where id = #{id,jdbcType=VARCHAR}
  </delete>
  <insert id="insert" parameterType="com.zng.model.TTogether">
    insert into t_together (id, token, token_record, 
      zng_record, regiment_grade, regiment_total_num, 
      regiment_subordinate_num, total_performance, 
      three_performance, state, create_time, 
      update_time, login_id, area, 
      name, id_card, up_url, 
      region_id, down_url, phone, 
      wait_token, wait_zng, power, 
      medal_login, score_medal, people_medal, 
      money_medal, authentication_time, first_matching, 
      second_matching, location, resources, 
      good_at, mind, experience, 
      role, work_area, together_id, 
      whether, together_time, address, 
      birthday, sex, nation, 
      expiration, highest_regiment_grade, grade_permission, 
      pinyin, together_buy_state, upgrade_time, 
      viscount_state, excellence_state, downgrade_time, 
      pay_state, lock_token, average_price, 
      big_hero_state, line_highest_grade, previous_token, 
      month_buy_lock, month_buy_time, month_buy_num, 
      month_buy_money, unlock_excitation_num, last_upgrade_time, 
      is_together_welfare, is_nan_welfare, customization_buy_money, 
      optimization_buy_money, customization_number, 
      is_active, new_performance, mrf_lock_num, 
      is_community, nzz_customization_money, nzz_optimization_money, 
      nzz_customization_number)
    values (#{id,jdbcType=VARCHAR}, #{token,jdbcType=DECIMAL}, #{tokenRecord,jdbcType=DECIMAL}, 
      #{zngRecord,jdbcType=DECIMAL}, #{regimentGrade,jdbcType=INTEGER}, #{regimentTotalNum,jdbcType=INTEGER}, 
      #{regimentSubordinateNum,jdbcType=INTEGER}, #{totalPerformance,jdbcType=DECIMAL}, 
      #{threePerformance,jdbcType=DECIMAL}, #{state,jdbcType=VARCHAR}, #{createTime,jdbcType=VARCHAR}, 
      #{updateTime,jdbcType=VARCHAR}, #{loginId,jdbcType=VARCHAR}, #{area,jdbcType=VARCHAR}, 
      #{name,jdbcType=VARCHAR}, #{idCard,jdbcType=VARCHAR}, #{upUrl,jdbcType=VARCHAR}, 
      #{regionId,jdbcType=VARCHAR}, #{downUrl,jdbcType=VARCHAR}, #{phone,jdbcType=VARCHAR}, 
      #{waitToken,jdbcType=DECIMAL}, #{waitZng,jdbcType=DECIMAL}, #{power,jdbcType=VARCHAR}, 
      #{medalLogin,jdbcType=VARCHAR}, #{scoreMedal,jdbcType=VARCHAR}, #{peopleMedal,jdbcType=VARCHAR}, 
      #{moneyMedal,jdbcType=VARCHAR}, #{authenticationTime,jdbcType=VARCHAR}, #{firstMatching,jdbcType=VARCHAR}, 
      #{secondMatching,jdbcType=VARCHAR}, #{location,jdbcType=VARCHAR}, #{resources,jdbcType=VARCHAR}, 
      #{goodAt,jdbcType=VARCHAR}, #{mind,jdbcType=VARCHAR}, #{experience,jdbcType=VARCHAR}, 
      #{role,jdbcType=VARCHAR}, #{workArea,jdbcType=VARCHAR}, #{togetherId,jdbcType=VARCHAR}, 
      #{whether,jdbcType=INTEGER}, #{togetherTime,jdbcType=VARCHAR}, #{address,jdbcType=VARCHAR}, 
      #{birthday,jdbcType=VARCHAR}, #{sex,jdbcType=VARCHAR}, #{nation,jdbcType=VARCHAR}, 
      #{expiration,jdbcType=VARCHAR}, #{highestRegimentGrade,jdbcType=INTEGER}, #{gradePermission,jdbcType=VARCHAR}, 
      #{pinyin,jdbcType=VARCHAR}, #{togetherBuyState,jdbcType=VARCHAR}, #{upgradeTime,jdbcType=VARCHAR}, 
      #{viscountState,jdbcType=VARCHAR}, #{excellenceState,jdbcType=VARCHAR}, #{downgradeTime,jdbcType=VARCHAR}, 
      #{payState,jdbcType=VARCHAR}, #{lockToken,jdbcType=DECIMAL}, #{averagePrice,jdbcType=VARCHAR}, 
      #{bigHeroState,jdbcType=VARCHAR}, #{lineHighestGrade,jdbcType=INTEGER}, #{previousToken,jdbcType=DECIMAL}, 
      #{monthBuyLock,jdbcType=DECIMAL}, #{monthBuyTime,jdbcType=VARCHAR}, #{monthBuyNum,jdbcType=INTEGER}, 
      #{monthBuyMoney,jdbcType=DECIMAL}, #{unlockExcitationNum,jdbcType=DECIMAL}, #{lastUpgradeTime,jdbcType=VARCHAR}, 
      #{isTogetherWelfare,jdbcType=VARCHAR}, #{isNanWelfare,jdbcType=VARCHAR}, #{customizationBuyMoney,jdbcType=DECIMAL}, 
      #{optimizationBuyMoney,jdbcType=DECIMAL}, #{customizationNumber,jdbcType=INTEGER}, 
      #{isActive,jdbcType=VARCHAR}, #{newPerformance,jdbcType=DECIMAL}, #{mrfLockNum,jdbcType=DECIMAL}, 
      #{isCommunity,jdbcType=VARCHAR}, #{nzzCustomizationMoney,jdbcType=DECIMAL}, #{nzzOptimizationMoney,jdbcType=DECIMAL}, 
      #{nzzCustomizationNumber,jdbcType=INTEGER})
  </insert>
  <insert id="insertSelective" parameterType="com.zng.model.TTogether">
    insert into t_together
    <trim prefix="(" suffix=")" suffixOverrides=",">
      <if test="id != null">
        id,
      </if>
      <if test="token != null">
        token,
      </if>
      <if test="tokenRecord != null">
        token_record,
      </if>
      <if test="zngRecord != null">
        zng_record,
      </if>
      <if test="regimentGrade != null">
        regiment_grade,
      </if>
      <if test="regimentTotalNum != null">
        regiment_total_num,
      </if>
      <if test="regimentSubordinateNum != null">
        regiment_subordinate_num,
      </if>
      <if test="totalPerformance != null">
        total_performance,
      </if>
      <if test="threePerformance != null">
        three_performance,
      </if>
      <if test="state != null">
        state,
      </if>
      <if test="createTime != null">
        create_time,
      </if>
      <if test="updateTime != null">
        update_time,
      </if>
      <if test="loginId != null">
        login_id,
      </if>
      <if test="area != null">
        area,
      </if>
      <if test="name != null">
        name,
      </if>
      <if test="idCard != null">
        id_card,
      </if>
      <if test="upUrl != null">
        up_url,
      </if>
      <if test="regionId != null">
        region_id,
      </if>
      <if test="downUrl != null">
        down_url,
      </if>
      <if test="phone != null">
        phone,
      </if>
      <if test="waitToken != null">
        wait_token,
      </if>
      <if test="waitZng != null">
        wait_zng,
      </if>
      <if test="power != null">
        power,
      </if>
      <if test="medalLogin != null">
        medal_login,
      </if>
      <if test="scoreMedal != null">
        score_medal,
      </if>
      <if test="peopleMedal != null">
        people_medal,
      </if>
      <if test="moneyMedal != null">
        money_medal,
      </if>
      <if test="authenticationTime != null">
        authentication_time,
      </if>
      <if test="firstMatching != null">
        first_matching,
      </if>
      <if test="secondMatching != null">
        second_matching,
      </if>
      <if test="location != null">
        location,
      </if>
      <if test="resources != null">
        resources,
      </if>
      <if test="goodAt != null">
        good_at,
      </if>
      <if test="mind != null">
        mind,
      </if>
      <if test="experience != null">
        experience,
      </if>
      <if test="role != null">
        role,
      </if>
      <if test="workArea != null">
        work_area,
      </if>
      <if test="togetherId != null">
        together_id,
      </if>
      <if test="whether != null">
        whether,
      </if>
      <if test="togetherTime != null">
        together_time,
      </if>
      <if test="address != null">
        address,
      </if>
      <if test="birthday != null">
        birthday,
      </if>
      <if test="sex != null">
        sex,
      </if>
      <if test="nation != null">
        nation,
      </if>
      <if test="expiration != null">
        expiration,
      </if>
      <if test="highestRegimentGrade != null">
        highest_regiment_grade,
      </if>
      <if test="gradePermission != null">
        grade_permission,
      </if>
      <if test="pinyin != null">
        pinyin,
      </if>
      <if test="togetherBuyState != null">
        together_buy_state,
      </if>
      <if test="upgradeTime != null">
        upgrade_time,
      </if>
      <if test="viscountState != null">
        viscount_state,
      </if>
      <if test="excellenceState != null">
        excellence_state,
      </if>
      <if test="downgradeTime != null">
        downgrade_time,
      </if>
      <if test="payState != null">
        pay_state,
      </if>
      <if test="lockToken != null">
        lock_token,
      </if>
      <if test="averagePrice != null">
        average_price,
      </if>
      <if test="bigHeroState != null">
        big_hero_state,
      </if>
      <if test="lineHighestGrade != null">
        line_highest_grade,
      </if>
      <if test="previousToken != null">
        previous_token,
      </if>
      <if test="monthBuyLock != null">
        month_buy_lock,
      </if>
      <if test="monthBuyTime != null">
        month_buy_time,
      </if>
      <if test="monthBuyNum != null">
        month_buy_num,
      </if>
      <if test="monthBuyMoney != null">
        month_buy_money,
      </if>
      <if test="unlockExcitationNum != null">
        unlock_excitation_num,
      </if>
      <if test="lastUpgradeTime != null">
        last_upgrade_time,
      </if>
      <if test="isTogetherWelfare != null">
        is_together_welfare,
      </if>
      <if test="isNanWelfare != null">
        is_nan_welfare,
      </if>
      <if test="customizationBuyMoney != null">
        customization_buy_money,
      </if>
      <if test="optimizationBuyMoney != null">
        optimization_buy_money,
      </if>
      <if test="customizationNumber != null">
        customization_number,
      </if>
      <if test="isActive != null">
        is_active,
      </if>
      <if test="newPerformance != null">
        new_performance,
      </if>
      <if test="mrfLockNum != null">
        mrf_lock_num,
      </if>
      <if test="isCommunity != null">
        is_community,
      </if>
      <if test="nzzCustomizationMoney != null">
        nzz_customization_money,
      </if>
      <if test="nzzOptimizationMoney != null">
        nzz_optimization_money,
      </if>
      <if test="nzzCustomizationNumber != null">
        nzz_customization_number,
      </if>
    </trim>
    <trim prefix="values (" suffix=")" suffixOverrides=",">
      <if test="id != null">
        #{id,jdbcType=VARCHAR},
      </if>
      <if test="token != null">
        #{token,jdbcType=DECIMAL},
      </if>
      <if test="tokenRecord != null">
        #{tokenRecord,jdbcType=DECIMAL},
      </if>
      <if test="zngRecord != null">
        #{zngRecord,jdbcType=DECIMAL},
      </if>
      <if test="regimentGrade != null">
        #{regimentGrade,jdbcType=INTEGER},
      </if>
      <if test="regimentTotalNum != null">
        #{regimentTotalNum,jdbcType=INTEGER},
      </if>
      <if test="regimentSubordinateNum != null">
        #{regimentSubordinateNum,jdbcType=INTEGER},
      </if>
      <if test="totalPerformance != null">
        #{totalPerformance,jdbcType=DECIMAL},
      </if>
      <if test="threePerformance != null">
        #{threePerformance,jdbcType=DECIMAL},
      </if>
      <if test="state != null">
        #{state,jdbcType=VARCHAR},
      </if>
      <if test="createTime != null">
        #{createTime,jdbcType=VARCHAR},
      </if>
      <if test="updateTime != null">
        #{updateTime,jdbcType=VARCHAR},
      </if>
      <if test="loginId != null">
        #{loginId,jdbcType=VARCHAR},
      </if>
      <if test="area != null">
        #{area,jdbcType=VARCHAR},
      </if>
      <if test="name != null">
        #{name,jdbcType=VARCHAR},
      </if>
      <if test="idCard != null">
        #{idCard,jdbcType=VARCHAR},
      </if>
      <if test="upUrl != null">
        #{upUrl,jdbcType=VARCHAR},
      </if>
      <if test="regionId != null">
        #{regionId,jdbcType=VARCHAR},
      </if>
      <if test="downUrl != null">
        #{downUrl,jdbcType=VARCHAR},
      </if>
      <if test="phone != null">
        #{phone,jdbcType=VARCHAR},
      </if>
      <if test="waitToken != null">
        #{waitToken,jdbcType=DECIMAL},
      </if>
      <if test="waitZng != null">
        #{waitZng,jdbcType=DECIMAL},
      </if>
      <if test="power != null">
        #{power,jdbcType=VARCHAR},
      </if>
      <if test="medalLogin != null">
        #{medalLogin,jdbcType=VARCHAR},
      </if>
      <if test="scoreMedal != null">
        #{scoreMedal,jdbcType=VARCHAR},
      </if>
      <if test="peopleMedal != null">
        #{peopleMedal,jdbcType=VARCHAR},
      </if>
      <if test="moneyMedal != null">
        #{moneyMedal,jdbcType=VARCHAR},
      </if>
      <if test="authenticationTime != null">
        #{authenticationTime,jdbcType=VARCHAR},
      </if>
      <if test="firstMatching != null">
        #{firstMatching,jdbcType=VARCHAR},
      </if>
      <if test="secondMatching != null">
        #{secondMatching,jdbcType=VARCHAR},
      </if>
      <if test="location != null">
        #{location,jdbcType=VARCHAR},
      </if>
      <if test="resources != null">
        #{resources,jdbcType=VARCHAR},
      </if>
      <if test="goodAt != null">
        #{goodAt,jdbcType=VARCHAR},
      </if>
      <if test="mind != null">
        #{mind,jdbcType=VARCHAR},
      </if>
      <if test="experience != null">
        #{experience,jdbcType=VARCHAR},
      </if>
      <if test="role != null">
        #{role,jdbcType=VARCHAR},
      </if>
      <if test="workArea != null">
        #{workArea,jdbcType=VARCHAR},
      </if>
      <if test="togetherId != null">
        #{togetherId,jdbcType=VARCHAR},
      </if>
      <if test="whether != null">
        #{whether,jdbcType=INTEGER},
      </if>
      <if test="togetherTime != null">
        #{togetherTime,jdbcType=VARCHAR},
      </if>
      <if test="address != null">
        #{address,jdbcType=VARCHAR},
      </if>
      <if test="birthday != null">
        #{birthday,jdbcType=VARCHAR},
      </if>
      <if test="sex != null">
        #{sex,jdbcType=VARCHAR},
      </if>
      <if test="nation != null">
        #{nation,jdbcType=VARCHAR},
      </if>
      <if test="expiration != null">
        #{expiration,jdbcType=VARCHAR},
      </if>
      <if test="highestRegimentGrade != null">
        #{highestRegimentGrade,jdbcType=INTEGER},
      </if>
      <if test="gradePermission != null">
        #{gradePermission,jdbcType=VARCHAR},
      </if>
      <if test="pinyin != null">
        #{pinyin,jdbcType=VARCHAR},
      </if>
      <if test="togetherBuyState != null">
        #{togetherBuyState,jdbcType=VARCHAR},
      </if>
      <if test="upgradeTime != null">
        #{upgradeTime,jdbcType=VARCHAR},
      </if>
      <if test="viscountState != null">
        #{viscountState,jdbcType=VARCHAR},
      </if>
      <if test="excellenceState != null">
        #{excellenceState,jdbcType=VARCHAR},
      </if>
      <if test="downgradeTime != null">
        #{downgradeTime,jdbcType=VARCHAR},
      </if>
      <if test="payState != null">
        #{payState,jdbcType=VARCHAR},
      </if>
      <if test="lockToken != null">
        #{lockToken,jdbcType=DECIMAL},
      </if>
      <if test="averagePrice != null">
        #{averagePrice,jdbcType=VARCHAR},
      </if>
      <if test="bigHeroState != null">
        #{bigHeroState,jdbcType=VARCHAR},
      </if>
      <if test="lineHighestGrade != null">
        #{lineHighestGrade,jdbcType=INTEGER},
      </if>
      <if test="previousToken != null">
        #{previousToken,jdbcType=DECIMAL},
      </if>
      <if test="monthBuyLock != null">
        #{monthBuyLock,jdbcType=DECIMAL},
      </if>
      <if test="monthBuyTime != null">
        #{monthBuyTime,jdbcType=VARCHAR},
      </if>
      <if test="monthBuyNum != null">
        #{monthBuyNum,jdbcType=INTEGER},
      </if>
      <if test="monthBuyMoney != null">
        #{monthBuyMoney,jdbcType=DECIMAL},
      </if>
      <if test="unlockExcitationNum != null">
        #{unlockExcitationNum,jdbcType=DECIMAL},
      </if>
      <if test="lastUpgradeTime != null">
        #{lastUpgradeTime,jdbcType=VARCHAR},
      </if>
      <if test="isTogetherWelfare != null">
        #{isTogetherWelfare,jdbcType=VARCHAR},
      </if>
      <if test="isNanWelfare != null">
        #{isNanWelfare,jdbcType=VARCHAR},
      </if>
      <if test="customizationBuyMoney != null">
        #{customizationBuyMoney,jdbcType=DECIMAL},
      </if>
      <if test="optimizationBuyMoney != null">
        #{optimizationBuyMoney,jdbcType=DECIMAL},
      </if>
      <if test="customizationNumber != null">
        #{customizationNumber,jdbcType=INTEGER},
      </if>
      <if test="isActive != null">
        #{isActive,jdbcType=VARCHAR},
      </if>
      <if test="newPerformance != null">
        #{newPerformance,jdbcType=DECIMAL},
      </if>
      <if test="mrfLockNum != null">
        #{mrfLockNum,jdbcType=DECIMAL},
      </if>
      <if test="isCommunity != null">
        #{isCommunity,jdbcType=VARCHAR},
      </if>
      <if test="nzzCustomizationMoney != null">
        #{nzzCustomizationMoney,jdbcType=DECIMAL},
      </if>
      <if test="nzzOptimizationMoney != null">
        #{nzzOptimizationMoney,jdbcType=DECIMAL},
      </if>
      <if test="nzzCustomizationNumber != null">
        #{nzzCustomizationNumber,jdbcType=INTEGER},
      </if>
    </trim>
  </insert>
  <update id="updateByPrimaryKeySelective" parameterType="com.zng.model.TTogether">
    update t_together
    <set>
      <if test="token != null">
        token = #{token,jdbcType=DECIMAL},
      </if>
      <if test="tokenRecord != null">
        token_record = #{tokenRecord,jdbcType=DECIMAL},
      </if>
      <if test="zngRecord != null">
        zng_record = #{zngRecord,jdbcType=DECIMAL},
      </if>
      <if test="regimentGrade != null">
        regiment_grade = #{regimentGrade,jdbcType=INTEGER},
      </if>
      <if test="regimentTotalNum != null">
        regiment_total_num = #{regimentTotalNum,jdbcType=INTEGER},
      </if>
      <if test="regimentSubordinateNum != null">
        regiment_subordinate_num = #{regimentSubordinateNum,jdbcType=INTEGER},
      </if>
      <if test="totalPerformance != null">
        total_performance = #{totalPerformance,jdbcType=DECIMAL},
      </if>
      <if test="threePerformance != null">
        three_performance = #{threePerformance,jdbcType=DECIMAL},
      </if>
      <if test="state != null">
        state = #{state,jdbcType=VARCHAR},
      </if>
      <if test="createTime != null">
        create_time = #{createTime,jdbcType=VARCHAR},
      </if>
      <if test="updateTime != null">
        update_time = #{updateTime,jdbcType=VARCHAR},
      </if>
      <if test="loginId != null">
        login_id = #{loginId,jdbcType=VARCHAR},
      </if>
      <if test="area != null">
        area = #{area,jdbcType=VARCHAR},
      </if>
      <if test="name != null">
        name = #{name,jdbcType=VARCHAR},
      </if>
      <if test="idCard != null">
        id_card = #{idCard,jdbcType=VARCHAR},
      </if>
      <if test="upUrl != null">
        up_url = #{upUrl,jdbcType=VARCHAR},
      </if>
      <if test="regionId != null">
        region_id = #{regionId,jdbcType=VARCHAR},
      </if>
      <if test="downUrl != null">
        down_url = #{downUrl,jdbcType=VARCHAR},
      </if>
      <if test="phone != null">
        phone = #{phone,jdbcType=VARCHAR},
      </if>
      <if test="waitToken != null">
        wait_token = #{waitToken,jdbcType=DECIMAL},
      </if>
      <if test="waitZng != null">
        wait_zng = #{waitZng,jdbcType=DECIMAL},
      </if>
      <if test="power != null">
        power = #{power,jdbcType=VARCHAR},
      </if>
      <if test="medalLogin != null">
        medal_login = #{medalLogin,jdbcType=VARCHAR},
      </if>
      <if test="scoreMedal != null">
        score_medal = #{scoreMedal,jdbcType=VARCHAR},
      </if>
      <if test="peopleMedal != null">
        people_medal = #{peopleMedal,jdbcType=VARCHAR},
      </if>
      <if test="moneyMedal != null">
        money_medal = #{moneyMedal,jdbcType=VARCHAR},
      </if>
      <if test="authenticationTime != null">
        authentication_time = #{authenticationTime,jdbcType=VARCHAR},
      </if>
      <if test="firstMatching != null">
        first_matching = #{firstMatching,jdbcType=VARCHAR},
      </if>
      <if test="secondMatching != null">
        second_matching = #{secondMatching,jdbcType=VARCHAR},
      </if>
      <if test="location != null">
        location = #{location,jdbcType=VARCHAR},
      </if>
      <if test="resources != null">
        resources = #{resources,jdbcType=VARCHAR},
      </if>
      <if test="goodAt != null">
        good_at = #{goodAt,jdbcType=VARCHAR},
      </if>
      <if test="mind != null">
        mind = #{mind,jdbcType=VARCHAR},
      </if>
      <if test="experience != null">
        experience = #{experience,jdbcType=VARCHAR},
      </if>
      <if test="role != null">
        role = #{role,jdbcType=VARCHAR},
      </if>
      <if test="workArea != null">
        work_area = #{workArea,jdbcType=VARCHAR},
      </if>
      <if test="togetherId != null">
        together_id = #{togetherId,jdbcType=VARCHAR},
      </if>
      <if test="whether != null">
        whether = #{whether,jdbcType=INTEGER},
      </if>
      <if test="togetherTime != null">
        together_time = #{togetherTime,jdbcType=VARCHAR},
      </if>
      <if test="address != null">
        address = #{address,jdbcType=VARCHAR},
      </if>
      <if test="birthday != null">
        birthday = #{birthday,jdbcType=VARCHAR},
      </if>
      <if test="sex != null">
        sex = #{sex,jdbcType=VARCHAR},
      </if>
      <if test="nation != null">
        nation = #{nation,jdbcType=VARCHAR},
      </if>
      <if test="expiration != null">
        expiration = #{expiration,jdbcType=VARCHAR},
      </if>
      <if test="highestRegimentGrade != null">
        highest_regiment_grade = #{highestRegimentGrade,jdbcType=INTEGER},
      </if>
      <if test="gradePermission != null">
        grade_permission = #{gradePermission,jdbcType=VARCHAR},
      </if>
      <if test="pinyin != null">
        pinyin = #{pinyin,jdbcType=VARCHAR},
      </if>
      <if test="togetherBuyState != null">
        together_buy_state = #{togetherBuyState,jdbcType=VARCHAR},
      </if>
      <if test="upgradeTime != null">
        upgrade_time = #{upgradeTime,jdbcType=VARCHAR},
      </if>
      <if test="viscountState != null">
        viscount_state = #{viscountState,jdbcType=VARCHAR},
      </if>
      <if test="excellenceState != null">
        excellence_state = #{excellenceState,jdbcType=VARCHAR},
      </if>
      <if test="downgradeTime != null">
        downgrade_time = #{downgradeTime,jdbcType=VARCHAR},
      </if>
      <if test="payState != null">
        pay_state = #{payState,jdbcType=VARCHAR},
      </if>
      <if test="lockToken != null">
        lock_token = #{lockToken,jdbcType=DECIMAL},
      </if>
      <if test="averagePrice != null">
        average_price = #{averagePrice,jdbcType=VARCHAR},
      </if>
      <if test="bigHeroState != null">
        big_hero_state = #{bigHeroState,jdbcType=VARCHAR},
      </if>
      <if test="lineHighestGrade != null">
        line_highest_grade = #{lineHighestGrade,jdbcType=INTEGER},
      </if>
      <if test="previousToken != null">
        previous_token = #{previousToken,jdbcType=DECIMAL},
      </if>
      <if test="monthBuyLock != null">
        month_buy_lock = #{monthBuyLock,jdbcType=DECIMAL},
      </if>
      <if test="monthBuyTime != null">
        month_buy_time = #{monthBuyTime,jdbcType=VARCHAR},
      </if>
      <if test="monthBuyNum != null">
        month_buy_num = #{monthBuyNum,jdbcType=INTEGER},
      </if>
      <if test="monthBuyMoney != null">
        month_buy_money = #{monthBuyMoney,jdbcType=DECIMAL},
      </if>
      <if test="unlockExcitationNum != null">
        unlock_excitation_num = #{unlockExcitationNum,jdbcType=DECIMAL},
      </if>
      <if test="lastUpgradeTime != null">
        last_upgrade_time = #{lastUpgradeTime,jdbcType=VARCHAR},
      </if>
      <if test="isTogetherWelfare != null">
        is_together_welfare = #{isTogetherWelfare,jdbcType=VARCHAR},
      </if>
      <if test="isNanWelfare != null">
        is_nan_welfare = #{isNanWelfare,jdbcType=VARCHAR},
      </if>
      <if test="customizationBuyMoney != null">
        customization_buy_money = #{customizationBuyMoney,jdbcType=DECIMAL},
      </if>
      <if test="optimizationBuyMoney != null">
        optimization_buy_money = #{optimizationBuyMoney,jdbcType=DECIMAL},
      </if>
      <if test="customizationNumber != null">
        customization_number = #{customizationNumber,jdbcType=INTEGER},
      </if>
      <if test="isActive != null">
        is_active = #{isActive,jdbcType=VARCHAR},
      </if>
      <if test="newPerformance != null">
        new_performance = #{newPerformance,jdbcType=DECIMAL},
      </if>
      <if test="mrfLockNum != null">
        mrf_lock_num = #{mrfLockNum,jdbcType=DECIMAL},
      </if>
      <if test="isCommunity != null">
        is_community = #{isCommunity,jdbcType=VARCHAR},
      </if>
      <if test="nzzCustomizationMoney != null">
        nzz_customization_money = #{nzzCustomizationMoney,jdbcType=DECIMAL},
      </if>
      <if test="nzzOptimizationMoney != null">
        nzz_optimization_money = #{nzzOptimizationMoney,jdbcType=DECIMAL},
      </if>
      <if test="nzzCustomizationNumber != null">
        nzz_customization_number = #{nzzCustomizationNumber,jdbcType=INTEGER},
      </if>
    </set>
    where id = #{id,jdbcType=VARCHAR}
  </update>
  <update id="updateByPrimaryKey" parameterType="com.zng.model.TTogether">
    update t_together
    set token = #{token,jdbcType=DECIMAL},
      token_record = #{tokenRecord,jdbcType=DECIMAL},
      zng_record = #{zngRecord,jdbcType=DECIMAL},
      regiment_grade = #{regimentGrade,jdbcType=INTEGER},
      regiment_total_num = #{regimentTotalNum,jdbcType=INTEGER},
      regiment_subordinate_num = #{regimentSubordinateNum,jdbcType=INTEGER},
      total_performance = #{totalPerformance,jdbcType=DECIMAL},
      three_performance = #{threePerformance,jdbcType=DECIMAL},
      state = #{state,jdbcType=VARCHAR},
      create_time = #{createTime,jdbcType=VARCHAR},
      update_time = #{updateTime,jdbcType=VARCHAR},
      login_id = #{loginId,jdbcType=VARCHAR},
      area = #{area,jdbcType=VARCHAR},
      name = #{name,jdbcType=VARCHAR},
      id_card = #{idCard,jdbcType=VARCHAR},
      up_url = #{upUrl,jdbcType=VARCHAR},
      region_id = #{regionId,jdbcType=VARCHAR},
      down_url = #{downUrl,jdbcType=VARCHAR},
      phone = #{phone,jdbcType=VARCHAR},
      wait_token = #{waitToken,jdbcType=DECIMAL},
      wait_zng = #{waitZng,jdbcType=DECIMAL},
      power = #{power,jdbcType=VARCHAR},
      medal_login = #{medalLogin,jdbcType=VARCHAR},
      score_medal = #{scoreMedal,jdbcType=VARCHAR},
      people_medal = #{peopleMedal,jdbcType=VARCHAR},
      money_medal = #{moneyMedal,jdbcType=VARCHAR},
      authentication_time = #{authenticationTime,jdbcType=VARCHAR},
      first_matching = #{firstMatching,jdbcType=VARCHAR},
      second_matching = #{secondMatching,jdbcType=VARCHAR},
      location = #{location,jdbcType=VARCHAR},
      resources = #{resources,jdbcType=VARCHAR},
      good_at = #{goodAt,jdbcType=VARCHAR},
      mind = #{mind,jdbcType=VARCHAR},
      experience = #{experience,jdbcType=VARCHAR},
      role = #{role,jdbcType=VARCHAR},
      work_area = #{workArea,jdbcType=VARCHAR},
      together_id = #{togetherId,jdbcType=VARCHAR},
      whether = #{whether,jdbcType=INTEGER},
      together_time = #{togetherTime,jdbcType=VARCHAR},
      address = #{address,jdbcType=VARCHAR},
      birthday = #{birthday,jdbcType=VARCHAR},
      sex = #{sex,jdbcType=VARCHAR},
      nation = #{nation,jdbcType=VARCHAR},
      expiration = #{expiration,jdbcType=VARCHAR},
      highest_regiment_grade = #{highestRegimentGrade,jdbcType=INTEGER},
      grade_permission = #{gradePermission,jdbcType=VARCHAR},
      pinyin = #{pinyin,jdbcType=VARCHAR},
      together_buy_state = #{togetherBuyState,jdbcType=VARCHAR},
      upgrade_time = #{upgradeTime,jdbcType=VARCHAR},
      viscount_state = #{viscountState,jdbcType=VARCHAR},
      excellence_state = #{excellenceState,jdbcType=VARCHAR},
      downgrade_time = #{downgradeTime,jdbcType=VARCHAR},
      pay_state = #{payState,jdbcType=VARCHAR},
      lock_token = #{lockToken,jdbcType=DECIMAL},
      average_price = #{averagePrice,jdbcType=VARCHAR},
      big_hero_state = #{bigHeroState,jdbcType=VARCHAR},
      line_highest_grade = #{lineHighestGrade,jdbcType=INTEGER},
      previous_token = #{previousToken,jdbcType=DECIMAL},
      month_buy_lock = #{monthBuyLock,jdbcType=DECIMAL},
      month_buy_time = #{monthBuyTime,jdbcType=VARCHAR},
      month_buy_num = #{monthBuyNum,jdbcType=INTEGER},
      month_buy_money = #{monthBuyMoney,jdbcType=DECIMAL},
      unlock_excitation_num = #{unlockExcitationNum,jdbcType=DECIMAL},
      last_upgrade_time = #{lastUpgradeTime,jdbcType=VARCHAR},
      is_together_welfare = #{isTogetherWelfare,jdbcType=VARCHAR},
      is_nan_welfare = #{isNanWelfare,jdbcType=VARCHAR},
      customization_buy_money = #{customizationBuyMoney,jdbcType=DECIMAL},
      optimization_buy_money = #{optimizationBuyMoney,jdbcType=DECIMAL},
      customization_number = #{customizationNumber,jdbcType=INTEGER},
      is_active = #{isActive,jdbcType=VARCHAR},
      new_performance = #{newPerformance,jdbcType=DECIMAL},
      mrf_lock_num = #{mrfLockNum,jdbcType=DECIMAL},
      is_community = #{isCommunity,jdbcType=VARCHAR},
      nzz_customization_money = #{nzzCustomizationMoney,jdbcType=DECIMAL},
      nzz_optimization_money = #{nzzOptimizationMoney,jdbcType=DECIMAL},
      nzz_customization_number = #{nzzCustomizationNumber,jdbcType=INTEGER}
    where id = #{id,jdbcType=VARCHAR}
  </update>
</mapper>