<?xml version="1.0" encoding="UTF-8"?>
<!DOCTYPE mapper PUBLIC "-//mybatis.org//DTD Mapper 3.0//EN" "http://mybatis.org/dtd/mybatis-3-mapper.dtd">
<mapper namespace="com.zng.mapper.TTogetherspaceMapper">
  <resultMap id="BaseResultMap" type="com.zng.model.TTogetherspace">
    <id column="id" jdbcType="VARCHAR" property="id" />
    <result column="login_id" jdbcType="VARCHAR" property="loginId" />
    <result column="create_time" jdbcType="VARCHAR" property="createTime" />
    <result column="update_time" jdbcType="VARCHAR" property="updateTime" />
    <result column="state" jdbcType="VARCHAR" property="state" />
    <result column="contract_state" jdbcType="VARCHAR" property="contractState" />
    <result column="sign_state" jdbcType="VARCHAR" property="signState" />
    <result column="financial_state" jdbcType="VARCHAR" property="financialState" />
    <result column="review_state" jdbcType="VARCHAR" property="reviewState" />
    <result column="lock_state" jdbcType="VARCHAR" property="lockState" />
    <result column="start_time" jdbcType="VARCHAR" property="startTime" />
    <result column="end_time" jdbcType="VARCHAR" property="endTime" />
    <result column="city_name" jdbcType="VARCHAR" property="cityName" />
    <result column="city_id" jdbcType="VARCHAR" property="cityId" />
    <result column="token_price" jdbcType="DECIMAL" property="tokenPrice" />
    <result column="lock_token" jdbcType="DECIMAL" property="lockToken" />
    <result column="year_num" jdbcType="VARCHAR" property="yearNum" />
    <result column="name" jdbcType="VARCHAR" property="name" />
    <result column="together_space_address" jdbcType="VARCHAR" property="togetherSpaceAddress" />
    <result column="parent_phone" jdbcType="VARCHAR" property="parentPhone" />
    <result column="parent_login_id" jdbcType="VARCHAR" property="parentLoginId" />
    <result column="agency_fees" jdbcType="DECIMAL" property="agencyFees" />
    <result column="target_performance" jdbcType="DECIMAL" property="targetPerformance" />
    <result column="current_performance" jdbcType="DECIMAL" property="currentPerformance" />
    <result column="one_performance" jdbcType="DECIMAL" property="onePerformance" />
    <result column="two_performance" jdbcType="DECIMAL" property="twoPerformance" />
    <result column="three_performance" jdbcType="DECIMAL" property="threePerformance" />
    <result column="four_performance" jdbcType="DECIMAL" property="fourPerformance" />
    <result column="customer_id" jdbcType="VARCHAR" property="customerId" />
    <result column="transaction_no" jdbcType="VARCHAR" property="transactionNo" />
    <result column="batch_id" jdbcType="VARCHAR" property="batchId" />
    <result column="contract_id_one" jdbcType="VARCHAR" property="contractIdOne" />
    <result column="sign_login_id" jdbcType="VARCHAR" property="signLoginId" />
    <result column="contract_id_three" jdbcType="VARCHAR" property="contractIdThree" />
    <result column="contract_id_two" jdbcType="VARCHAR" property="contractIdTwo" />
    <result column="apply_id" jdbcType="VARCHAR" property="applyId" />
    <result column="area_state" jdbcType="VARCHAR" property="areaState" />
    <result column="transfer_img" jdbcType="VARCHAR" property="transferImg" />
    <result column="receive_payment_img" jdbcType="VARCHAR" property="receivePaymentImg" />
    <result column="is_transfer" jdbcType="VARCHAR" property="isTransfer" />
  </resultMap>
  <sql id="Base_Column_List">
    id, login_id, create_time, update_time, state, contract_state, sign_state, financial_state, 
    review_state, lock_state, start_time, end_time, city_name, city_id, token_price, 
    lock_token, year_num, name, together_space_address, parent_phone, parent_login_id, 
    agency_fees, target_performance, current_performance, one_performance, two_performance, 
    three_performance, four_performance, customer_id, transaction_no, batch_id, contract_id_one, 
    sign_login_id, contract_id_three, contract_id_two, apply_id, area_state, transfer_img, 
    receive_payment_img, is_transfer
  </sql>
  <select id="selectByPrimaryKey" parameterType="java.lang.String" resultMap="BaseResultMap">
    select 
    <include refid="Base_Column_List" />
    from t_togetherspace
    where id = #{id,jdbcType=VARCHAR}
  </select>
  <delete id="deleteByPrimaryKey" parameterType="java.lang.String">
    delete from t_togetherspace
    where id = #{id,jdbcType=VARCHAR}
  </delete>
  <insert id="insert" parameterType="com.zng.model.TTogetherspace">
    insert into t_togetherspace (id, login_id, create_time, 
      update_time, state, contract_state, 
      sign_state, financial_state, review_state, 
      lock_state, start_time, end_time, 
      city_name, city_id, token_price, 
      lock_token, year_num, name, 
      together_space_address, parent_phone, parent_login_id, 
      agency_fees, target_performance, current_performance, 
      one_performance, two_performance, three_performance, 
      four_performance, customer_id, transaction_no, 
      batch_id, contract_id_one, sign_login_id, 
      contract_id_three, contract_id_two, apply_id, 
      area_state, transfer_img, receive_payment_img, 
      is_transfer)
    values (#{id,jdbcType=VARCHAR}, #{loginId,jdbcType=VARCHAR}, #{createTime,jdbcType=VARCHAR}, 
      #{updateTime,jdbcType=VARCHAR}, #{state,jdbcType=VARCHAR}, #{contractState,jdbcType=VARCHAR}, 
      #{signState,jdbcType=VARCHAR}, #{financialState,jdbcType=VARCHAR}, #{reviewState,jdbcType=VARCHAR}, 
      #{lockState,jdbcType=VARCHAR}, #{startTime,jdbcType=VARCHAR}, #{endTime,jdbcType=VARCHAR}, 
      #{cityName,jdbcType=VARCHAR}, #{cityId,jdbcType=VARCHAR}, #{tokenPrice,jdbcType=DECIMAL}, 
      #{lockToken,jdbcType=DECIMAL}, #{yearNum,jdbcType=VARCHAR}, #{name,jdbcType=VARCHAR}, 
      #{togetherSpaceAddress,jdbcType=VARCHAR}, #{parentPhone,jdbcType=VARCHAR}, #{parentLoginId,jdbcType=VARCHAR}, 
      #{agencyFees,jdbcType=DECIMAL}, #{targetPerformance,jdbcType=DECIMAL}, #{currentPerformance,jdbcType=DECIMAL}, 
      #{onePerformance,jdbcType=DECIMAL}, #{twoPerformance,jdbcType=DECIMAL}, #{threePerformance,jdbcType=DECIMAL}, 
      #{fourPerformance,jdbcType=DECIMAL}, #{customerId,jdbcType=VARCHAR}, #{transactionNo,jdbcType=VARCHAR}, 
      #{batchId,jdbcType=VARCHAR}, #{contractIdOne,jdbcType=VARCHAR}, #{signLoginId,jdbcType=VARCHAR}, 
      #{contractIdThree,jdbcType=VARCHAR}, #{contractIdTwo,jdbcType=VARCHAR}, #{applyId,jdbcType=VARCHAR}, 
      #{areaState,jdbcType=VARCHAR}, #{transferImg,jdbcType=VARCHAR}, #{receivePaymentImg,jdbcType=VARCHAR}, 
      #{isTransfer,jdbcType=VARCHAR})
  </insert>
  <insert id="insertSelective" parameterType="com.zng.model.TTogetherspace">
    insert into t_togetherspace
    <trim prefix="(" suffix=")" suffixOverrides=",">
      <if test="id != null">
        id,
      </if>
      <if test="loginId != null">
        login_id,
      </if>
      <if test="createTime != null">
        create_time,
      </if>
      <if test="updateTime != null">
        update_time,
      </if>
      <if test="state != null">
        state,
      </if>
      <if test="contractState != null">
        contract_state,
      </if>
      <if test="signState != null">
        sign_state,
      </if>
      <if test="financialState != null">
        financial_state,
      </if>
      <if test="reviewState != null">
        review_state,
      </if>
      <if test="lockState != null">
        lock_state,
      </if>
      <if test="startTime != null">
        start_time,
      </if>
      <if test="endTime != null">
        end_time,
      </if>
      <if test="cityName != null">
        city_name,
      </if>
      <if test="cityId != null">
        city_id,
      </if>
      <if test="tokenPrice != null">
        token_price,
      </if>
      <if test="lockToken != null">
        lock_token,
      </if>
      <if test="yearNum != null">
        year_num,
      </if>
      <if test="name != null">
        name,
      </if>
      <if test="togetherSpaceAddress != null">
        together_space_address,
      </if>
      <if test="parentPhone != null">
        parent_phone,
      </if>
      <if test="parentLoginId != null">
        parent_login_id,
      </if>
      <if test="agencyFees != null">
        agency_fees,
      </if>
      <if test="targetPerformance != null">
        target_performance,
      </if>
      <if test="currentPerformance != null">
        current_performance,
      </if>
      <if test="onePerformance != null">
        one_performance,
      </if>
      <if test="twoPerformance != null">
        two_performance,
      </if>
      <if test="threePerformance != null">
        three_performance,
      </if>
      <if test="fourPerformance != null">
        four_performance,
      </if>
      <if test="customerId != null">
        customer_id,
      </if>
      <if test="transactionNo != null">
        transaction_no,
      </if>
      <if test="batchId != null">
        batch_id,
      </if>
      <if test="contractIdOne != null">
        contract_id_one,
      </if>
      <if test="signLoginId != null">
        sign_login_id,
      </if>
      <if test="contractIdThree != null">
        contract_id_three,
      </if>
      <if test="contractIdTwo != null">
        contract_id_two,
      </if>
      <if test="applyId != null">
        apply_id,
      </if>
      <if test="areaState != null">
        area_state,
      </if>
      <if test="transferImg != null">
        transfer_img,
      </if>
      <if test="receivePaymentImg != null">
        receive_payment_img,
      </if>
      <if test="isTransfer != null">
        is_transfer,
      </if>
    </trim>
    <trim prefix="values (" suffix=")" suffixOverrides=",">
      <if test="id != null">
        #{id,jdbcType=VARCHAR},
      </if>
      <if test="loginId != null">
        #{loginId,jdbcType=VARCHAR},
      </if>
      <if test="createTime != null">
        #{createTime,jdbcType=VARCHAR},
      </if>
      <if test="updateTime != null">
        #{updateTime,jdbcType=VARCHAR},
      </if>
      <if test="state != null">
        #{state,jdbcType=VARCHAR},
      </if>
      <if test="contractState != null">
        #{contractState,jdbcType=VARCHAR},
      </if>
      <if test="signState != null">
        #{signState,jdbcType=VARCHAR},
      </if>
      <if test="financialState != null">
        #{financialState,jdbcType=VARCHAR},
      </if>
      <if test="reviewState != null">
        #{reviewState,jdbcType=VARCHAR},
      </if>
      <if test="lockState != null">
        #{lockState,jdbcType=VARCHAR},
      </if>
      <if test="startTime != null">
        #{startTime,jdbcType=VARCHAR},
      </if>
      <if test="endTime != null">
        #{endTime,jdbcType=VARCHAR},
      </if>
      <if test="cityName != null">
        #{cityName,jdbcType=VARCHAR},
      </if>
      <if test="cityId != null">
        #{cityId,jdbcType=VARCHAR},
      </if>
      <if test="tokenPrice != null">
        #{tokenPrice,jdbcType=DECIMAL},
      </if>
      <if test="lockToken != null">
        #{lockToken,jdbcType=DECIMAL},
      </if>
      <if test="yearNum != null">
        #{yearNum,jdbcType=VARCHAR},
      </if>
      <if test="name != null">
        #{name,jdbcType=VARCHAR},
      </if>
      <if test="togetherSpaceAddress != null">
        #{togetherSpaceAddress,jdbcType=VARCHAR},
      </if>
      <if test="parentPhone != null">
        #{parentPhone,jdbcType=VARCHAR},
      </if>
      <if test="parentLoginId != null">
        #{parentLoginId,jdbcType=VARCHAR},
      </if>
      <if test="agencyFees != null">
        #{agencyFees,jdbcType=DECIMAL},
      </if>
      <if test="targetPerformance != null">
        #{targetPerformance,jdbcType=DECIMAL},
      </if>
      <if test="currentPerformance != null">
        #{currentPerformance,jdbcType=DECIMAL},
      </if>
      <if test="onePerformance != null">
        #{onePerformance,jdbcType=DECIMAL},
      </if>
      <if test="twoPerformance != null">
        #{twoPerformance,jdbcType=DECIMAL},
      </if>
      <if test="threePerformance != null">
        #{threePerformance,jdbcType=DECIMAL},
      </if>
      <if test="fourPerformance != null">
        #{fourPerformance,jdbcType=DECIMAL},
      </if>
      <if test="customerId != null">
        #{customerId,jdbcType=VARCHAR},
      </if>
      <if test="transactionNo != null">
        #{transactionNo,jdbcType=VARCHAR},
      </if>
      <if test="batchId != null">
        #{batchId,jdbcType=VARCHAR},
      </if>
      <if test="contractIdOne != null">
        #{contractIdOne,jdbcType=VARCHAR},
      </if>
      <if test="signLoginId != null">
        #{signLoginId,jdbcType=VARCHAR},
      </if>
      <if test="contractIdThree != null">
        #{contractIdThree,jdbcType=VARCHAR},
      </if>
      <if test="contractIdTwo != null">
        #{contractIdTwo,jdbcType=VARCHAR},
      </if>
      <if test="applyId != null">
        #{applyId,jdbcType=VARCHAR},
      </if>
      <if test="areaState != null">
        #{areaState,jdbcType=VARCHAR},
      </if>
      <if test="transferImg != null">
        #{transferImg,jdbcType=VARCHAR},
      </if>
      <if test="receivePaymentImg != null">
        #{receivePaymentImg,jdbcType=VARCHAR},
      </if>
      <if test="isTransfer != null">
        #{isTransfer,jdbcType=VARCHAR},
      </if>
    </trim>
  </insert>
  <update id="updateByPrimaryKeySelective" parameterType="com.zng.model.TTogetherspace">
    update t_togetherspace
    <set>
      <if test="loginId != null">
        login_id = #{loginId,jdbcType=VARCHAR},
      </if>
      <if test="createTime != null">
        create_time = #{createTime,jdbcType=VARCHAR},
      </if>
      <if test="updateTime != null">
        update_time = #{updateTime,jdbcType=VARCHAR},
      </if>
      <if test="state != null">
        state = #{state,jdbcType=VARCHAR},
      </if>
      <if test="contractState != null">
        contract_state = #{contractState,jdbcType=VARCHAR},
      </if>
      <if test="signState != null">
        sign_state = #{signState,jdbcType=VARCHAR},
      </if>
      <if test="financialState != null">
        financial_state = #{financialState,jdbcType=VARCHAR},
      </if>
      <if test="reviewState != null">
        review_state = #{reviewState,jdbcType=VARCHAR},
      </if>
      <if test="lockState != null">
        lock_state = #{lockState,jdbcType=VARCHAR},
      </if>
      <if test="startTime != null">
        start_time = #{startTime,jdbcType=VARCHAR},
      </if>
      <if test="endTime != null">
        end_time = #{endTime,jdbcType=VARCHAR},
      </if>
      <if test="cityName != null">
        city_name = #{cityName,jdbcType=VARCHAR},
      </if>
      <if test="cityId != null">
        city_id = #{cityId,jdbcType=VARCHAR},
      </if>
      <if test="tokenPrice != null">
        token_price = #{tokenPrice,jdbcType=DECIMAL},
      </if>
      <if test="lockToken != null">
        lock_token = #{lockToken,jdbcType=DECIMAL},
      </if>
      <if test="yearNum != null">
        year_num = #{yearNum,jdbcType=VARCHAR},
      </if>
      <if test="name != null">
        name = #{name,jdbcType=VARCHAR},
      </if>
      <if test="togetherSpaceAddress != null">
        together_space_address = #{togetherSpaceAddress,jdbcType=VARCHAR},
      </if>
      <if test="parentPhone != null">
        parent_phone = #{parentPhone,jdbcType=VARCHAR},
      </if>
      <if test="parentLoginId != null">
        parent_login_id = #{parentLoginId,jdbcType=VARCHAR},
      </if>
      <if test="agencyFees != null">
        agency_fees = #{agencyFees,jdbcType=DECIMAL},
      </if>
      <if test="targetPerformance != null">
        target_performance = #{targetPerformance,jdbcType=DECIMAL},
      </if>
      <if test="currentPerformance != null">
        current_performance = #{currentPerformance,jdbcType=DECIMAL},
      </if>
      <if test="onePerformance != null">
        one_performance = #{onePerformance,jdbcType=DECIMAL},
      </if>
      <if test="twoPerformance != null">
        two_performance = #{twoPerformance,jdbcType=DECIMAL},
      </if>
      <if test="threePerformance != null">
        three_performance = #{threePerformance,jdbcType=DECIMAL},
      </if>
      <if test="fourPerformance != null">
        four_performance = #{fourPerformance,jdbcType=DECIMAL},
      </if>
      <if test="customerId != null">
        customer_id = #{customerId,jdbcType=VARCHAR},
      </if>
      <if test="transactionNo != null">
        transaction_no = #{transactionNo,jdbcType=VARCHAR},
      </if>
      <if test="batchId != null">
        batch_id = #{batchId,jdbcType=VARCHAR},
      </if>
      <if test="contractIdOne != null">
        contract_id_one = #{contractIdOne,jdbcType=VARCHAR},
      </if>
      <if test="signLoginId != null">
        sign_login_id = #{signLoginId,jdbcType=VARCHAR},
      </if>
      <if test="contractIdThree != null">
        contract_id_three = #{contractIdThree,jdbcType=VARCHAR},
      </if>
      <if test="contractIdTwo != null">
        contract_id_two = #{contractIdTwo,jdbcType=VARCHAR},
      </if>
      <if test="applyId != null">
        apply_id = #{applyId,jdbcType=VARCHAR},
      </if>
      <if test="areaState != null">
        area_state = #{areaState,jdbcType=VARCHAR},
      </if>
      <if test="transferImg != null">
        transfer_img = #{transferImg,jdbcType=VARCHAR},
      </if>
      <if test="receivePaymentImg != null">
        receive_payment_img = #{receivePaymentImg,jdbcType=VARCHAR},
      </if>
      <if test="isTransfer != null">
        is_transfer = #{isTransfer,jdbcType=VARCHAR},
      </if>
    </set>
    where id = #{id,jdbcType=VARCHAR}
  </update>
  <update id="updateByPrimaryKey" parameterType="com.zng.model.TTogetherspace">
    update t_togetherspace
    set login_id = #{loginId,jdbcType=VARCHAR},
      create_time = #{createTime,jdbcType=VARCHAR},
      update_time = #{updateTime,jdbcType=VARCHAR},
      state = #{state,jdbcType=VARCHAR},
      contract_state = #{contractState,jdbcType=VARCHAR},
      sign_state = #{signState,jdbcType=VARCHAR},
      financial_state = #{financialState,jdbcType=VARCHAR},
      review_state = #{reviewState,jdbcType=VARCHAR},
      lock_state = #{lockState,jdbcType=VARCHAR},
      start_time = #{startTime,jdbcType=VARCHAR},
      end_time = #{endTime,jdbcType=VARCHAR},
      city_name = #{cityName,jdbcType=VARCHAR},
      city_id = #{cityId,jdbcType=VARCHAR},
      token_price = #{tokenPrice,jdbcType=DECIMAL},
      lock_token = #{lockToken,jdbcType=DECIMAL},
      year_num = #{yearNum,jdbcType=VARCHAR},
      name = #{name,jdbcType=VARCHAR},
      together_space_address = #{togetherSpaceAddress,jdbcType=VARCHAR},
      parent_phone = #{parentPhone,jdbcType=VARCHAR},
      parent_login_id = #{parentLoginId,jdbcType=VARCHAR},
      agency_fees = #{agencyFees,jdbcType=DECIMAL},
      target_performance = #{targetPerformance,jdbcType=DECIMAL},
      current_performance = #{currentPerformance,jdbcType=DECIMAL},
      one_performance = #{onePerformance,jdbcType=DECIMAL},
      two_performance = #{twoPerformance,jdbcType=DECIMAL},
      three_performance = #{threePerformance,jdbcType=DECIMAL},
      four_performance = #{fourPerformance,jdbcType=DECIMAL},
      customer_id = #{customerId,jdbcType=VARCHAR},
      transaction_no = #{transactionNo,jdbcType=VARCHAR},
      batch_id = #{batchId,jdbcType=VARCHAR},
      contract_id_one = #{contractIdOne,jdbcType=VARCHAR},
      sign_login_id = #{signLoginId,jdbcType=VARCHAR},
      contract_id_three = #{contractIdThree,jdbcType=VARCHAR},
      contract_id_two = #{contractIdTwo,jdbcType=VARCHAR},
      apply_id = #{applyId,jdbcType=VARCHAR},
      area_state = #{areaState,jdbcType=VARCHAR},
      transfer_img = #{transferImg,jdbcType=VARCHAR},
      receive_payment_img = #{receivePaymentImg,jdbcType=VARCHAR},
      is_transfer = #{isTransfer,jdbcType=VARCHAR}
    where id = #{id,jdbcType=VARCHAR}
  </update>
</mapper>