<?xml version="1.0" encoding="UTF-8"?>
<!DOCTYPE mapper PUBLIC "-//mybatis.org//DTD Mapper 3.0//EN" "http://mybatis.org/dtd/mybatis-3-mapper.dtd">
<mapper namespace="com.zng.mapper.TTogetherspacelockMapper">
  <resultMap id="BaseResultMap" type="com.zng.model.TTogetherspacelock">
    <id column="id" jdbcType="VARCHAR" property="id" />
    <result column="login_id" jdbcType="VARCHAR" property="loginId" />
    <result column="create_time" jdbcType="VARCHAR" property="createTime" />
    <result column="update_time" jdbcType="VARCHAR" property="updateTime" />
    <result column="state" jdbcType="VARCHAR" property="state" />
    <result column="city_name" jdbcType="VARCHAR" property="cityName" />
    <result column="city_id" jdbcType="VARCHAR" property="cityId" />
    <result column="money" jdbcType="DECIMAL" property="money" />
    <result column="start_time" jdbcType="VARCHAR" property="startTime" />
    <result column="end_time" jdbcType="VARCHAR" property="endTime" />
    <result column="target_performance" jdbcType="DECIMAL" property="targetPerformance" />
    <result column="current_performance" jdbcType="DECIMAL" property="currentPerformance" />
    <result column="together_space_id" jdbcType="VARCHAR" property="togetherSpaceId" />
  </resultMap>
  <sql id="Base_Column_List">
    id, login_id, create_time, update_time, state, city_name, city_id, money, start_time, 
    end_time, target_performance, current_performance, together_space_id
  </sql>
  <select id="selectByPrimaryKey" parameterType="java.lang.String" resultMap="BaseResultMap">
    select 
    <include refid="Base_Column_List" />
    from t_togetherspacelock
    where id = #{id,jdbcType=VARCHAR}
  </select>
  <delete id="deleteByPrimaryKey" parameterType="java.lang.String">
    delete from t_togetherspacelock
    where id = #{id,jdbcType=VARCHAR}
  </delete>
  <insert id="insert" parameterType="com.zng.model.TTogetherspacelock">
    insert into t_togetherspacelock (id, login_id, create_time, 
      update_time, state, city_name, 
      city_id, money, start_time, 
      end_time, target_performance, current_performance, 
      together_space_id)
    values (#{id,jdbcType=VARCHAR}, #{loginId,jdbcType=VARCHAR}, #{createTime,jdbcType=VARCHAR}, 
      #{updateTime,jdbcType=VARCHAR}, #{state,jdbcType=VARCHAR}, #{cityName,jdbcType=VARCHAR}, 
      #{cityId,jdbcType=VARCHAR}, #{money,jdbcType=DECIMAL}, #{startTime,jdbcType=VARCHAR}, 
      #{endTime,jdbcType=VARCHAR}, #{targetPerformance,jdbcType=DECIMAL}, #{currentPerformance,jdbcType=DECIMAL}, 
      #{togetherSpaceId,jdbcType=VARCHAR})
  </insert>
  <insert id="insertSelective" parameterType="com.zng.model.TTogetherspacelock">
    insert into t_togetherspacelock
    <trim prefix="(" suffix=")" suffixOverrides=",">
      <if test="id != null">
        id,
      </if>
      <if test="loginId != null">
        login_id,
      </if>
      <if test="createTime != null">
        create_time,
      </if>
      <if test="updateTime != null">
        update_time,
      </if>
      <if test="state != null">
        state,
      </if>
      <if test="cityName != null">
        city_name,
      </if>
      <if test="cityId != null">
        city_id,
      </if>
      <if test="money != null">
        money,
      </if>
      <if test="startTime != null">
        start_time,
      </if>
      <if test="endTime != null">
        end_time,
      </if>
      <if test="targetPerformance != null">
        target_performance,
      </if>
      <if test="currentPerformance != null">
        current_performance,
      </if>
      <if test="togetherSpaceId != null">
        together_space_id,
      </if>
    </trim>
    <trim prefix="values (" suffix=")" suffixOverrides=",">
      <if test="id != null">
        #{id,jdbcType=VARCHAR},
      </if>
      <if test="loginId != null">
        #{loginId,jdbcType=VARCHAR},
      </if>
      <if test="createTime != null">
        #{createTime,jdbcType=VARCHAR},
      </if>
      <if test="updateTime != null">
        #{updateTime,jdbcType=VARCHAR},
      </if>
      <if test="state != null">
        #{state,jdbcType=VARCHAR},
      </if>
      <if test="cityName != null">
        #{cityName,jdbcType=VARCHAR},
      </if>
      <if test="cityId != null">
        #{cityId,jdbcType=VARCHAR},
      </if>
      <if test="money != null">
        #{money,jdbcType=DECIMAL},
      </if>
      <if test="startTime != null">
        #{startTime,jdbcType=VARCHAR},
      </if>
      <if test="endTime != null">
        #{endTime,jdbcType=VARCHAR},
      </if>
      <if test="targetPerformance != null">
        #{targetPerformance,jdbcType=DECIMAL},
      </if>
      <if test="currentPerformance != null">
        #{currentPerformance,jdbcType=DECIMAL},
      </if>
      <if test="togetherSpaceId != null">
        #{togetherSpaceId,jdbcType=VARCHAR},
      </if>
    </trim>
  </insert>
  <update id="updateByPrimaryKeySelective" parameterType="com.zng.model.TTogetherspacelock">
    update t_togetherspacelock
    <set>
      <if test="loginId != null">
        login_id = #{loginId,jdbcType=VARCHAR},
      </if>
      <if test="createTime != null">
        create_time = #{createTime,jdbcType=VARCHAR},
      </if>
      <if test="updateTime != null">
        update_time = #{updateTime,jdbcType=VARCHAR},
      </if>
      <if test="state != null">
        state = #{state,jdbcType=VARCHAR},
      </if>
      <if test="cityName != null">
        city_name = #{cityName,jdbcType=VARCHAR},
      </if>
      <if test="cityId != null">
        city_id = #{cityId,jdbcType=VARCHAR},
      </if>
      <if test="money != null">
        money = #{money,jdbcType=DECIMAL},
      </if>
      <if test="startTime != null">
        start_time = #{startTime,jdbcType=VARCHAR},
      </if>
      <if test="endTime != null">
        end_time = #{endTime,jdbcType=VARCHAR},
      </if>
      <if test="targetPerformance != null">
        target_performance = #{targetPerformance,jdbcType=DECIMAL},
      </if>
      <if test="currentPerformance != null">
        current_performance = #{currentPerformance,jdbcType=DECIMAL},
      </if>
      <if test="togetherSpaceId != null">
        together_space_id = #{togetherSpaceId,jdbcType=VARCHAR},
      </if>
    </set>
    where id = #{id,jdbcType=VARCHAR}
  </update>
  <update id="updateByPrimaryKey" parameterType="com.zng.model.TTogetherspacelock">
    update t_togetherspacelock
    set login_id = #{loginId,jdbcType=VARCHAR},
      create_time = #{createTime,jdbcType=VARCHAR},
      update_time = #{updateTime,jdbcType=VARCHAR},
      state = #{state,jdbcType=VARCHAR},
      city_name = #{cityName,jdbcType=VARCHAR},
      city_id = #{cityId,jdbcType=VARCHAR},
      money = #{money,jdbcType=DECIMAL},
      start_time = #{startTime,jdbcType=VARCHAR},
      end_time = #{endTime,jdbcType=VARCHAR},
      target_performance = #{targetPerformance,jdbcType=DECIMAL},
      current_performance = #{currentPerformance,jdbcType=DECIMAL},
      together_space_id = #{togetherSpaceId,jdbcType=VARCHAR}
    where id = #{id,jdbcType=VARCHAR}
  </update>
</mapper>