<?xml version="1.0" encoding="UTF-8"?>
<!DOCTYPE mapper PUBLIC "-//mybatis.org//DTD Mapper 3.0//EN" "http://mybatis.org/dtd/mybatis-3-mapper.dtd">
<mapper namespace="com.zng.mapper.TTokenMapper">
  <resultMap id="BaseResultMap" type="com.zng.model.TToken">
    <id column="id" jdbcType="VARCHAR" property="id" />
    <result column="content" jdbcType="VARCHAR" property="content" />
    <result column="nick_name" jdbcType="VARCHAR" property="nickName" />
    <result column="number" jdbcType="DECIMAL" property="number" />
    <result column="price" jdbcType="DECIMAL" property="price" />
    <result column="create_user" jdbcType="VARCHAR" property="createUser" />
    <result column="create_time" jdbcType="VARCHAR" property="createTime" />
    <result column="update_user" jdbcType="VARCHAR" property="updateUser" />
    <result column="update_time" jdbcType="VARCHAR" property="updateTime" />
    <result column="total_number" jdbcType="DECIMAL" property="totalNumber" />
    <result column="order_id" jdbcType="VARCHAR" property="orderId" />
    <result column="type" jdbcType="TINYINT" property="type" />
    <result column="item_id" jdbcType="VARCHAR" property="itemId" />
    <result column="every_day_id" jdbcType="VARCHAR" property="everyDayId" />
    <result column="class_order_id" jdbcType="VARCHAR" property="classOrderId" />
  </resultMap>
  <sql id="Base_Column_List">
    id, content, nick_name, number, price, create_user, create_time, update_user, update_time, 
    total_number, order_id, type, item_id, every_day_id, class_order_id
  </sql>
  <select id="selectByPrimaryKey" parameterType="java.lang.String" resultMap="BaseResultMap">
    select 
    <include refid="Base_Column_List" />
    from t_token
    where id = #{id,jdbcType=VARCHAR}
  </select>
  <delete id="deleteByPrimaryKey" parameterType="java.lang.String">
    delete from t_token
    where id = #{id,jdbcType=VARCHAR}
  </delete>
  <insert id="insert" parameterType="com.zng.model.TToken">
    insert into t_token (id, content, nick_name, 
      number, price, create_user, 
      create_time, update_user, update_time, 
      total_number, order_id, type, 
      item_id, every_day_id, class_order_id
      )
    values (#{id,jdbcType=VARCHAR}, #{content,jdbcType=VARCHAR}, #{nickName,jdbcType=VARCHAR}, 
      #{number,jdbcType=DECIMAL}, #{price,jdbcType=DECIMAL}, #{createUser,jdbcType=VARCHAR}, 
      #{createTime,jdbcType=VARCHAR}, #{updateUser,jdbcType=VARCHAR}, #{updateTime,jdbcType=VARCHAR}, 
      #{totalNumber,jdbcType=DECIMAL}, #{orderId,jdbcType=VARCHAR}, #{type,jdbcType=TINYINT}, 
      #{itemId,jdbcType=VARCHAR}, #{everyDayId,jdbcType=VARCHAR}, #{classOrderId,jdbcType=VARCHAR}
      )
  </insert>
  <insert id="insertSelective" parameterType="com.zng.model.TToken">
    insert into t_token
    <trim prefix="(" suffix=")" suffixOverrides=",">
      <if test="id != null">
        id,
      </if>
      <if test="content != null">
        content,
      </if>
      <if test="nickName != null">
        nick_name,
      </if>
      <if test="number != null">
        number,
      </if>
      <if test="price != null">
        price,
      </if>
      <if test="createUser != null">
        create_user,
      </if>
      <if test="createTime != null">
        create_time,
      </if>
      <if test="updateUser != null">
        update_user,
      </if>
      <if test="updateTime != null">
        update_time,
      </if>
      <if test="totalNumber != null">
        total_number,
      </if>
      <if test="orderId != null">
        order_id,
      </if>
      <if test="type != null">
        type,
      </if>
      <if test="itemId != null">
        item_id,
      </if>
      <if test="everyDayId != null">
        every_day_id,
      </if>
      <if test="classOrderId != null">
        class_order_id,
      </if>
    </trim>
    <trim prefix="values (" suffix=")" suffixOverrides=",">
      <if test="id != null">
        #{id,jdbcType=VARCHAR},
      </if>
      <if test="content != null">
        #{content,jdbcType=VARCHAR},
      </if>
      <if test="nickName != null">
        #{nickName,jdbcType=VARCHAR},
      </if>
      <if test="number != null">
        #{number,jdbcType=DECIMAL},
      </if>
      <if test="price != null">
        #{price,jdbcType=DECIMAL},
      </if>
      <if test="createUser != null">
        #{createUser,jdbcType=VARCHAR},
      </if>
      <if test="createTime != null">
        #{createTime,jdbcType=VARCHAR},
      </if>
      <if test="updateUser != null">
        #{updateUser,jdbcType=VARCHAR},
      </if>
      <if test="updateTime != null">
        #{updateTime,jdbcType=VARCHAR},
      </if>
      <if test="totalNumber != null">
        #{totalNumber,jdbcType=DECIMAL},
      </if>
      <if test="orderId != null">
        #{orderId,jdbcType=VARCHAR},
      </if>
      <if test="type != null">
        #{type,jdbcType=TINYINT},
      </if>
      <if test="itemId != null">
        #{itemId,jdbcType=VARCHAR},
      </if>
      <if test="everyDayId != null">
        #{everyDayId,jdbcType=VARCHAR},
      </if>
      <if test="classOrderId != null">
        #{classOrderId,jdbcType=VARCHAR},
      </if>
    </trim>
  </insert>
  <update id="updateByPrimaryKeySelective" parameterType="com.zng.model.TToken">
    update t_token
    <set>
      <if test="content != null">
        content = #{content,jdbcType=VARCHAR},
      </if>
      <if test="nickName != null">
        nick_name = #{nickName,jdbcType=VARCHAR},
      </if>
      <if test="number != null">
        number = #{number,jdbcType=DECIMAL},
      </if>
      <if test="price != null">
        price = #{price,jdbcType=DECIMAL},
      </if>
      <if test="createUser != null">
        create_user = #{createUser,jdbcType=VARCHAR},
      </if>
      <if test="createTime != null">
        create_time = #{createTime,jdbcType=VARCHAR},
      </if>
      <if test="updateUser != null">
        update_user = #{updateUser,jdbcType=VARCHAR},
      </if>
      <if test="updateTime != null">
        update_time = #{updateTime,jdbcType=VARCHAR},
      </if>
      <if test="totalNumber != null">
        total_number = #{totalNumber,jdbcType=DECIMAL},
      </if>
      <if test="orderId != null">
        order_id = #{orderId,jdbcType=VARCHAR},
      </if>
      <if test="type != null">
        type = #{type,jdbcType=TINYINT},
      </if>
      <if test="itemId != null">
        item_id = #{itemId,jdbcType=VARCHAR},
      </if>
      <if test="everyDayId != null">
        every_day_id = #{everyDayId,jdbcType=VARCHAR},
      </if>
      <if test="classOrderId != null">
        class_order_id = #{classOrderId,jdbcType=VARCHAR},
      </if>
    </set>
    where id = #{id,jdbcType=VARCHAR}
  </update>
  <update id="updateByPrimaryKey" parameterType="com.zng.model.TToken">
    update t_token
    set content = #{content,jdbcType=VARCHAR},
      nick_name = #{nickName,jdbcType=VARCHAR},
      number = #{number,jdbcType=DECIMAL},
      price = #{price,jdbcType=DECIMAL},
      create_user = #{createUser,jdbcType=VARCHAR},
      create_time = #{createTime,jdbcType=VARCHAR},
      update_user = #{updateUser,jdbcType=VARCHAR},
      update_time = #{updateTime,jdbcType=VARCHAR},
      total_number = #{totalNumber,jdbcType=DECIMAL},
      order_id = #{orderId,jdbcType=VARCHAR},
      type = #{type,jdbcType=TINYINT},
      item_id = #{itemId,jdbcType=VARCHAR},
      every_day_id = #{everyDayId,jdbcType=VARCHAR},
      class_order_id = #{classOrderId,jdbcType=VARCHAR}
    where id = #{id,jdbcType=VARCHAR}
  </update>
</mapper>