<?xml version="1.0" encoding="UTF-8"?>
<!DOCTYPE mapper PUBLIC "-//mybatis.org//DTD Mapper 3.0//EN" "http://mybatis.org/dtd/mybatis-3-mapper.dtd">
<mapper namespace="com.zng.mapper.TTransferMapper">
  <resultMap id="BaseResultMap" type="com.zng.model.TTransfer">
    <id column="id" jdbcType="VARCHAR" property="id" />
    <result column="login_id" jdbcType="VARCHAR" property="loginId" />
    <result column="user_name" jdbcType="VARCHAR" property="userName" />
    <result column="out_user_id" jdbcType="VARCHAR" property="outUserId" />
    <result column="out_user_name" jdbcType="VARCHAR" property="outUserName" />
    <result column="token" jdbcType="VARCHAR" property="token" />
    <result column="details" jdbcType="VARCHAR" property="details" />
    <result column="state" jdbcType="VARCHAR" property="state" />
    <result column="create_time" jdbcType="VARCHAR" property="createTime" />
    <result column="update_time" jdbcType="VARCHAR" property="updateTime" />
  </resultMap>
  <sql id="Base_Column_List">
    id, login_id, user_name, out_user_id, out_user_name, token, details, state, create_time, 
    update_time
  </sql>
  <select id="selectByPrimaryKey" parameterType="java.lang.String" resultMap="BaseResultMap">
    select 
    <include refid="Base_Column_List" />
    from t_transfer
    where id = #{id,jdbcType=VARCHAR}
  </select>
  <delete id="deleteByPrimaryKey" parameterType="java.lang.String">
    delete from t_transfer
    where id = #{id,jdbcType=VARCHAR}
  </delete>
  <insert id="insert" parameterType="com.zng.model.TTransfer">
    insert into t_transfer (id, login_id, user_name, 
      out_user_id, out_user_name, token, 
      details, state, create_time, 
      update_time)
    values (#{id,jdbcType=VARCHAR}, #{loginId,jdbcType=VARCHAR}, #{userName,jdbcType=VARCHAR}, 
      #{outUserId,jdbcType=VARCHAR}, #{outUserName,jdbcType=VARCHAR}, #{token,jdbcType=VARCHAR}, 
      #{details,jdbcType=VARCHAR}, #{state,jdbcType=VARCHAR}, #{createTime,jdbcType=VARCHAR}, 
      #{updateTime,jdbcType=VARCHAR})
  </insert>
  <insert id="insertSelective" parameterType="com.zng.model.TTransfer">
    insert into t_transfer
    <trim prefix="(" suffix=")" suffixOverrides=",">
      <if test="id != null">
        id,
      </if>
      <if test="loginId != null">
        login_id,
      </if>
      <if test="userName != null">
        user_name,
      </if>
      <if test="outUserId != null">
        out_user_id,
      </if>
      <if test="outUserName != null">
        out_user_name,
      </if>
      <if test="token != null">
        token,
      </if>
      <if test="details != null">
        details,
      </if>
      <if test="state != null">
        state,
      </if>
      <if test="createTime != null">
        create_time,
      </if>
      <if test="updateTime != null">
        update_time,
      </if>
    </trim>
    <trim prefix="values (" suffix=")" suffixOverrides=",">
      <if test="id != null">
        #{id,jdbcType=VARCHAR},
      </if>
      <if test="loginId != null">
        #{loginId,jdbcType=VARCHAR},
      </if>
      <if test="userName != null">
        #{userName,jdbcType=VARCHAR},
      </if>
      <if test="outUserId != null">
        #{outUserId,jdbcType=VARCHAR},
      </if>
      <if test="outUserName != null">
        #{outUserName,jdbcType=VARCHAR},
      </if>
      <if test="token != null">
        #{token,jdbcType=VARCHAR},
      </if>
      <if test="details != null">
        #{details,jdbcType=VARCHAR},
      </if>
      <if test="state != null">
        #{state,jdbcType=VARCHAR},
      </if>
      <if test="createTime != null">
        #{createTime,jdbcType=VARCHAR},
      </if>
      <if test="updateTime != null">
        #{updateTime,jdbcType=VARCHAR},
      </if>
    </trim>
  </insert>
  <update id="updateByPrimaryKeySelective" parameterType="com.zng.model.TTransfer">
    update t_transfer
    <set>
      <if test="loginId != null">
        login_id = #{loginId,jdbcType=VARCHAR},
      </if>
      <if test="userName != null">
        user_name = #{userName,jdbcType=VARCHAR},
      </if>
      <if test="outUserId != null">
        out_user_id = #{outUserId,jdbcType=VARCHAR},
      </if>
      <if test="outUserName != null">
        out_user_name = #{outUserName,jdbcType=VARCHAR},
      </if>
      <if test="token != null">
        token = #{token,jdbcType=VARCHAR},
      </if>
      <if test="details != null">
        details = #{details,jdbcType=VARCHAR},
      </if>
      <if test="state != null">
        state = #{state,jdbcType=VARCHAR},
      </if>
      <if test="createTime != null">
        create_time = #{createTime,jdbcType=VARCHAR},
      </if>
      <if test="updateTime != null">
        update_time = #{updateTime,jdbcType=VARCHAR},
      </if>
    </set>
    where id = #{id,jdbcType=VARCHAR}
  </update>
  <update id="updateByPrimaryKey" parameterType="com.zng.model.TTransfer">
    update t_transfer
    set login_id = #{loginId,jdbcType=VARCHAR},
      user_name = #{userName,jdbcType=VARCHAR},
      out_user_id = #{outUserId,jdbcType=VARCHAR},
      out_user_name = #{outUserName,jdbcType=VARCHAR},
      token = #{token,jdbcType=VARCHAR},
      details = #{details,jdbcType=VARCHAR},
      state = #{state,jdbcType=VARCHAR},
      create_time = #{createTime,jdbcType=VARCHAR},
      update_time = #{updateTime,jdbcType=VARCHAR}
    where id = #{id,jdbcType=VARCHAR}
  </update>
</mapper>