<?xml version="1.0" encoding="UTF-8"?>
<!DOCTYPE mapper PUBLIC "-//mybatis.org//DTD Mapper 3.0//EN" "http://mybatis.org/dtd/mybatis-3-mapper.dtd">
<mapper namespace="com.zng.mapper.TTreasureMapper">
  <resultMap id="BaseResultMap" type="com.zng.model.TTreasure">
    <id column="id" jdbcType="VARCHAR" property="id" />
    <result column="token" jdbcType="VARCHAR" property="token" />
    <result column="reward" jdbcType="VARCHAR" property="reward" />
    <result column="type" jdbcType="VARCHAR" property="type" />
    <result column="total" jdbcType="VARCHAR" property="total" />
    <result column="participate" jdbcType="VARCHAR" property="participate" />
    <result column="state" jdbcType="VARCHAR" property="state" />
    <result column="create_time" jdbcType="VARCHAR" property="createTime" />
    <result column="update_time" jdbcType="VARCHAR" property="updateTime" />
    <result column="start_time" jdbcType="VARCHAR" property="startTime" />
    <result column="end_time" jdbcType="VARCHAR" property="endTime" />
  </resultMap>
  <sql id="Base_Column_List">
    id, token, reward, type, total, participate, state, create_time, update_time, start_time, 
    end_time
  </sql>
  <select id="selectByPrimaryKey" parameterType="java.lang.String" resultMap="BaseResultMap">
    select 
    <include refid="Base_Column_List" />
    from t_treasure
    where id = #{id,jdbcType=VARCHAR}
  </select>
  <delete id="deleteByPrimaryKey" parameterType="java.lang.String">
    delete from t_treasure
    where id = #{id,jdbcType=VARCHAR}
  </delete>
  <insert id="insert" parameterType="com.zng.model.TTreasure">
    insert into t_treasure (id, token, reward, 
      type, total, participate, 
      state, create_time, update_time, 
      start_time, end_time)
    values (#{id,jdbcType=VARCHAR}, #{token,jdbcType=VARCHAR}, #{reward,jdbcType=VARCHAR}, 
      #{type,jdbcType=VARCHAR}, #{total,jdbcType=VARCHAR}, #{participate,jdbcType=VARCHAR}, 
      #{state,jdbcType=VARCHAR}, #{createTime,jdbcType=VARCHAR}, #{updateTime,jdbcType=VARCHAR}, 
      #{startTime,jdbcType=VARCHAR}, #{endTime,jdbcType=VARCHAR})
  </insert>
  <insert id="insertSelective" parameterType="com.zng.model.TTreasure">
    insert into t_treasure
    <trim prefix="(" suffix=")" suffixOverrides=",">
      <if test="id != null">
        id,
      </if>
      <if test="token != null">
        token,
      </if>
      <if test="reward != null">
        reward,
      </if>
      <if test="type != null">
        type,
      </if>
      <if test="total != null">
        total,
      </if>
      <if test="participate != null">
        participate,
      </if>
      <if test="state != null">
        state,
      </if>
      <if test="createTime != null">
        create_time,
      </if>
      <if test="updateTime != null">
        update_time,
      </if>
      <if test="startTime != null">
        start_time,
      </if>
      <if test="endTime != null">
        end_time,
      </if>
    </trim>
    <trim prefix="values (" suffix=")" suffixOverrides=",">
      <if test="id != null">
        #{id,jdbcType=VARCHAR},
      </if>
      <if test="token != null">
        #{token,jdbcType=VARCHAR},
      </if>
      <if test="reward != null">
        #{reward,jdbcType=VARCHAR},
      </if>
      <if test="type != null">
        #{type,jdbcType=VARCHAR},
      </if>
      <if test="total != null">
        #{total,jdbcType=VARCHAR},
      </if>
      <if test="participate != null">
        #{participate,jdbcType=VARCHAR},
      </if>
      <if test="state != null">
        #{state,jdbcType=VARCHAR},
      </if>
      <if test="createTime != null">
        #{createTime,jdbcType=VARCHAR},
      </if>
      <if test="updateTime != null">
        #{updateTime,jdbcType=VARCHAR},
      </if>
      <if test="startTime != null">
        #{startTime,jdbcType=VARCHAR},
      </if>
      <if test="endTime != null">
        #{endTime,jdbcType=VARCHAR},
      </if>
    </trim>
  </insert>
  <update id="updateByPrimaryKeySelective" parameterType="com.zng.model.TTreasure">
    update t_treasure
    <set>
      <if test="token != null">
        token = #{token,jdbcType=VARCHAR},
      </if>
      <if test="reward != null">
        reward = #{reward,jdbcType=VARCHAR},
      </if>
      <if test="type != null">
        type = #{type,jdbcType=VARCHAR},
      </if>
      <if test="total != null">
        total = #{total,jdbcType=VARCHAR},
      </if>
      <if test="participate != null">
        participate = #{participate,jdbcType=VARCHAR},
      </if>
      <if test="state != null">
        state = #{state,jdbcType=VARCHAR},
      </if>
      <if test="createTime != null">
        create_time = #{createTime,jdbcType=VARCHAR},
      </if>
      <if test="updateTime != null">
        update_time = #{updateTime,jdbcType=VARCHAR},
      </if>
      <if test="startTime != null">
        start_time = #{startTime,jdbcType=VARCHAR},
      </if>
      <if test="endTime != null">
        end_time = #{endTime,jdbcType=VARCHAR},
      </if>
    </set>
    where id = #{id,jdbcType=VARCHAR}
  </update>
  <update id="updateByPrimaryKey" parameterType="com.zng.model.TTreasure">
    update t_treasure
    set token = #{token,jdbcType=VARCHAR},
      reward = #{reward,jdbcType=VARCHAR},
      type = #{type,jdbcType=VARCHAR},
      total = #{total,jdbcType=VARCHAR},
      participate = #{participate,jdbcType=VARCHAR},
      state = #{state,jdbcType=VARCHAR},
      create_time = #{createTime,jdbcType=VARCHAR},
      update_time = #{updateTime,jdbcType=VARCHAR},
      start_time = #{startTime,jdbcType=VARCHAR},
      end_time = #{endTime,jdbcType=VARCHAR}
    where id = #{id,jdbcType=VARCHAR}
  </update>
</mapper>