<?xml version="1.0" encoding="UTF-8"?>
<!DOCTYPE mapper PUBLIC "-//mybatis.org//DTD Mapper 3.0//EN" "http://mybatis.org/dtd/mybatis-3-mapper.dtd">
<mapper namespace="com.zng.mapper.TTutorrecordMapper">
  <resultMap id="BaseResultMap" type="com.zng.model.TTutorrecord">
    <id column="id" jdbcType="VARCHAR" property="id" />
    <result column="login_id" jdbcType="VARCHAR" property="loginId" />
    <result column="tutor_failed_num" jdbcType="INTEGER" property="tutorFailedNum" />
    <result column="tutor_success_num" jdbcType="INTEGER" property="tutorSuccessNum" />
    <result column="is_downgrade" jdbcType="VARCHAR" property="isDowngrade" />
    <result column="cancel_date" jdbcType="VARCHAR" property="cancelDate" />
  </resultMap>
  <sql id="Base_Column_List">
    id, login_id, tutor_failed_num, tutor_success_num, is_downgrade, cancel_date
  </sql>
  <select id="selectByPrimaryKey" parameterType="java.lang.String" resultMap="BaseResultMap">
    select 
    <include refid="Base_Column_List" />
    from t_tutorrecord
    where id = #{id,jdbcType=VARCHAR}
  </select>
  <delete id="deleteByPrimaryKey" parameterType="java.lang.String">
    delete from t_tutorrecord
    where id = #{id,jdbcType=VARCHAR}
  </delete>
  <insert id="insert" parameterType="com.zng.model.TTutorrecord">
    insert into t_tutorrecord (id, login_id, tutor_failed_num, 
      tutor_success_num, is_downgrade, cancel_date
      )
    values (#{id,jdbcType=VARCHAR}, #{loginId,jdbcType=VARCHAR}, #{tutorFailedNum,jdbcType=INTEGER}, 
      #{tutorSuccessNum,jdbcType=INTEGER}, #{isDowngrade,jdbcType=VARCHAR}, #{cancelDate,jdbcType=VARCHAR}
      )
  </insert>
  <insert id="insertSelective" parameterType="com.zng.model.TTutorrecord">
    insert into t_tutorrecord
    <trim prefix="(" suffix=")" suffixOverrides=",">
      <if test="id != null">
        id,
      </if>
      <if test="loginId != null">
        login_id,
      </if>
      <if test="tutorFailedNum != null">
        tutor_failed_num,
      </if>
      <if test="tutorSuccessNum != null">
        tutor_success_num,
      </if>
      <if test="isDowngrade != null">
        is_downgrade,
      </if>
      <if test="cancelDate != null">
        cancel_date,
      </if>
    </trim>
    <trim prefix="values (" suffix=")" suffixOverrides=",">
      <if test="id != null">
        #{id,jdbcType=VARCHAR},
      </if>
      <if test="loginId != null">
        #{loginId,jdbcType=VARCHAR},
      </if>
      <if test="tutorFailedNum != null">
        #{tutorFailedNum,jdbcType=INTEGER},
      </if>
      <if test="tutorSuccessNum != null">
        #{tutorSuccessNum,jdbcType=INTEGER},
      </if>
      <if test="isDowngrade != null">
        #{isDowngrade,jdbcType=VARCHAR},
      </if>
      <if test="cancelDate != null">
        #{cancelDate,jdbcType=VARCHAR},
      </if>
    </trim>
  </insert>
  <update id="updateByPrimaryKeySelective" parameterType="com.zng.model.TTutorrecord">
    update t_tutorrecord
    <set>
      <if test="loginId != null">
        login_id = #{loginId,jdbcType=VARCHAR},
      </if>
      <if test="tutorFailedNum != null">
        tutor_failed_num = #{tutorFailedNum,jdbcType=INTEGER},
      </if>
      <if test="tutorSuccessNum != null">
        tutor_success_num = #{tutorSuccessNum,jdbcType=INTEGER},
      </if>
      <if test="isDowngrade != null">
        is_downgrade = #{isDowngrade,jdbcType=VARCHAR},
      </if>
      <if test="cancelDate != null">
        cancel_date = #{cancelDate,jdbcType=VARCHAR},
      </if>
    </set>
    where id = #{id,jdbcType=VARCHAR}
  </update>
  <update id="updateByPrimaryKey" parameterType="com.zng.model.TTutorrecord">
    update t_tutorrecord
    set login_id = #{loginId,jdbcType=VARCHAR},
      tutor_failed_num = #{tutorFailedNum,jdbcType=INTEGER},
      tutor_success_num = #{tutorSuccessNum,jdbcType=INTEGER},
      is_downgrade = #{isDowngrade,jdbcType=VARCHAR},
      cancel_date = #{cancelDate,jdbcType=VARCHAR}
    where id = #{id,jdbcType=VARCHAR}
  </update>
</mapper>