<?xml version="1.0" encoding="UTF-8"?>
<!DOCTYPE mapper PUBLIC "-//mybatis.org//DTD Mapper 3.0//EN" "http://mybatis.org/dtd/mybatis-3-mapper.dtd">
<mapper namespace="com.zng.mapper.TUserMapper">
  <resultMap id="BaseResultMap" type="com.zng.model.TUser">
    <id column="id" jdbcType="VARCHAR" property="id" />
    <result column="phone" jdbcType="VARCHAR" property="phone" />
    <result column="we_chat_name" jdbcType="VARCHAR" property="weChatName" />
    <result column="id_number" jdbcType="VARCHAR" property="idNumber" />
    <result column="evaluate" jdbcType="VARCHAR" property="evaluate" />
    <result column="parents_id" jdbcType="VARCHAR" property="parentsId" />
    <result column="good_at" jdbcType="VARCHAR" property="goodAt" />
    <result column="credit" jdbcType="VARCHAR" property="credit" />
    <result column="token" jdbcType="DOUBLE" property="token" />
    <result column="password" jdbcType="VARCHAR" property="password" />
    <result column="we_chat_id" jdbcType="VARCHAR" property="weChatId" />
    <result column="permission" jdbcType="VARCHAR" property="permission" />
    <result column="state" jdbcType="VARCHAR" property="state" />
    <result column="update_time" jdbcType="VARCHAR" property="updateTime" />
    <result column="create_time" jdbcType="VARCHAR" property="createTime" />
    <result column="user_time" jdbcType="BIGINT" property="userTime" />
    <result column="parents_name" jdbcType="VARCHAR" property="parentsName" />
  </resultMap>
  <sql id="Base_Column_List">
    id, phone, we_chat_name, id_number, evaluate, parents_id, good_at, credit, token, 
    password, we_chat_id, permission, state, update_time, create_time, user_time, parents_name
  </sql>
  <select id="selectByPrimaryKey" parameterType="java.lang.String" resultMap="BaseResultMap">
    select 
    <include refid="Base_Column_List" />
    from t_user
    where id = #{id,jdbcType=VARCHAR}
  </select>
  <delete id="deleteByPrimaryKey" parameterType="java.lang.String">
    delete from t_user
    where id = #{id,jdbcType=VARCHAR}
  </delete>
  <insert id="insert" parameterType="com.zng.model.TUser">
    insert into t_user (id, phone, we_chat_name, 
      id_number, evaluate, parents_id, 
      good_at, credit, token, 
      password, we_chat_id, permission, 
      state, update_time, create_time, 
      user_time, parents_name)
    values (#{id,jdbcType=VARCHAR}, #{phone,jdbcType=VARCHAR}, #{weChatName,jdbcType=VARCHAR}, 
      #{idNumber,jdbcType=VARCHAR}, #{evaluate,jdbcType=VARCHAR}, #{parentsId,jdbcType=VARCHAR}, 
      #{goodAt,jdbcType=VARCHAR}, #{credit,jdbcType=VARCHAR}, #{token,jdbcType=DOUBLE}, 
      #{password,jdbcType=VARCHAR}, #{weChatId,jdbcType=VARCHAR}, #{permission,jdbcType=VARCHAR}, 
      #{state,jdbcType=VARCHAR}, #{updateTime,jdbcType=VARCHAR}, #{createTime,jdbcType=VARCHAR}, 
      #{userTime,jdbcType=BIGINT}, #{parentsName,jdbcType=VARCHAR})
  </insert>
  <insert id="insertSelective" parameterType="com.zng.model.TUser">
    insert into t_user
    <trim prefix="(" suffix=")" suffixOverrides=",">
      <if test="id != null">
        id,
      </if>
      <if test="phone != null">
        phone,
      </if>
      <if test="weChatName != null">
        we_chat_name,
      </if>
      <if test="idNumber != null">
        id_number,
      </if>
      <if test="evaluate != null">
        evaluate,
      </if>
      <if test="parentsId != null">
        parents_id,
      </if>
      <if test="goodAt != null">
        good_at,
      </if>
      <if test="credit != null">
        credit,
      </if>
      <if test="token != null">
        token,
      </if>
      <if test="password != null">
        password,
      </if>
      <if test="weChatId != null">
        we_chat_id,
      </if>
      <if test="permission != null">
        permission,
      </if>
      <if test="state != null">
        state,
      </if>
      <if test="updateTime != null">
        update_time,
      </if>
      <if test="createTime != null">
        create_time,
      </if>
      <if test="userTime != null">
        user_time,
      </if>
      <if test="parentsName != null">
        parents_name,
      </if>
    </trim>
    <trim prefix="values (" suffix=")" suffixOverrides=",">
      <if test="id != null">
        #{id,jdbcType=VARCHAR},
      </if>
      <if test="phone != null">
        #{phone,jdbcType=VARCHAR},
      </if>
      <if test="weChatName != null">
        #{weChatName,jdbcType=VARCHAR},
      </if>
      <if test="idNumber != null">
        #{idNumber,jdbcType=VARCHAR},
      </if>
      <if test="evaluate != null">
        #{evaluate,jdbcType=VARCHAR},
      </if>
      <if test="parentsId != null">
        #{parentsId,jdbcType=VARCHAR},
      </if>
      <if test="goodAt != null">
        #{goodAt,jdbcType=VARCHAR},
      </if>
      <if test="credit != null">
        #{credit,jdbcType=VARCHAR},
      </if>
      <if test="token != null">
        #{token,jdbcType=DOUBLE},
      </if>
      <if test="password != null">
        #{password,jdbcType=VARCHAR},
      </if>
      <if test="weChatId != null">
        #{weChatId,jdbcType=VARCHAR},
      </if>
      <if test="permission != null">
        #{permission,jdbcType=VARCHAR},
      </if>
      <if test="state != null">
        #{state,jdbcType=VARCHAR},
      </if>
      <if test="updateTime != null">
        #{updateTime,jdbcType=VARCHAR},
      </if>
      <if test="createTime != null">
        #{createTime,jdbcType=VARCHAR},
      </if>
      <if test="userTime != null">
        #{userTime,jdbcType=BIGINT},
      </if>
      <if test="parentsName != null">
        #{parentsName,jdbcType=VARCHAR},
      </if>
    </trim>
  </insert>
  <update id="updateByPrimaryKeySelective" parameterType="com.zng.model.TUser">
    update t_user
    <set>
      <if test="phone != null">
        phone = #{phone,jdbcType=VARCHAR},
      </if>
      <if test="weChatName != null">
        we_chat_name = #{weChatName,jdbcType=VARCHAR},
      </if>
      <if test="idNumber != null">
        id_number = #{idNumber,jdbcType=VARCHAR},
      </if>
      <if test="evaluate != null">
        evaluate = #{evaluate,jdbcType=VARCHAR},
      </if>
      <if test="parentsId != null">
        parents_id = #{parentsId,jdbcType=VARCHAR},
      </if>
      <if test="goodAt != null">
        good_at = #{goodAt,jdbcType=VARCHAR},
      </if>
      <if test="credit != null">
        credit = #{credit,jdbcType=VARCHAR},
      </if>
      <if test="token != null">
        token = #{token,jdbcType=DOUBLE},
      </if>
      <if test="password != null">
        password = #{password,jdbcType=VARCHAR},
      </if>
      <if test="weChatId != null">
        we_chat_id = #{weChatId,jdbcType=VARCHAR},
      </if>
      <if test="permission != null">
        permission = #{permission,jdbcType=VARCHAR},
      </if>
      <if test="state != null">
        state = #{state,jdbcType=VARCHAR},
      </if>
      <if test="updateTime != null">
        update_time = #{updateTime,jdbcType=VARCHAR},
      </if>
      <if test="createTime != null">
        create_time = #{createTime,jdbcType=VARCHAR},
      </if>
      <if test="userTime != null">
        user_time = #{userTime,jdbcType=BIGINT},
      </if>
      <if test="parentsName != null">
        parents_name = #{parentsName,jdbcType=VARCHAR},
      </if>
    </set>
    where id = #{id,jdbcType=VARCHAR}
  </update>
  <update id="updateByPrimaryKey" parameterType="com.zng.model.TUser">
    update t_user
    set phone = #{phone,jdbcType=VARCHAR},
      we_chat_name = #{weChatName,jdbcType=VARCHAR},
      id_number = #{idNumber,jdbcType=VARCHAR},
      evaluate = #{evaluate,jdbcType=VARCHAR},
      parents_id = #{parentsId,jdbcType=VARCHAR},
      good_at = #{goodAt,jdbcType=VARCHAR},
      credit = #{credit,jdbcType=VARCHAR},
      token = #{token,jdbcType=DOUBLE},
      password = #{password,jdbcType=VARCHAR},
      we_chat_id = #{weChatId,jdbcType=VARCHAR},
      permission = #{permission,jdbcType=VARCHAR},
      state = #{state,jdbcType=VARCHAR},
      update_time = #{updateTime,jdbcType=VARCHAR},
      create_time = #{createTime,jdbcType=VARCHAR},
      user_time = #{userTime,jdbcType=BIGINT},
      parents_name = #{parentsName,jdbcType=VARCHAR}
    where id = #{id,jdbcType=VARCHAR}
  </update>
</mapper>