<?xml version="1.0" encoding="UTF-8"?>
<!DOCTYPE mapper PUBLIC "-//mybatis.org//DTD Mapper 3.0//EN" "http://mybatis.org/dtd/mybatis-3-mapper.dtd">
<mapper namespace="com.zng.mapper.TWechatMapper">
  <resultMap id="BaseResultMap" type="com.zng.model.TWechat">
    <id column="id" jdbcType="VARCHAR" property="id" />
    <result column="login_id" jdbcType="VARCHAR" property="loginId" />
    <result column="wechat_id" jdbcType="VARCHAR" property="wechatId" />
    <result column="state" jdbcType="VARCHAR" property="state" />
    <result column="create_time" jdbcType="VARCHAR" property="createTime" />
    <result column="update_time" jdbcType="VARCHAR" property="updateTime" />
    <result column="phone" jdbcType="VARCHAR" property="phone" />
    <result column="union_id" jdbcType="VARCHAR" property="unionId" />
    <result column="code" jdbcType="VARCHAR" property="code" />
    <result column="img_url" jdbcType="VARCHAR" property="imgUrl" />
    <result column="wechat_openid" jdbcType="VARCHAR" property="wechatOpenid" />
  </resultMap>
  <sql id="Base_Column_List">
    id, login_id, wechat_id, state, create_time, update_time, phone, union_id, code, 
    img_url, wechat_openid
  </sql>
  <select id="selectByPrimaryKey" parameterType="java.lang.String" resultMap="BaseResultMap">
    select 
    <include refid="Base_Column_List" />
    from t_wechat
    where id = #{id,jdbcType=VARCHAR}
  </select>
  <delete id="deleteByPrimaryKey" parameterType="java.lang.String">
    delete from t_wechat
    where id = #{id,jdbcType=VARCHAR}
  </delete>
  <insert id="insert" parameterType="com.zng.model.TWechat">
    insert into t_wechat (id, login_id, wechat_id, 
      state, create_time, update_time, 
      phone, union_id, code, 
      img_url, wechat_openid)
    values (#{id,jdbcType=VARCHAR}, #{loginId,jdbcType=VARCHAR}, #{wechatId,jdbcType=VARCHAR}, 
      #{state,jdbcType=VARCHAR}, #{createTime,jdbcType=VARCHAR}, #{updateTime,jdbcType=VARCHAR}, 
      #{phone,jdbcType=VARCHAR}, #{unionId,jdbcType=VARCHAR}, #{code,jdbcType=VARCHAR}, 
      #{imgUrl,jdbcType=VARCHAR}, #{wechatOpenid,jdbcType=VARCHAR})
  </insert>
  <insert id="insertSelective" parameterType="com.zng.model.TWechat">
    insert into t_wechat
    <trim prefix="(" suffix=")" suffixOverrides=",">
      <if test="id != null">
        id,
      </if>
      <if test="loginId != null">
        login_id,
      </if>
      <if test="wechatId != null">
        wechat_id,
      </if>
      <if test="state != null">
        state,
      </if>
      <if test="createTime != null">
        create_time,
      </if>
      <if test="updateTime != null">
        update_time,
      </if>
      <if test="phone != null">
        phone,
      </if>
      <if test="unionId != null">
        union_id,
      </if>
      <if test="code != null">
        code,
      </if>
      <if test="imgUrl != null">
        img_url,
      </if>
      <if test="wechatOpenid != null">
        wechat_openid,
      </if>
    </trim>
    <trim prefix="values (" suffix=")" suffixOverrides=",">
      <if test="id != null">
        #{id,jdbcType=VARCHAR},
      </if>
      <if test="loginId != null">
        #{loginId,jdbcType=VARCHAR},
      </if>
      <if test="wechatId != null">
        #{wechatId,jdbcType=VARCHAR},
      </if>
      <if test="state != null">
        #{state,jdbcType=VARCHAR},
      </if>
      <if test="createTime != null">
        #{createTime,jdbcType=VARCHAR},
      </if>
      <if test="updateTime != null">
        #{updateTime,jdbcType=VARCHAR},
      </if>
      <if test="phone != null">
        #{phone,jdbcType=VARCHAR},
      </if>
      <if test="unionId != null">
        #{unionId,jdbcType=VARCHAR},
      </if>
      <if test="code != null">
        #{code,jdbcType=VARCHAR},
      </if>
      <if test="imgUrl != null">
        #{imgUrl,jdbcType=VARCHAR},
      </if>
      <if test="wechatOpenid != null">
        #{wechatOpenid,jdbcType=VARCHAR},
      </if>
    </trim>
  </insert>
  <update id="updateByPrimaryKeySelective" parameterType="com.zng.model.TWechat">
    update t_wechat
    <set>
      <if test="loginId != null">
        login_id = #{loginId,jdbcType=VARCHAR},
      </if>
      <if test="wechatId != null">
        wechat_id = #{wechatId,jdbcType=VARCHAR},
      </if>
      <if test="state != null">
        state = #{state,jdbcType=VARCHAR},
      </if>
      <if test="createTime != null">
        create_time = #{createTime,jdbcType=VARCHAR},
      </if>
      <if test="updateTime != null">
        update_time = #{updateTime,jdbcType=VARCHAR},
      </if>
      <if test="phone != null">
        phone = #{phone,jdbcType=VARCHAR},
      </if>
      <if test="unionId != null">
        union_id = #{unionId,jdbcType=VARCHAR},
      </if>
      <if test="code != null">
        code = #{code,jdbcType=VARCHAR},
      </if>
      <if test="imgUrl != null">
        img_url = #{imgUrl,jdbcType=VARCHAR},
      </if>
      <if test="wechatOpenid != null">
        wechat_openid = #{wechatOpenid,jdbcType=VARCHAR},
      </if>
    </set>
    where id = #{id,jdbcType=VARCHAR}
  </update>
  <update id="updateByPrimaryKey" parameterType="com.zng.model.TWechat">
    update t_wechat
    set login_id = #{loginId,jdbcType=VARCHAR},
      wechat_id = #{wechatId,jdbcType=VARCHAR},
      state = #{state,jdbcType=VARCHAR},
      create_time = #{createTime,jdbcType=VARCHAR},
      update_time = #{updateTime,jdbcType=VARCHAR},
      phone = #{phone,jdbcType=VARCHAR},
      union_id = #{unionId,jdbcType=VARCHAR},
      code = #{code,jdbcType=VARCHAR},
      img_url = #{imgUrl,jdbcType=VARCHAR},
      wechat_openid = #{wechatOpenid,jdbcType=VARCHAR}
    where id = #{id,jdbcType=VARCHAR}
  </update>
</mapper>