<?xml version="1.0" encoding="UTF-8"?>
<!DOCTYPE mapper PUBLIC "-//mybatis.org//DTD Mapper 3.0//EN" "http://mybatis.org/dtd/mybatis-3-mapper.dtd">
<mapper namespace="com.zng.mapper.TWelfareMapper">
  <resultMap id="BaseResultMap" type="com.zng.model.TWelfare">
    <id column="id" jdbcType="VARCHAR" property="id" />
    <result column="title" jdbcType="VARCHAR" property="title" />
    <result column="content" jdbcType="VARCHAR" property="content" />
    <result column="state" jdbcType="VARCHAR" property="state" />
    <result column="create_time" jdbcType="VARCHAR" property="createTime" />
    <result column="update_time" jdbcType="VARCHAR" property="updateTime" />
    <result column="login_id" jdbcType="VARCHAR" property="loginId" />
    <result column="image_url" jdbcType="VARCHAR" property="imageUrl" />
    <result column="details_image" jdbcType="VARCHAR" property="detailsImage" />
    <result column="target" jdbcType="VARCHAR" property="target" />
    <result column="completed" jdbcType="VARCHAR" property="completed" />
  </resultMap>
  <sql id="Base_Column_List">
    id, title, content, state, create_time, update_time, login_id, image_url, details_image, 
    target, completed
  </sql>
  <select id="selectByPrimaryKey" parameterType="java.lang.String" resultMap="BaseResultMap">
    select 
    <include refid="Base_Column_List" />
    from t_welfare
    where id = #{id,jdbcType=VARCHAR}
  </select>
  <delete id="deleteByPrimaryKey" parameterType="java.lang.String">
    delete from t_welfare
    where id = #{id,jdbcType=VARCHAR}
  </delete>
  <insert id="insert" parameterType="com.zng.model.TWelfare">
    insert into t_welfare (id, title, content, 
      state, create_time, update_time, 
      login_id, image_url, details_image, 
      target, completed)
    values (#{id,jdbcType=VARCHAR}, #{title,jdbcType=VARCHAR}, #{content,jdbcType=VARCHAR}, 
      #{state,jdbcType=VARCHAR}, #{createTime,jdbcType=VARCHAR}, #{updateTime,jdbcType=VARCHAR}, 
      #{loginId,jdbcType=VARCHAR}, #{imageUrl,jdbcType=VARCHAR}, #{detailsImage,jdbcType=VARCHAR}, 
      #{target,jdbcType=VARCHAR}, #{completed,jdbcType=VARCHAR})
  </insert>
  <insert id="insertSelective" parameterType="com.zng.model.TWelfare">
    insert into t_welfare
    <trim prefix="(" suffix=")" suffixOverrides=",">
      <if test="id != null">
        id,
      </if>
      <if test="title != null">
        title,
      </if>
      <if test="content != null">
        content,
      </if>
      <if test="state != null">
        state,
      </if>
      <if test="createTime != null">
        create_time,
      </if>
      <if test="updateTime != null">
        update_time,
      </if>
      <if test="loginId != null">
        login_id,
      </if>
      <if test="imageUrl != null">
        image_url,
      </if>
      <if test="detailsImage != null">
        details_image,
      </if>
      <if test="target != null">
        target,
      </if>
      <if test="completed != null">
        completed,
      </if>
    </trim>
    <trim prefix="values (" suffix=")" suffixOverrides=",">
      <if test="id != null">
        #{id,jdbcType=VARCHAR},
      </if>
      <if test="title != null">
        #{title,jdbcType=VARCHAR},
      </if>
      <if test="content != null">
        #{content,jdbcType=VARCHAR},
      </if>
      <if test="state != null">
        #{state,jdbcType=VARCHAR},
      </if>
      <if test="createTime != null">
        #{createTime,jdbcType=VARCHAR},
      </if>
      <if test="updateTime != null">
        #{updateTime,jdbcType=VARCHAR},
      </if>
      <if test="loginId != null">
        #{loginId,jdbcType=VARCHAR},
      </if>
      <if test="imageUrl != null">
        #{imageUrl,jdbcType=VARCHAR},
      </if>
      <if test="detailsImage != null">
        #{detailsImage,jdbcType=VARCHAR},
      </if>
      <if test="target != null">
        #{target,jdbcType=VARCHAR},
      </if>
      <if test="completed != null">
        #{completed,jdbcType=VARCHAR},
      </if>
    </trim>
  </insert>
  <update id="updateByPrimaryKeySelective" parameterType="com.zng.model.TWelfare">
    update t_welfare
    <set>
      <if test="title != null">
        title = #{title,jdbcType=VARCHAR},
      </if>
      <if test="content != null">
        content = #{content,jdbcType=VARCHAR},
      </if>
      <if test="state != null">
        state = #{state,jdbcType=VARCHAR},
      </if>
      <if test="createTime != null">
        create_time = #{createTime,jdbcType=VARCHAR},
      </if>
      <if test="updateTime != null">
        update_time = #{updateTime,jdbcType=VARCHAR},
      </if>
      <if test="loginId != null">
        login_id = #{loginId,jdbcType=VARCHAR},
      </if>
      <if test="imageUrl != null">
        image_url = #{imageUrl,jdbcType=VARCHAR},
      </if>
      <if test="detailsImage != null">
        details_image = #{detailsImage,jdbcType=VARCHAR},
      </if>
      <if test="target != null">
        target = #{target,jdbcType=VARCHAR},
      </if>
      <if test="completed != null">
        completed = #{completed,jdbcType=VARCHAR},
      </if>
    </set>
    where id = #{id,jdbcType=VARCHAR}
  </update>
  <update id="updateByPrimaryKey" parameterType="com.zng.model.TWelfare">
    update t_welfare
    set title = #{title,jdbcType=VARCHAR},
      content = #{content,jdbcType=VARCHAR},
      state = #{state,jdbcType=VARCHAR},
      create_time = #{createTime,jdbcType=VARCHAR},
      update_time = #{updateTime,jdbcType=VARCHAR},
      login_id = #{loginId,jdbcType=VARCHAR},
      image_url = #{imageUrl,jdbcType=VARCHAR},
      details_image = #{detailsImage,jdbcType=VARCHAR},
      target = #{target,jdbcType=VARCHAR},
      completed = #{completed,jdbcType=VARCHAR}
    where id = #{id,jdbcType=VARCHAR}
  </update>
</mapper>