<?xml version="1.0" encoding="UTF-8"?>
<!DOCTYPE mapper PUBLIC "-//mybatis.org//DTD Mapper 3.0//EN" "http://mybatis.org/dtd/mybatis-3-mapper.dtd">
<mapper namespace="com.zng.mapper.TWelfarericecardMapper">
  <resultMap id="BaseResultMap" type="com.zng.model.TWelfarericecard">
    <id column="id" jdbcType="VARCHAR" property="id" />
    <result column="content" jdbcType="VARCHAR" property="content" />
    <result column="number" jdbcType="DECIMAL" property="number" />
    <result column="welfare_id" jdbcType="VARCHAR" property="welfareId" />
    <result column="order_id" jdbcType="VARCHAR" property="orderId" />
    <result column="create_user" jdbcType="VARCHAR" property="createUser" />
    <result column="create_time" jdbcType="TIMESTAMP" property="createTime" />
    <result column="update_time" jdbcType="TIMESTAMP" property="updateTime" />
    <result column="state" jdbcType="VARCHAR" property="state" />
    <result column="business_id" jdbcType="VARCHAR" property="businessId" />
    <result column="business_name" jdbcType="VARCHAR" property="businessName" />
  </resultMap>
  <sql id="Base_Column_List">
    id, content, number, welfare_id, order_id, create_user, create_time, update_time, 
    state, business_id, business_name
  </sql>
  <select id="selectByPrimaryKey" parameterType="java.lang.String" resultMap="BaseResultMap">
    select 
    <include refid="Base_Column_List" />
    from t_welfarericecard
    where id = #{id,jdbcType=VARCHAR}
  </select>
  <delete id="deleteByPrimaryKey" parameterType="java.lang.String">
    delete from t_welfarericecard
    where id = #{id,jdbcType=VARCHAR}
  </delete>
  <insert id="insert" parameterType="com.zng.model.TWelfarericecard">
    insert into t_welfarericecard (id, content, number, 
      welfare_id, order_id, create_user, 
      create_time, update_time, state, 
      business_id, business_name)
    values (#{id,jdbcType=VARCHAR}, #{content,jdbcType=VARCHAR}, #{number,jdbcType=DECIMAL}, 
      #{welfareId,jdbcType=VARCHAR}, #{orderId,jdbcType=VARCHAR}, #{createUser,jdbcType=VARCHAR}, 
      #{createTime,jdbcType=TIMESTAMP}, #{updateTime,jdbcType=TIMESTAMP}, #{state,jdbcType=VARCHAR}, 
      #{businessId,jdbcType=VARCHAR}, #{businessName,jdbcType=VARCHAR})
  </insert>
  <insert id="insertSelective" parameterType="com.zng.model.TWelfarericecard">
    insert into t_welfarericecard
    <trim prefix="(" suffix=")" suffixOverrides=",">
      <if test="id != null">
        id,
      </if>
      <if test="content != null">
        content,
      </if>
      <if test="number != null">
        number,
      </if>
      <if test="welfareId != null">
        welfare_id,
      </if>
      <if test="orderId != null">
        order_id,
      </if>
      <if test="createUser != null">
        create_user,
      </if>
      <if test="createTime != null">
        create_time,
      </if>
      <if test="updateTime != null">
        update_time,
      </if>
      <if test="state != null">
        state,
      </if>
      <if test="businessId != null">
        business_id,
      </if>
      <if test="businessName != null">
        business_name,
      </if>
    </trim>
    <trim prefix="values (" suffix=")" suffixOverrides=",">
      <if test="id != null">
        #{id,jdbcType=VARCHAR},
      </if>
      <if test="content != null">
        #{content,jdbcType=VARCHAR},
      </if>
      <if test="number != null">
        #{number,jdbcType=DECIMAL},
      </if>
      <if test="welfareId != null">
        #{welfareId,jdbcType=VARCHAR},
      </if>
      <if test="orderId != null">
        #{orderId,jdbcType=VARCHAR},
      </if>
      <if test="createUser != null">
        #{createUser,jdbcType=VARCHAR},
      </if>
      <if test="createTime != null">
        #{createTime,jdbcType=TIMESTAMP},
      </if>
      <if test="updateTime != null">
        #{updateTime,jdbcType=TIMESTAMP},
      </if>
      <if test="state != null">
        #{state,jdbcType=VARCHAR},
      </if>
      <if test="businessId != null">
        #{businessId,jdbcType=VARCHAR},
      </if>
      <if test="businessName != null">
        #{businessName,jdbcType=VARCHAR},
      </if>
    </trim>
  </insert>
  <update id="updateByPrimaryKeySelective" parameterType="com.zng.model.TWelfarericecard">
    update t_welfarericecard
    <set>
      <if test="content != null">
        content = #{content,jdbcType=VARCHAR},
      </if>
      <if test="number != null">
        number = #{number,jdbcType=DECIMAL},
      </if>
      <if test="welfareId != null">
        welfare_id = #{welfareId,jdbcType=VARCHAR},
      </if>
      <if test="orderId != null">
        order_id = #{orderId,jdbcType=VARCHAR},
      </if>
      <if test="createUser != null">
        create_user = #{createUser,jdbcType=VARCHAR},
      </if>
      <if test="createTime != null">
        create_time = #{createTime,jdbcType=TIMESTAMP},
      </if>
      <if test="updateTime != null">
        update_time = #{updateTime,jdbcType=TIMESTAMP},
      </if>
      <if test="state != null">
        state = #{state,jdbcType=VARCHAR},
      </if>
      <if test="businessId != null">
        business_id = #{businessId,jdbcType=VARCHAR},
      </if>
      <if test="businessName != null">
        business_name = #{businessName,jdbcType=VARCHAR},
      </if>
    </set>
    where id = #{id,jdbcType=VARCHAR}
  </update>
  <update id="updateByPrimaryKey" parameterType="com.zng.model.TWelfarericecard">
    update t_welfarericecard
    set content = #{content,jdbcType=VARCHAR},
      number = #{number,jdbcType=DECIMAL},
      welfare_id = #{welfareId,jdbcType=VARCHAR},
      order_id = #{orderId,jdbcType=VARCHAR},
      create_user = #{createUser,jdbcType=VARCHAR},
      create_time = #{createTime,jdbcType=TIMESTAMP},
      update_time = #{updateTime,jdbcType=TIMESTAMP},
      state = #{state,jdbcType=VARCHAR},
      business_id = #{businessId,jdbcType=VARCHAR},
      business_name = #{businessName,jdbcType=VARCHAR}
    where id = #{id,jdbcType=VARCHAR}
  </update>
</mapper>