<?xml version="1.0" encoding="UTF-8"?>
<!DOCTYPE mapper PUBLIC "-//mybatis.org//DTD Mapper 3.0//EN" "http://mybatis.org/dtd/mybatis-3-mapper.dtd">
<mapper namespace="com.zng.mapper.TWelfarecommodityMapper">
  <resultMap id="BaseResultMap" type="com.zng.model.TWelfarecommodity">
    <id column="id" jdbcType="VARCHAR" property="id" />
    <result column="name" jdbcType="VARCHAR" property="name" />
    <result column="details" jdbcType="VARCHAR" property="details" />
    <result column="img_url" jdbcType="VARCHAR" property="imgUrl" />
    <result column="state" jdbcType="VARCHAR" property="state" />
    <result column="create_time" jdbcType="VARCHAR" property="createTime" />
    <result column="update_time" jdbcType="VARCHAR" property="updateTime" />
    <result column="details_url" jdbcType="VARCHAR" property="detailsUrl" />
    <result column="diagram" jdbcType="VARCHAR" property="diagram" />
    <result column="weight" jdbcType="VARCHAR" property="weight" />
    <result column="quality_level" jdbcType="VARCHAR" property="qualityLevel" />
    <result column="guarantee_period" jdbcType="VARCHAR" property="guaranteePeriod" />
    <result column="save_method" jdbcType="VARCHAR" property="saveMethod" />
    <result column="score" jdbcType="DECIMAL" property="score" />
    <result column="discounts" jdbcType="DECIMAL" property="discounts" />
    <result column="token" jdbcType="DECIMAL" property="token" />
    <result column="packing" jdbcType="VARCHAR" property="packing" />
    <result column="number" jdbcType="VARCHAR" property="number" />
    <result column="business_id" jdbcType="VARCHAR" property="businessId" />
    <result column="rate_template_id" jdbcType="VARCHAR" property="rateTemplateId" />
  </resultMap>
  <sql id="Base_Column_List">
    id, name, details, img_url, state, create_time, update_time, details_url, diagram, 
    weight, quality_level, guarantee_period, save_method, score, discounts, token, packing, 
    number, business_id, rate_template_id
  </sql>
  <select id="selectByPrimaryKey" parameterType="java.lang.String" resultMap="BaseResultMap">
    select 
    <include refid="Base_Column_List" />
    from t_welfarecommodity
    where id = #{id,jdbcType=VARCHAR}
  </select>
  <delete id="deleteByPrimaryKey" parameterType="java.lang.String">
    delete from t_welfarecommodity
    where id = #{id,jdbcType=VARCHAR}
  </delete>
  <insert id="insert" parameterType="com.zng.model.TWelfarecommodity">
    insert into t_welfarecommodity (id, name, details, 
      img_url, state, create_time, 
      update_time, details_url, diagram, 
      weight, quality_level, guarantee_period, 
      save_method, score, discounts, 
      token, packing, number, 
      business_id, rate_template_id)
    values (#{id,jdbcType=VARCHAR}, #{name,jdbcType=VARCHAR}, #{details,jdbcType=VARCHAR}, 
      #{imgUrl,jdbcType=VARCHAR}, #{state,jdbcType=VARCHAR}, #{createTime,jdbcType=VARCHAR}, 
      #{updateTime,jdbcType=VARCHAR}, #{detailsUrl,jdbcType=VARCHAR}, #{diagram,jdbcType=VARCHAR}, 
      #{weight,jdbcType=VARCHAR}, #{qualityLevel,jdbcType=VARCHAR}, #{guaranteePeriod,jdbcType=VARCHAR}, 
      #{saveMethod,jdbcType=VARCHAR}, #{score,jdbcType=DECIMAL}, #{discounts,jdbcType=DECIMAL}, 
      #{token,jdbcType=DECIMAL}, #{packing,jdbcType=VARCHAR}, #{number,jdbcType=VARCHAR}, 
      #{businessId,jdbcType=VARCHAR}, #{rateTemplateId,jdbcType=VARCHAR})
  </insert>
  <insert id="insertSelective" parameterType="com.zng.model.TWelfarecommodity">
    insert into t_welfarecommodity
    <trim prefix="(" suffix=")" suffixOverrides=",">
      <if test="id != null">
        id,
      </if>
      <if test="name != null">
        name,
      </if>
      <if test="details != null">
        details,
      </if>
      <if test="imgUrl != null">
        img_url,
      </if>
      <if test="state != null">
        state,
      </if>
      <if test="createTime != null">
        create_time,
      </if>
      <if test="updateTime != null">
        update_time,
      </if>
      <if test="detailsUrl != null">
        details_url,
      </if>
      <if test="diagram != null">
        diagram,
      </if>
      <if test="weight != null">
        weight,
      </if>
      <if test="qualityLevel != null">
        quality_level,
      </if>
      <if test="guaranteePeriod != null">
        guarantee_period,
      </if>
      <if test="saveMethod != null">
        save_method,
      </if>
      <if test="score != null">
        score,
      </if>
      <if test="discounts != null">
        discounts,
      </if>
      <if test="token != null">
        token,
      </if>
      <if test="packing != null">
        packing,
      </if>
      <if test="number != null">
        number,
      </if>
      <if test="businessId != null">
        business_id,
      </if>
      <if test="rateTemplateId != null">
        rate_template_id,
      </if>
    </trim>
    <trim prefix="values (" suffix=")" suffixOverrides=",">
      <if test="id != null">
        #{id,jdbcType=VARCHAR},
      </if>
      <if test="name != null">
        #{name,jdbcType=VARCHAR},
      </if>
      <if test="details != null">
        #{details,jdbcType=VARCHAR},
      </if>
      <if test="imgUrl != null">
        #{imgUrl,jdbcType=VARCHAR},
      </if>
      <if test="state != null">
        #{state,jdbcType=VARCHAR},
      </if>
      <if test="createTime != null">
        #{createTime,jdbcType=VARCHAR},
      </if>
      <if test="updateTime != null">
        #{updateTime,jdbcType=VARCHAR},
      </if>
      <if test="detailsUrl != null">
        #{detailsUrl,jdbcType=VARCHAR},
      </if>
      <if test="diagram != null">
        #{diagram,jdbcType=VARCHAR},
      </if>
      <if test="weight != null">
        #{weight,jdbcType=VARCHAR},
      </if>
      <if test="qualityLevel != null">
        #{qualityLevel,jdbcType=VARCHAR},
      </if>
      <if test="guaranteePeriod != null">
        #{guaranteePeriod,jdbcType=VARCHAR},
      </if>
      <if test="saveMethod != null">
        #{saveMethod,jdbcType=VARCHAR},
      </if>
      <if test="score != null">
        #{score,jdbcType=DECIMAL},
      </if>
      <if test="discounts != null">
        #{discounts,jdbcType=DECIMAL},
      </if>
      <if test="token != null">
        #{token,jdbcType=DECIMAL},
      </if>
      <if test="packing != null">
        #{packing,jdbcType=VARCHAR},
      </if>
      <if test="number != null">
        #{number,jdbcType=VARCHAR},
      </if>
      <if test="businessId != null">
        #{businessId,jdbcType=VARCHAR},
      </if>
      <if test="rateTemplateId != null">
        #{rateTemplateId,jdbcType=VARCHAR},
      </if>
    </trim>
  </insert>
  <update id="updateByPrimaryKeySelective" parameterType="com.zng.model.TWelfarecommodity">
    update t_welfarecommodity
    <set>
      <if test="name != null">
        name = #{name,jdbcType=VARCHAR},
      </if>
      <if test="details != null">
        details = #{details,jdbcType=VARCHAR},
      </if>
      <if test="imgUrl != null">
        img_url = #{imgUrl,jdbcType=VARCHAR},
      </if>
      <if test="state != null">
        state = #{state,jdbcType=VARCHAR},
      </if>
      <if test="createTime != null">
        create_time = #{createTime,jdbcType=VARCHAR},
      </if>
      <if test="updateTime != null">
        update_time = #{updateTime,jdbcType=VARCHAR},
      </if>
      <if test="detailsUrl != null">
        details_url = #{detailsUrl,jdbcType=VARCHAR},
      </if>
      <if test="diagram != null">
        diagram = #{diagram,jdbcType=VARCHAR},
      </if>
      <if test="weight != null">
        weight = #{weight,jdbcType=VARCHAR},
      </if>
      <if test="qualityLevel != null">
        quality_level = #{qualityLevel,jdbcType=VARCHAR},
      </if>
      <if test="guaranteePeriod != null">
        guarantee_period = #{guaranteePeriod,jdbcType=VARCHAR},
      </if>
      <if test="saveMethod != null">
        save_method = #{saveMethod,jdbcType=VARCHAR},
      </if>
      <if test="score != null">
        score = #{score,jdbcType=DECIMAL},
      </if>
      <if test="discounts != null">
        discounts = #{discounts,jdbcType=DECIMAL},
      </if>
      <if test="token != null">
        token = #{token,jdbcType=DECIMAL},
      </if>
      <if test="packing != null">
        packing = #{packing,jdbcType=VARCHAR},
      </if>
      <if test="number != null">
        number = #{number,jdbcType=VARCHAR},
      </if>
      <if test="businessId != null">
        business_id = #{businessId,jdbcType=VARCHAR},
      </if>
      <if test="rateTemplateId != null">
        rate_template_id = #{rateTemplateId,jdbcType=VARCHAR},
      </if>
    </set>
    where id = #{id,jdbcType=VARCHAR}
  </update>
  <update id="updateByPrimaryKey" parameterType="com.zng.model.TWelfarecommodity">
    update t_welfarecommodity
    set name = #{name,jdbcType=VARCHAR},
      details = #{details,jdbcType=VARCHAR},
      img_url = #{imgUrl,jdbcType=VARCHAR},
      state = #{state,jdbcType=VARCHAR},
      create_time = #{createTime,jdbcType=VARCHAR},
      update_time = #{updateTime,jdbcType=VARCHAR},
      details_url = #{detailsUrl,jdbcType=VARCHAR},
      diagram = #{diagram,jdbcType=VARCHAR},
      weight = #{weight,jdbcType=VARCHAR},
      quality_level = #{qualityLevel,jdbcType=VARCHAR},
      guarantee_period = #{guaranteePeriod,jdbcType=VARCHAR},
      save_method = #{saveMethod,jdbcType=VARCHAR},
      score = #{score,jdbcType=DECIMAL},
      discounts = #{discounts,jdbcType=DECIMAL},
      token = #{token,jdbcType=DECIMAL},
      packing = #{packing,jdbcType=VARCHAR},
      number = #{number,jdbcType=VARCHAR},
      business_id = #{businessId,jdbcType=VARCHAR},
      rate_template_id = #{rateTemplateId,jdbcType=VARCHAR}
    where id = #{id,jdbcType=VARCHAR}
  </update>
</mapper>