<?xml version="1.0" encoding="UTF-8"?>
<!DOCTYPE mapper PUBLIC "-//mybatis.org//DTD Mapper 3.0//EN" "http://mybatis.org/dtd/mybatis-3-mapper.dtd">
<mapper namespace="com.zng.mapper.TWelfareactivityMapper">
  <resultMap id="BaseResultMap" type="com.zng.model.TWelfareactivity">
    <id column="id" jdbcType="VARCHAR" property="id" />
    <result column="name" jdbcType="VARCHAR" property="name" />
    <result column="content" jdbcType="VARCHAR" property="content" />
    <result column="state" jdbcType="VARCHAR" property="state" />
    <result column="create_time" jdbcType="VARCHAR" property="createTime" />
    <result column="update_time" jdbcType="VARCHAR" property="updateTime" />
    <result column="login_id" jdbcType="VARCHAR" property="loginId" />
    <result column="start_time" jdbcType="VARCHAR" property="startTime" />
    <result column="end_time" jdbcType="VARCHAR" property="endTime" />
    <result column="image_url" jdbcType="VARCHAR" property="imageUrl" />
    <result column="details_url" jdbcType="VARCHAR" property="detailsUrl" />
    <result column="type" jdbcType="VARCHAR" property="type" />
    <result column="participant_num" jdbcType="VARCHAR" property="participantNum" />
    <result column="surplus_number" jdbcType="VARCHAR" property="surplusNumber" />
  </resultMap>
  <sql id="Base_Column_List">
    id, name, content, state, create_time, update_time, login_id, start_time, end_time, 
    image_url, details_url, type, participant_num, surplus_number
  </sql>
  <select id="selectByPrimaryKey" parameterType="java.lang.String" resultMap="BaseResultMap">
    select 
    <include refid="Base_Column_List" />
    from t_welfareactivity
    where id = #{id,jdbcType=VARCHAR}
  </select>
  <delete id="deleteByPrimaryKey" parameterType="java.lang.String">
    delete from t_welfareactivity
    where id = #{id,jdbcType=VARCHAR}
  </delete>
  <insert id="insert" parameterType="com.zng.model.TWelfareactivity">
    insert into t_welfareactivity (id, name, content, 
      state, create_time, update_time, 
      login_id, start_time, end_time, 
      image_url, details_url, type, 
      participant_num, surplus_number)
    values (#{id,jdbcType=VARCHAR}, #{name,jdbcType=VARCHAR}, #{content,jdbcType=VARCHAR}, 
      #{state,jdbcType=VARCHAR}, #{createTime,jdbcType=VARCHAR}, #{updateTime,jdbcType=VARCHAR}, 
      #{loginId,jdbcType=VARCHAR}, #{startTime,jdbcType=VARCHAR}, #{endTime,jdbcType=VARCHAR}, 
      #{imageUrl,jdbcType=VARCHAR}, #{detailsUrl,jdbcType=VARCHAR}, #{type,jdbcType=VARCHAR}, 
      #{participantNum,jdbcType=VARCHAR}, #{surplusNumber,jdbcType=VARCHAR})
  </insert>
  <insert id="insertSelective" parameterType="com.zng.model.TWelfareactivity">
    insert into t_welfareactivity
    <trim prefix="(" suffix=")" suffixOverrides=",">
      <if test="id != null">
        id,
      </if>
      <if test="name != null">
        name,
      </if>
      <if test="content != null">
        content,
      </if>
      <if test="state != null">
        state,
      </if>
      <if test="createTime != null">
        create_time,
      </if>
      <if test="updateTime != null">
        update_time,
      </if>
      <if test="loginId != null">
        login_id,
      </if>
      <if test="startTime != null">
        start_time,
      </if>
      <if test="endTime != null">
        end_time,
      </if>
      <if test="imageUrl != null">
        image_url,
      </if>
      <if test="detailsUrl != null">
        details_url,
      </if>
      <if test="type != null">
        type,
      </if>
      <if test="participantNum != null">
        participant_num,
      </if>
      <if test="surplusNumber != null">
        surplus_number,
      </if>
    </trim>
    <trim prefix="values (" suffix=")" suffixOverrides=",">
      <if test="id != null">
        #{id,jdbcType=VARCHAR},
      </if>
      <if test="name != null">
        #{name,jdbcType=VARCHAR},
      </if>
      <if test="content != null">
        #{content,jdbcType=VARCHAR},
      </if>
      <if test="state != null">
        #{state,jdbcType=VARCHAR},
      </if>
      <if test="createTime != null">
        #{createTime,jdbcType=VARCHAR},
      </if>
      <if test="updateTime != null">
        #{updateTime,jdbcType=VARCHAR},
      </if>
      <if test="loginId != null">
        #{loginId,jdbcType=VARCHAR},
      </if>
      <if test="startTime != null">
        #{startTime,jdbcType=VARCHAR},
      </if>
      <if test="endTime != null">
        #{endTime,jdbcType=VARCHAR},
      </if>
      <if test="imageUrl != null">
        #{imageUrl,jdbcType=VARCHAR},
      </if>
      <if test="detailsUrl != null">
        #{detailsUrl,jdbcType=VARCHAR},
      </if>
      <if test="type != null">
        #{type,jdbcType=VARCHAR},
      </if>
      <if test="participantNum != null">
        #{participantNum,jdbcType=VARCHAR},
      </if>
      <if test="surplusNumber != null">
        #{surplusNumber,jdbcType=VARCHAR},
      </if>
    </trim>
  </insert>
  <update id="updateByPrimaryKeySelective" parameterType="com.zng.model.TWelfareactivity">
    update t_welfareactivity
    <set>
      <if test="name != null">
        name = #{name,jdbcType=VARCHAR},
      </if>
      <if test="content != null">
        content = #{content,jdbcType=VARCHAR},
      </if>
      <if test="state != null">
        state = #{state,jdbcType=VARCHAR},
      </if>
      <if test="createTime != null">
        create_time = #{createTime,jdbcType=VARCHAR},
      </if>
      <if test="updateTime != null">
        update_time = #{updateTime,jdbcType=VARCHAR},
      </if>
      <if test="loginId != null">
        login_id = #{loginId,jdbcType=VARCHAR},
      </if>
      <if test="startTime != null">
        start_time = #{startTime,jdbcType=VARCHAR},
      </if>
      <if test="endTime != null">
        end_time = #{endTime,jdbcType=VARCHAR},
      </if>
      <if test="imageUrl != null">
        image_url = #{imageUrl,jdbcType=VARCHAR},
      </if>
      <if test="detailsUrl != null">
        details_url = #{detailsUrl,jdbcType=VARCHAR},
      </if>
      <if test="type != null">
        type = #{type,jdbcType=VARCHAR},
      </if>
      <if test="participantNum != null">
        participant_num = #{participantNum,jdbcType=VARCHAR},
      </if>
      <if test="surplusNumber != null">
        surplus_number = #{surplusNumber,jdbcType=VARCHAR},
      </if>
    </set>
    where id = #{id,jdbcType=VARCHAR}
  </update>
  <update id="updateByPrimaryKey" parameterType="com.zng.model.TWelfareactivity">
    update t_welfareactivity
    set name = #{name,jdbcType=VARCHAR},
      content = #{content,jdbcType=VARCHAR},
      state = #{state,jdbcType=VARCHAR},
      create_time = #{createTime,jdbcType=VARCHAR},
      update_time = #{updateTime,jdbcType=VARCHAR},
      login_id = #{loginId,jdbcType=VARCHAR},
      start_time = #{startTime,jdbcType=VARCHAR},
      end_time = #{endTime,jdbcType=VARCHAR},
      image_url = #{imageUrl,jdbcType=VARCHAR},
      details_url = #{detailsUrl,jdbcType=VARCHAR},
      type = #{type,jdbcType=VARCHAR},
      participant_num = #{participantNum,jdbcType=VARCHAR},
      surplus_number = #{surplusNumber,jdbcType=VARCHAR}
    where id = #{id,jdbcType=VARCHAR}
  </update>
</mapper>