<?xml version="1.0" encoding="UTF-8"?>
<!DOCTYPE mapper PUBLIC "-//mybatis.org//DTD Mapper 3.0//EN" "http://mybatis.org/dtd/mybatis-3-mapper.dtd">
<mapper namespace="com.zng.mapper.TZngoutMapper">
  <resultMap id="BaseResultMap" type="com.zng.model.TZngout">
    <id column="id" jdbcType="VARCHAR" property="id" />
    <result column="zng" jdbcType="DECIMAL" property="zng" />
    <result column="wsd" jdbcType="DECIMAL" property="wsd" />
    <result column="login_id" jdbcType="VARCHAR" property="loginId" />
    <result column="wallet_address" jdbcType="VARCHAR" property="walletAddress" />
    <result column="create_time" jdbcType="VARCHAR" property="createTime" />
    <result column="update_time" jdbcType="VARCHAR" property="updateTime" />
    <result column="state" jdbcType="VARCHAR" property="state" />
    <result column="fee" jdbcType="DECIMAL" property="fee" />
    <result column="phone" jdbcType="VARCHAR" property="phone" />
    <result column="name" jdbcType="VARCHAR" property="name" />
  </resultMap>
  <sql id="Base_Column_List">
    id, zng, wsd, login_id, wallet_address, create_time, update_time, state, fee, phone, 
    name
  </sql>
  <select id="selectByPrimaryKey" parameterType="java.lang.String" resultMap="BaseResultMap">
    select 
    <include refid="Base_Column_List" />
    from t_zngout
    where id = #{id,jdbcType=VARCHAR}
  </select>
  <delete id="deleteByPrimaryKey" parameterType="java.lang.String">
    delete from t_zngout
    where id = #{id,jdbcType=VARCHAR}
  </delete>
  <insert id="insert" parameterType="com.zng.model.TZngout">
    insert into t_zngout (id, zng, wsd, 
      login_id, wallet_address, create_time, 
      update_time, state, fee, 
      phone, name)
    values (#{id,jdbcType=VARCHAR}, #{zng,jdbcType=DECIMAL}, #{wsd,jdbcType=DECIMAL}, 
      #{loginId,jdbcType=VARCHAR}, #{walletAddress,jdbcType=VARCHAR}, #{createTime,jdbcType=VARCHAR}, 
      #{updateTime,jdbcType=VARCHAR}, #{state,jdbcType=VARCHAR}, #{fee,jdbcType=DECIMAL}, 
      #{phone,jdbcType=VARCHAR}, #{name,jdbcType=VARCHAR})
  </insert>
  <insert id="insertSelective" parameterType="com.zng.model.TZngout">
    insert into t_zngout
    <trim prefix="(" suffix=")" suffixOverrides=",">
      <if test="id != null">
        id,
      </if>
      <if test="zng != null">
        zng,
      </if>
      <if test="wsd != null">
        wsd,
      </if>
      <if test="loginId != null">
        login_id,
      </if>
      <if test="walletAddress != null">
        wallet_address,
      </if>
      <if test="createTime != null">
        create_time,
      </if>
      <if test="updateTime != null">
        update_time,
      </if>
      <if test="state != null">
        state,
      </if>
      <if test="fee != null">
        fee,
      </if>
      <if test="phone != null">
        phone,
      </if>
      <if test="name != null">
        name,
      </if>
    </trim>
    <trim prefix="values (" suffix=")" suffixOverrides=",">
      <if test="id != null">
        #{id,jdbcType=VARCHAR},
      </if>
      <if test="zng != null">
        #{zng,jdbcType=DECIMAL},
      </if>
      <if test="wsd != null">
        #{wsd,jdbcType=DECIMAL},
      </if>
      <if test="loginId != null">
        #{loginId,jdbcType=VARCHAR},
      </if>
      <if test="walletAddress != null">
        #{walletAddress,jdbcType=VARCHAR},
      </if>
      <if test="createTime != null">
        #{createTime,jdbcType=VARCHAR},
      </if>
      <if test="updateTime != null">
        #{updateTime,jdbcType=VARCHAR},
      </if>
      <if test="state != null">
        #{state,jdbcType=VARCHAR},
      </if>
      <if test="fee != null">
        #{fee,jdbcType=DECIMAL},
      </if>
      <if test="phone != null">
        #{phone,jdbcType=VARCHAR},
      </if>
      <if test="name != null">
        #{name,jdbcType=VARCHAR},
      </if>
    </trim>
  </insert>
  <update id="updateByPrimaryKeySelective" parameterType="com.zng.model.TZngout">
    update t_zngout
    <set>
      <if test="zng != null">
        zng = #{zng,jdbcType=DECIMAL},
      </if>
      <if test="wsd != null">
        wsd = #{wsd,jdbcType=DECIMAL},
      </if>
      <if test="loginId != null">
        login_id = #{loginId,jdbcType=VARCHAR},
      </if>
      <if test="walletAddress != null">
        wallet_address = #{walletAddress,jdbcType=VARCHAR},
      </if>
      <if test="createTime != null">
        create_time = #{createTime,jdbcType=VARCHAR},
      </if>
      <if test="updateTime != null">
        update_time = #{updateTime,jdbcType=VARCHAR},
      </if>
      <if test="state != null">
        state = #{state,jdbcType=VARCHAR},
      </if>
      <if test="fee != null">
        fee = #{fee,jdbcType=DECIMAL},
      </if>
      <if test="phone != null">
        phone = #{phone,jdbcType=VARCHAR},
      </if>
      <if test="name != null">
        name = #{name,jdbcType=VARCHAR},
      </if>
    </set>
    where id = #{id,jdbcType=VARCHAR}
  </update>
  <update id="updateByPrimaryKey" parameterType="com.zng.model.TZngout">
    update t_zngout
    set zng = #{zng,jdbcType=DECIMAL},
      wsd = #{wsd,jdbcType=DECIMAL},
      login_id = #{loginId,jdbcType=VARCHAR},
      wallet_address = #{walletAddress,jdbcType=VARCHAR},
      create_time = #{createTime,jdbcType=VARCHAR},
      update_time = #{updateTime,jdbcType=VARCHAR},
      state = #{state,jdbcType=VARCHAR},
      fee = #{fee,jdbcType=DECIMAL},
      phone = #{phone,jdbcType=VARCHAR},
      name = #{name,jdbcType=VARCHAR}
    where id = #{id,jdbcType=VARCHAR}
  </update>
</mapper>